source_id,true_sigma,noise_std,scenario,model,operator_info,strength,mse,psnr_db,inverse_seconds,tuning_sources
0801,1.2,0.00784313725490196,blur_noise,gradient,nominal,0.05,0.00021511488496913357,36.673295373749866,0.021333810000214726,0802;0803;0804
0801,1.2,0.00784313725490196,blur_noise_jpeg,gradient,nominal,0.05,0.00026137638827790686,35.82733647450855,0.020408140000654384,0802;0803;0804
0801,1.2,0.0196078431372549,blur_noise,gradient,nominal,0.05,0.00041903878695610536,33.77745776123483,0.021806533997732913,0802;0803;0804
0801,1.2,0.0196078431372549,blur_noise_jpeg,gradient,nominal,0.05,0.00038560112519438975,34.13861707484452,0.01878617799957283,0802;0803;0804
0801,1.6,0.00784313725490196,blur_noise,gradient,nominal,0.05,0.0004023844832053559,33.953587749407504,0.01613912200264167,0802;0803;0804
0801,1.6,0.00784313725490196,blur_noise_jpeg,gradient,nominal,0.05,0.00043308017122319005,33.634317001895525,0.021532891998504056,0802;0803;0804
0801,1.6,0.0196078431372549,blur_noise,gradient,nominal,0.05,0.0006064318610494812,32.17217989575077,0.016439562998129986,0802;0803;0804
0801,1.6,0.0196078431372549,blur_noise_jpeg,gradient,nominal,0.05,0.0005604860606349335,32.51435183897926,0.01692198099772213,0802;0803;0804
0801,2.0,0.00784313725490196,blur_noise,gradient,nominal,0.05,0.0006276942818912379,32.02251827625207,0.01702429199940525,0802;0803;0804
0801,2.0,0.00784313725490196,blur_noise_jpeg,gradient,nominal,0.05,0.0006471613044299987,31.88987458291539,0.01681883000128437,0802;0803;0804
0801,2.0,0.0196078431372549,blur_noise,gradient,nominal,0.05,0.0008318501912634467,30.79954879196938,0.018893797001510393,0802;0803;0804
0801,2.0,0.0196078431372549,blur_noise_jpeg,gradient,nominal,0.05,0.0007778655507123849,31.090954616602385,0.01817913700142526,0802;0803;0804
0801,1.2,0.00784313725490196,blur_noise,gradient,oracle_blur,0.05,0.00019278407638178947,37.149288408954206,0.02162260400291416,0802;0803;0804
0801,1.2,0.00784313725490196,blur_noise_jpeg,gradient,oracle_blur,0.05,0.00024316335471528754,36.141018736595015,0.019392278998566326,0802;0803;0804
0801,1.2,0.0196078431372549,blur_noise,gradient,oracle_blur,0.05,0.00037497109229040593,34.26002212119428,0.020640321999962907,0802;0803;0804
0801,1.2,0.0196078431372549,blur_noise_jpeg,gradient,oracle_blur,0.05,0.0003748406346417746,34.26153335489361,0.018962447000376415,0802;0803;0804
0801,1.6,0.00784313725490196,blur_noise,gradient,oracle_blur,0.05,0.0002882526822929542,35.40226642751012,0.016300637998938328,0802;0803;0804
0801,1.6,0.00784313725490196,blur_noise_jpeg,gradient,oracle_blur,0.05,0.00033297212602005595,34.77592120915172,0.016056009000749327,0802;0803;0804
0801,1.6,0.0196078431372549,blur_noise,gradient,oracle_blur,0.05,0.0004444137819233792,33.52212481413294,0.0174154960004671,0802;0803;0804
0801,1.6,0.0196078431372549,blur_noise_jpeg,gradient,oracle_blur,0.05,0.0004751085110899542,33.23207189563337,0.01646421899931738,0802;0803;0804
0801,2.0,0.00784313725490196,blur_noise,gradient,oracle_blur,0.05,0.0003878409730011447,34.11346312306463,0.016315040000336012,0802;0803;0804
0801,2.0,0.00784313725490196,blur_noise_jpeg,gradient,oracle_blur,0.05,0.0004310042092685049,33.65518488416628,0.016098000000056345,0802;0803;0804
0801,2.0,0.0196078431372549,blur_noise,gradient,oracle_blur,0.05,0.0005288611234298975,32.766583567859364,0.01988301899837097,0802;0803;0804
0801,2.0,0.0196078431372549,blur_noise_jpeg,gradient,oracle_blur,0.05,0.0005756332876549756,32.39854099678336,0.017884054002934135,0802;0803;0804
0801,1.2,0.00784313725490196,blur_noise,ridge,nominal,0.05,0.0010555427854123335,29.765241582901133,0.08596433600177988,0802;0803;0804
0801,1.2,0.00784313725490196,blur_noise_jpeg,ridge,nominal,0.05,0.0010768522095918316,29.67843896481948,0.017539817999931984,0802;0803;0804
0801,1.2,0.0196078431372549,blur_noise,ridge,nominal,0.05,0.001540811229490518,28.122505650533967,0.02239170299799298,0802;0803;0804
0801,1.2,0.0196078431372549,blur_noise_jpeg,ridge,nominal,0.05,0.0012897479515589462,28.894951532219366,0.016639556000882294,0802;0803;0804
0801,1.6,0.00784313725490196,blur_noise,ridge,nominal,0.05,0.0012811150768180415,28.9241185777882,0.015805701998033328,0802;0803;0804
0801,1.6,0.00784313725490196,blur_noise_jpeg,ridge,nominal,0.05,0.0012738864694367695,28.948692752143025,0.017559337000420783,0802;0803;0804
0801,1.6,0.0196078431372549,blur_noise,ridge,nominal,0.05,0.0017665373353111056,27.52877179430241,0.016351834001397947,0802;0803;0804
0801,1.6,0.0196078431372549,blur_noise_jpeg,ridge,nominal,0.05,0.0014901144815487953,28.2678036461122,0.01653335000082734,0802;0803;0804
0801,2.0,0.00784313725490196,blur_noise,ridge,nominal,0.05,0.0015333853251044288,28.143486973708146,0.016649181001412217,0802;0803;0804
0801,2.0,0.00784313725490196,blur_noise_jpeg,ridge,nominal,0.05,0.001510462476387274,28.20890059202595,0.016246349001448834,0802;0803;0804
0801,2.0,0.0196078431372549,blur_noise,ridge,nominal,0.05,0.0020190319969265627,26.948567984518373,0.01619691599989892,0802;0803;0804
0801,2.0,0.0196078431372549,blur_noise_jpeg,ridge,nominal,0.05,0.001729300427737542,27.62129551101744,0.01823456900092424,0802;0803;0804
0801,1.2,0.00784313725490196,blur_noise,ridge,oracle_blur,0.01,0.0004406070869973286,33.55948521667594,0.10154704500018852,0802;0803;0804
0801,1.2,0.00784313725490196,blur_noise_jpeg,ridge,oracle_blur,0.01,0.0004198489313776106,33.76906947866742,0.02283568599887076,0802;0803;0804
0801,1.2,0.0196078431372549,blur_noise,ridge,oracle_blur,0.01,0.0021806759344786025,26.614088691873352,0.01938749100008863,0802;0803;0804
0801,1.2,0.0196078431372549,blur_noise_jpeg,ridge,oracle_blur,0.01,0.001147684668960411,29.401774197272893,0.019434711000940297,0802;0803;0804
0801,1.6,0.00784313725490196,blur_noise,ridge,oracle_blur,0.01,0.0003837226760861972,34.15982535416971,0.016170017002878012,0802;0803;0804
0801,1.6,0.00784313725490196,blur_noise_jpeg,ridge,oracle_blur,0.01,0.00045378777957112774,33.43147203771239,0.017214651001268066,0802;0803;0804
0801,1.6,0.0196078431372549,blur_noise,ridge,oracle_blur,0.01,0.0013685534973119813,28.637382211743695,0.016228243002842646,0802;0803;0804
0801,1.6,0.0196078431372549,blur_noise_jpeg,ridge,oracle_blur,0.01,0.0011432745202114205,29.41849475380635,0.017587007001566235,0802;0803;0804
0801,2.0,0.00784313725490196,blur_noise,ridge,oracle_blur,0.01,0.00041968775846238277,33.77073698193256,0.016663551999954507,0802;0803;0804
0801,2.0,0.00784313725490196,blur_noise_jpeg,ridge,oracle_blur,0.01,0.0005058925070010619,32.959417530725375,0.01805676699950709,0802;0803;0804
0801,2.0,0.0196078431372549,blur_noise,ridge,oracle_blur,0.01,0.001050408514591343,29.786417665215392,0.017315699999016942,0802;0803;0804
0801,2.0,0.0196078431372549,blur_noise_jpeg,ridge,oracle_blur,0.01,0.0010830631983001838,29.653462009257012,0.018083806997310603,0802;0803;0804
0802,1.2,0.00784313725490196,blur_noise,gradient,nominal,0.05,0.00030475289924747166,35.160521540567856,0.02171336800165591,0801;0803;0804
0802,1.2,0.00784313725490196,blur_noise_jpeg,gradient,nominal,0.05,0.00042477585754293706,33.71840174680439,0.01844837200042093,0801;0803;0804
0802,1.2,0.0196078431372549,blur_noise,gradient,nominal,0.05,0.0005041792667341004,32.97415017699857,0.019233696002629586,0801;0803;0804
0802,1.2,0.0196078431372549,blur_noise_jpeg,gradient,nominal,0.05,0.0005350824860636133,32.71579263808792,0.01632081700154231,0801;0803;0804
0802,1.6,0.00784313725490196,blur_noise,gradient,nominal,0.05,0.000528596443465465,32.768757632408565,0.01670115600063582,0801;0803;0804
0802,1.6,0.00784313725490196,blur_noise_jpeg,gradient,nominal,0.05,0.0006192831276310665,32.0811075218249,0.016278874998533865,0801;0803;0804
0802,1.6,0.0196078431372549,blur_noise,gradient,nominal,0.05,0.0007283093924725009,31.376840892319496,0.01770271699933801,0801;0803;0804
0802,1.6,0.0196078431372549,blur_noise_jpeg,gradient,nominal,0.05,0.0007277680848547125,31.38006993645909,0.016549484000279335,0801;0803;0804
0802,2.0,0.00784313725490196,blur_noise,gradient,nominal,0.05,0.0007583373385610572,31.201375599546118,0.018263982001371915,0801;0803;0804
0802,2.0,0.00784313725490196,blur_noise_jpeg,gradient,nominal,0.05,0.0008242567869054668,30.839374682024516,0.019647563000035007,0801;0803;0804
0802,2.0,0.0196078431372549,blur_noise,gradient,nominal,0.05,0.0009581017095757137,30.18588384905987,0.018821841000317363,0801;0803;0804
0802,2.0,0.0196078431372549,blur_noise_jpeg,gradient,nominal,0.05,0.000935255674985869,30.29069647890441,0.023452080000424758,0801;0803;0804
0802,1.2,0.00784313725490196,blur_noise,gradient,oracle_blur,0.05,0.000281838636402436,35.49999471034344,0.022750651001842925,0801;0803;0804
0802,1.2,0.00784313725490196,blur_noise_jpeg,gradient,oracle_blur,0.05,0.000405102306075967,33.92435284554707,0.01755732300080126,0801;0803;0804
0802,1.2,0.0196078431372549,blur_noise,gradient,oracle_blur,0.05,0.0004606743594932417,33.36605959313387,0.02057348300149897,0801;0803;0804
0802,1.2,0.0196078431372549,blur_noise_jpeg,gradient,oracle_blur,0.05,0.0005218036116632015,32.82492919256552,0.017675466999207856,0801;0803;0804
0802,1.6,0.00784313725490196,blur_noise,gradient,oracle_blur,0.05,0.0004208609813459688,33.75861336479676,0.019180647999746725,0801;0803;0804
0802,1.6,0.00784313725490196,blur_noise_jpeg,gradient,oracle_blur,0.05,0.0005302566378231912,32.755138862212256,0.016534832000616007,0801;0803;0804
0802,1.6,0.0196078431372549,blur_noise,gradient,oracle_blur,0.05,0.000573884551136018,32.411754662213035,0.02035415099817328,0801;0803;0804
0802,1.6,0.0196078431372549,blur_noise_jpeg,gradient,oracle_blur,0.05,0.0006499701273310226,31.87106603100874,0.016638063003483694,0801;0803;0804
0802,2.0,0.00784313725490196,blur_noise,gradient,oracle_blur,0.05,0.000557825308477778,32.53501785726292,0.018612583000503946,0801;0803;0804
0802,2.0,0.00784313725490196,blur_noise_jpeg,gradient,oracle_blur,0.05,0.0006570070737990184,31.82429954496016,0.02096980500209611,0801;0803;0804
0802,2.0,0.0196078431372549,blur_noise,gradient,oracle_blur,0.05,0.0006946901622674642,31.582088512670097,0.017088675002014497,0801;0803;0804
0802,2.0,0.0196078431372549,blur_noise_jpeg,gradient,oracle_blur,0.05,0.0007758728652654563,31.102094365215883,0.02219518400306697,0801;0803;0804
0802,1.2,0.00784313725490196,blur_noise,ridge,nominal,0.05,0.0007326472249801179,31.35105091012374,0.022330603998852894,0801;0803;0804
0802,1.2,0.00784313725490196,blur_noise_jpeg,ridge,nominal,0.05,0.0008614993292957092,30.64745056327718,0.016875883000466274,0801;0803;0804
0802,1.2,0.0196078431372549,blur_noise,ridge,nominal,0.05,0.0011922661456864245,29.236267876317406,0.021746014997916063,0801;0803;0804
0802,1.2,0.0196078431372549,blur_noise_jpeg,ridge,nominal,0.05,0.0010447903520487186,29.80970846474198,0.017004041001200676,0801;0803;0804
0802,1.6,0.00784313725490196,blur_noise,ridge,nominal,0.05,0.0009984418631514675,30.006772179716247,0.016005985002266243,0801;0803;0804
0802,1.6,0.00784313725490196,blur_noise_jpeg,ridge,nominal,0.05,0.001075206911641923,29.685079525507593,0.017423107001377502,0801;0803;0804
0802,1.6,0.0196078431372549,blur_noise,ridge,nominal,0.05,0.0014595453450453252,28.357824078379736,0.016941288999078097,0801;0803;0804
0802,1.6,0.0196078431372549,blur_noise_jpeg,ridge,nominal,0.05,0.0012584182339246232,29.001749976038763,0.01632178999716416,0801;0803;0804
0802,2.0,0.00784313725490196,blur_noise,ridge,nominal,0.05,0.0012546057738259738,29.014927181258088,0.018509031000576215,0801;0803;0804
0802,2.0,0.00784313725490196,blur_noise_jpeg,ridge,nominal,0.05,0.0012954587019825216,28.875764273612784,0.0215943729999708,0801;0803;0804
0802,2.0,0.0196078431372549,blur_noise,ridge,nominal,0.05,0.0017165841755362732,27.65334895369845,0.01726773799964576,0801;0803;0804
0802,2.0,0.0196078431372549,blur_noise_jpeg,ridge,nominal,0.05,0.001481806924163643,28.292083801845735,0.023858336000557756,0801;0803;0804
0802,1.2,0.00784313725490196,blur_noise,ridge,oracle_blur,0.01,0.0004597257535400071,33.37501166671637,0.022355499997502193,0801;0803;0804
0802,1.2,0.00784313725490196,blur_noise_jpeg,ridge,oracle_blur,0.01,0.0006631196309949788,31.78408115042906,0.02400330000091344,0801;0803;0804
0802,1.2,0.0196078431372549,blur_noise,ridge,oracle_blur,0.01,0.0020341921593642104,26.91608023974886,0.019192184001440182,0801;0803;0804
0802,1.2,0.0196078431372549,blur_noise_jpeg,ridge,oracle_blur,0.01,0.001283371575936718,28.916475836754483,0.017779990997951245,0801;0803;0804
0802,1.6,0.00784313725490196,blur_noise,ridge,oracle_blur,0.01,0.00045511727918348894,33.418766755646146,0.017317161000391934,0801;0803;0804
0802,1.6,0.00784313725490196,blur_noise_jpeg,ridge,oracle_blur,0.01,0.000700095343715184,31.54842810800456,0.0171486229992297,0801;0803;0804
0802,1.6,0.0196078431372549,blur_noise,ridge,oracle_blur,0.01,0.0013704383579270865,28.63140494173504,0.0188760889977857,0801;0803;0804
0802,1.6,0.0196078431372549,blur_noise_jpeg,ridge,oracle_blur,0.01,0.0012821549169323152,28.92059497824883,0.01671632900252007,0801;0803;0804
0802,2.0,0.00784313725490196,blur_noise,ridge,oracle_blur,0.01,0.0005371826674902806,32.69878008540116,0.017867438997200225,0801;0803;0804
0802,2.0,0.00784313725490196,blur_noise_jpeg,ridge,oracle_blur,0.01,0.0007646935941445897,31.165125478904592,0.01935691600010614,0801;0803;0804
0802,2.0,0.0196078431372549,blur_noise,ridge,oracle_blur,0.01,0.0011314501793035462,29.46364564404711,0.018002701999648707,0801;0803;0804
0802,2.0,0.0196078431372549,blur_noise_jpeg,ridge,oracle_blur,0.01,0.0012509036425301016,29.027761428478982,0.023683911000262015,0801;0803;0804
0803,1.2,0.00784313725490196,blur_noise,gradient,nominal,0.05,0.00026086608777842565,35.835823748973255,0.018967935000546277,0801;0802;0804
0803,1.2,0.00784313725490196,blur_noise_jpeg,gradient,nominal,0.05,0.0003502720371925537,34.55594531759388,0.019455030000244733,0801;0802;0804
0803,1.2,0.0196078431372549,blur_noise,gradient,nominal,0.05,0.00046369670201900894,33.3376599295483,0.016036230001191143,0801;0802;0804
0803,1.2,0.0196078431372549,blur_noise_jpeg,gradient,nominal,0.05,0.0004723437984685535,33.25741782241864,0.01872563999859267,0801;0802;0804
0803,1.6,0.00784313725490196,blur_noise,gradient,nominal,0.05,0.0005577622239255963,32.53550902935188,0.01727857399964705,0801;0802;0804
0803,1.6,0.00784313725490196,blur_noise_jpeg,gradient,nominal,0.05,0.0006297656064780769,32.00821061267994,0.020469809998758137,0801;0802;0804
0803,1.6,0.0196078431372549,blur_noise,gradient,nominal,0.05,0.0007604852172716309,31.189092235830486,0.018789352998282993,0801;0802;0804
0803,1.6,0.0196078431372549,blur_noise_jpeg,gradient,nominal,0.05,0.0007508031095542729,31.244739373566777,0.016816565999761224,0801;0802;0804
0803,2.0,0.00784313725490196,blur_noise,gradient,nominal,0.05,0.0009169292582195491,30.376641691827615,0.021158191997528775,0801;0802;0804
0803,2.0,0.00784313725490196,blur_noise_jpeg,gradient,nominal,0.05,0.0009773433204245893,30.099528508415045,0.019403745001909556,0801;0802;0804
0803,2.0,0.0196078431372549,blur_noise,gradient,nominal,0.05,0.001119518349092956,29.509687838674317,0.021219831996859284,0801;0802;0804
0803,2.0,0.0196078431372549,blur_noise_jpeg,gradient,nominal,0.05,0.0010994713825810208,29.58816070122102,0.0217614479988697,0801;0802;0804
0803,1.2,0.00784313725490196,blur_noise,gradient,oracle_blur,0.05,0.00022418769969673015,36.49388219129,0.01887109299786971,0801;0802;0804
0803,1.2,0.00784313725490196,blur_noise_jpeg,gradient,oracle_blur,0.05,0.00032043431943057496,34.94260975917631,0.01838841399876401,0801;0802;0804
0803,1.2,0.0196078431372549,blur_noise,gradient,oracle_blur,0.05,0.0004054248076474703,33.920896806682265,0.016271976001007715,0801;0802;0804
0803,1.2,0.0196078431372549,blur_noise_jpeg,gradient,oracle_blur,0.05,0.0004484989785054698,33.48238541761345,0.018633053001394728,0801;0802;0804
0803,1.6,0.00784313725490196,blur_noise,gradient,oracle_blur,0.05,0.0003752615126067431,34.256659752075834,0.0170455529987521,0801;0802;0804
0803,1.6,0.00784313725490196,blur_noise_jpeg,gradient,oracle_blur,0.05,0.00047110720785155494,33.268802510871545,0.016626306001853663,0801;0802;0804
0803,1.6,0.0196078431372549,blur_noise,gradient,oracle_blur,0.05,0.0005311671832845664,32.74768764511052,0.017482854000263615,0801;0802;0804
0803,1.6,0.0196078431372549,blur_noise_jpeg,gradient,oracle_blur,0.05,0.0006034160834224417,32.19383118343119,0.017137155999080278,0801;0802;0804
0803,2.0,0.00784313725490196,blur_noise,gradient,oracle_blur,0.05,0.0005454431940180669,32.63250472956707,0.020650867001677398,0801;0802;0804
0803,2.0,0.00784313725490196,blur_noise_jpeg,gradient,oracle_blur,0.05,0.0006401913963329755,31.936901667276892,0.020595796002453426,0801;0802;0804
0803,2.0,0.0196078431372549,blur_noise,gradient,oracle_blur,0.05,0.0006861757052533567,31.63564662644156,0.021464871999341995,0801;0802;0804
0803,2.0,0.0196078431372549,blur_noise_jpeg,gradient,oracle_blur,0.05,0.0007751522050574833,31.10613013201503,0.019711576998815872,0801;0802;0804
0803,1.2,0.00784313725490196,blur_noise,ridge,nominal,0.05,0.0008704940644212248,30.602341858308513,0.01998481899863691,0801;0802;0804
0803,1.2,0.00784313725490196,blur_noise_jpeg,ridge,nominal,0.05,0.0009669178206287493,30.14610435497231,0.017999302999669453,0801;0802;0804
0803,1.2,0.0196078431372549,blur_noise,ridge,nominal,0.05,0.0013541154336290783,28.68344311979326,0.016103538997413125,0801;0802;0804
0803,1.2,0.0196078431372549,blur_noise_jpeg,ridge,nominal,0.05,0.001175369894073416,29.298254374987987,0.017704189001960913,0801;0802;0804
0803,1.6,0.00784313725490196,blur_noise,ridge,nominal,0.05,0.0012191373573411054,29.139473606862506,0.016629942001600284,0801;0802;0804
0803,1.6,0.00784313725490196,blur_noise_jpeg,ridge,nominal,0.05,0.0012805962736315028,28.925877662504348,0.01623527199990349,0801;0802;0804
0803,1.6,0.0196078431372549,blur_noise,ridge,nominal,0.05,0.0017029373981462734,27.688013168872804,0.0158668710027996,0801;0802;0804
0803,1.6,0.0196078431372549,blur_noise_jpeg,ridge,nominal,0.05,0.0014873042567863798,28.276001790726028,0.016654658000334166,0801;0802;0804
0803,2.0,0.00784313725490196,blur_noise,ridge,nominal,0.05,0.0016140210959696508,27.920907931558723,0.020396572999743512,0801;0802;0804
0803,2.0,0.00784313725490196,blur_noise_jpeg,ridge,nominal,0.05,0.0016551881380421254,27.811526347162395,0.01941248799994355,0801;0802;0804
0803,2.0,0.0196078431372549,blur_noise,ridge,nominal,0.05,0.00209792160507595,26.78210744511879,0.020467866997933015,0801;0802;0804
0803,2.0,0.0196078431372549,blur_noise_jpeg,ridge,nominal,0.05,0.001860887863730792,27.30279796471723,0.01982664599927375,0801;0802;0804
0803,1.2,0.00784313725490196,blur_noise,ridge,oracle_blur,0.01,0.00042642979974690247,33.70152453574754,0.01845596299972385,0801;0802;0804
0803,1.2,0.00784313725490196,blur_noise_jpeg,ridge,oracle_blur,0.01,0.0006204778011093302,32.07273751680451,0.019694612998137018,0801;0802;0804
0803,1.2,0.0196078431372549,blur_noise,ridge,oracle_blur,0.01,0.002119247937137993,26.738182309098406,0.01619264999681036,0801;0802;0804
0803,1.2,0.0196078431372549,blur_noise_jpeg,ridge,oracle_blur,0.01,0.0013160706905244492,28.807207826976228,0.01836416800142615,0801;0802;0804
0803,1.6,0.00784313725490196,blur_noise,ridge,oracle_blur,0.01,0.0004025211754962304,33.95211267695462,0.01625927699933527,0801;0802;0804
0803,1.6,0.00784313725490196,blur_noise_jpeg,ridge,oracle_blur,0.01,0.0006654471016881718,31.768864621397455,0.016686834998836275,0801;0802;0804
0803,1.6,0.0196078431372549,blur_noise,ridge,oracle_blur,0.01,0.0013681848122480873,28.638552348392995,0.015777941000123974,0801;0802;0804
0803,1.6,0.0196078431372549,blur_noise_jpeg,ridge,oracle_blur,0.01,0.0013080654307210677,28.83370531630718,0.01578470999811543,0801;0802;0804
0803,2.0,0.00784313725490196,blur_noise,ridge,oracle_blur,0.01,0.0004986452927506573,33.02208276377157,0.02028370699918014,0801;0802;0804
0803,2.0,0.00784313725490196,blur_noise_jpeg,ridge,oracle_blur,0.01,0.000764179631789969,31.168045420455535,0.01995943099973374,0801;0802;0804
0803,2.0,0.0196078431372549,blur_noise,ridge,oracle_blur,0.01,0.0011257083728376455,29.485741036865146,0.021393726998212514,0801;0802;0804
0803,2.0,0.0196078431372549,blur_noise_jpeg,ridge,oracle_blur,0.01,0.0012955125417242878,28.87558378297387,0.018493218001822243,0801;0802;0804
0804,1.2,0.00784313725490196,blur_noise,gradient,nominal,0.05,0.0011119667964254384,29.53908180689666,0.01841938999859849,0801;0802;0803
0804,1.2,0.00784313725490196,blur_noise_jpeg,gradient,nominal,0.05,0.0012394870460727817,29.06758007700926,0.021044143999461085,0801;0802;0803
0804,1.2,0.0196078431372549,blur_noise,gradient,nominal,0.05,0.0013146934206518183,28.81175510476431,0.016908281002542935,0801;0802;0803
0804,1.2,0.0196078431372549,blur_noise_jpeg,gradient,nominal,0.05,0.0013537236798051074,28.68469974190465,0.02223471300021629,0801;0802;0803
0804,1.6,0.00784313725490196,blur_noise,gradient,nominal,0.05,0.0018222876060825209,27.393830785829234,0.016688056999555556,0801;0802;0803
0804,1.6,0.00784313725490196,blur_noise_jpeg,gradient,nominal,0.05,0.0019081243999171528,27.19393314937786,0.019482081002934137,0801;0802;0803
0804,1.6,0.0196078431372549,blur_noise,gradient,nominal,0.05,0.0020236514312961767,26.93864291487089,0.016410118998464895,0801;0802;0803
0804,1.6,0.0196078431372549,blur_noise_jpeg,gradient,nominal,0.05,0.0020222588308930847,26.94163259410375,0.01854409299994586,0801;0802;0803
0804,2.0,0.00784313725490196,blur_noise,gradient,nominal,0.05,0.002511405397463576,26.000831767054507,0.01660845000151312,0801;0802;0803
0804,2.0,0.00784313725490196,blur_noise_jpeg,gradient,nominal,0.05,0.0025709831018973024,25.899007778016646,0.016280047999316594,0801;0802;0803
0804,2.0,0.0196078431372549,blur_noise,gradient,nominal,0.05,0.002711848504077172,25.667345757493138,0.016932446000282653,0801;0802;0803
0804,2.0,0.0196078431372549,blur_noise_jpeg,gradient,nominal,0.05,0.0026883111741496757,25.705204627780105,0.016577405000134604,0801;0802;0803
0804,1.2,0.00784313725490196,blur_noise,gradient,oracle_blur,0.05,0.0010680839829339892,29.713945975969494,0.023024341997370357,0801;0802;0803
0804,1.2,0.00784313725490196,blur_noise_jpeg,gradient,oracle_blur,0.05,0.001188288257600432,29.25078194456061,0.022072163999837358,0801;0802;0803
0804,1.2,0.0196078431372549,blur_noise,gradient,oracle_blur,0.05,0.001249470159005843,29.032741116334527,0.01710536999962642,0801;0802;0803
0804,1.2,0.0196078431372549,blur_noise_jpeg,gradient,oracle_blur,0.05,0.0013109363357018157,28.824183988703727,0.023428476000844967,0801;0802;0803
0804,1.6,0.00784313725490196,blur_noise,gradient,oracle_blur,0.05,0.0015465169217034008,28.10645323664549,0.02774775899888482,0801;0802;0803
0804,1.6,0.00784313725490196,blur_noise_jpeg,gradient,oracle_blur,0.05,0.0016387119364576375,27.85497382855418,0.01705203199890093,0801;0802;0803
0804,1.6,0.0196078431372549,blur_noise,gradient,oracle_blur,0.05,0.001700490127653486,27.694258850591392,0.016467072997329524,0801;0802;0803
0804,1.6,0.0196078431372549,blur_noise_jpeg,gradient,oracle_blur,0.05,0.001767542522555833,27.526301293900644,0.02190956000049482,0801;0802;0803
0804,2.0,0.00784313725490196,blur_noise,gradient,oracle_blur,0.05,0.001940609524435741,27.12061841449714,0.01638607399945613,0801;0802;0803
0804,2.0,0.00784313725490196,blur_noise_jpeg,gradient,oracle_blur,0.05,0.0020224067592383307,26.941314919069043,0.017638002002058784,0801;0802;0803
0804,2.0,0.0196078431372549,blur_noise,gradient,oracle_blur,0.05,0.002078206105544643,26.823113836017527,0.016835524002090096,0801;0802;0803
0804,2.0,0.0196078431372549,blur_noise_jpeg,gradient,oracle_blur,0.05,0.0021524654854339293,26.670638036865103,0.01736511100170901,0801;0802;0803
0804,1.2,0.00784313725490196,blur_noise,ridge,nominal,0.05,0.0016898890993606705,27.721417954549985,0.018488911002350505,0801;0802;0803
0804,1.2,0.00784313725490196,blur_noise_jpeg,ridge,nominal,0.05,0.0018575437481986494,27.310609491003458,0.020516098997177323,0801;0802;0803
0804,1.2,0.0196078431372549,blur_noise,ridge,nominal,0.05,0.002176818012443046,26.621778775714375,0.01609673799976008,0801;0802;0803
0804,1.2,0.0196078431372549,blur_noise_jpeg,ridge,nominal,0.05,0.0020533577575712835,26.875353766873733,0.020467277001444018,0801;0802;0803
0804,1.6,0.00784313725490196,blur_noise,ridge,nominal,0.05,0.002534472310721642,25.961124491107263,0.01701238299938268,0801;0802;0803
0804,1.6,0.00784313725490196,blur_noise_jpeg,ridge,nominal,0.05,0.002615904043693803,25.82378190798307,0.017483255000115605,0801;0802;0803
0804,1.6,0.0196078431372549,blur_noise,ridge,nominal,0.05,0.0030200507205055765,25.19985763184996,0.018077537999488413,0801;0802;0803
0804,1.6,0.0196078431372549,blur_noise_jpeg,ridge,nominal,0.05,0.0028154639493096537,25.504500292237445,0.01764017499954207,0801;0802;0803
0804,2.0,0.00784313725490196,blur_noise,ridge,nominal,0.05,0.0032896026819493555,24.82856552948813,0.016460573002405,0801;0802;0803
0804,2.0,0.00784313725490196,blur_noise_jpeg,ridge,nominal,0.05,0.00333009814200878,24.77542967122875,0.017086322000977816,0801;0802;0803
0804,2.0,0.0196078431372549,blur_noise,ridge,nominal,0.05,0.0037743201035588575,24.23161269694694,0.016439691997220507,0801;0802;0803
0804,2.0,0.0196078431372549,blur_noise_jpeg,ridge,nominal,0.05,0.003533400565800402,24.518071257534793,0.016216845000599278,0801;0802;0803
0804,1.2,0.00784313725490196,blur_noise,ridge,oracle_blur,0.01,0.0009041038047504819,30.437817031062806,0.019946633001381997,0801;0802;0803
0804,1.2,0.00784313725490196,blur_noise_jpeg,ridge,oracle_blur,0.01,0.00121175658066875,29.16584613082104,0.021923775999312056,0801;0802;0803
0804,1.2,0.0196078431372549,blur_noise,ridge,oracle_blur,0.01,0.00264706663393949,25.77235126175799,0.016908590998355066,0801;0802;0803
0804,1.2,0.0196078431372549,blur_noise_jpeg,ridge,oracle_blur,0.01,0.0019273457694644017,27.1504036510605,0.0216972939997504,0801;0802;0803
0804,1.6,0.00784313725490196,blur_noise,ridge,oracle_blur,0.01,0.0012818300776956972,28.921695420638464,0.016328789002727717,0801;0802;0803
0804,1.6,0.00784313725490196,blur_noise_jpeg,ridge,oracle_blur,0.01,0.0015204695787313092,28.180222647150437,0.017392060999554815,0801;0802;0803
0804,1.6,0.0196078431372549,blur_noise,ridge,oracle_blur,0.01,0.002269322649135124,26.441037523402148,0.016988938998110825,0801;0802;0803
0804,1.6,0.0196078431372549,blur_noise_jpeg,ridge,oracle_blur,0.01,0.0021935736554469444,26.588477783471976,0.018411859000480035,0801;0802;0803
0804,2.0,0.00784313725490196,blur_noise,ridge,oracle_blur,0.01,0.0016997369660355134,27.696182804086284,0.0165351819996431,0801;0802;0803
0804,2.0,0.00784313725490196,blur_noise_jpeg,ridge,oracle_blur,0.01,0.0019034568858874706,27.204569556939624,0.01709747799759498,0801;0802;0803
0804,2.0,0.0196078431372549,blur_noise,ridge,oracle_blur,0.01,0.002330544961923566,26.325425140457316,0.01662899999791989,0801;0802;0803
0804,2.0,0.0196078431372549,blur_noise_jpeg,ridge,oracle_blur,0.01,0.0024459414228099187,26.115539479763648,0.01578944799985038,0801;0802;0803
