observation_id,source_id,chain_id,partition,compact_byte_count,compact_sha256,shard_index
0805_j50_b16_n2,0805,j50_b16_n2,fit,3974613,49ddcc9ae2104078732bd945c491314889cf65262f0a0dac74a4f5845552ce91,0
0805_j75_b12_n2,0805,j75_b12_n2,fit,4135785,5a169f7763149723e70653e822f6af8bf2b22cfae17f7449f73fec5836520691,0
0805_j75_b16_n2,0805,j75_b16_n2,fit,4087244,eba3818e8fe580134f2059d65d126f20bb87745267097192ae5956af549d74fe,0
0805_j75_b16_n5,0805,j75_b16_n5,fit,4189015,dc5ea3bd393850757e93d709ed90c12c6d22343d4efc2e165183f3ea8fecf17a,0
0805_j75_b20_n2,0805,j75_b20_n2,fit,4039154,aaa5051c573d25c082688b2c394beb28c54e84f71b0a291dd4c08478adad11e3,0
0805_j90_b16_n2,0805,j90_b16_n2,fit,4140189,d1ce20e9de79b370b2ce25d25b552513e57c2bf151616adada055c8a72071e31,0
0805_q8_b16_n2,0805,q8_b16_n2,fit,4270358,01a5326a85b0a0b947eb3be7e8218378c3cc21e3980474bafaf7bdf31da1a0ce,0
0806_j50_b16_n2,0806,j50_b16_n2,fit,3934268,ee2db4c7cb28b2c53b32b6cfae16f95b53f1d756e5b8019dd6e8669a45bcc5c5,0
0806_j75_b12_n2,0806,j75_b12_n2,fit,4026962,2f876178418b069098059d0a0c8f82728b1e59fe4037e8436bb0ca12b33a8ac8,0
0806_j75_b16_n2,0806,j75_b16_n2,fit,4009976,4dc86d103efa9213121634037b9016b13158546a2ce615913b062138bcdc21fc,0
0806_j75_b16_n5,0806,j75_b16_n5,fit,4238254,4c9d6e1485d74c8d213b15bb158f80cb03529360250fdc09dfca31e3e44782e3,0
0806_j75_b20_n2,0806,j75_b20_n2,fit,3986957,1e92b630d23f6bcb67ae0896f6827339090d58b499a8561a4af60b8c52da3e72,0
0806_j90_b16_n2,0806,j90_b16_n2,fit,4115196,65d764449d9676367a3af76cd7a08fcf5df6989e27c5d26840fb805a353689d3,0
0806_q8_b16_n2,0806,q8_b16_n2,fit,4332919,e068e00433674ce297b378dff91a68482446fba0b1f048674b7886b84c1d4bc8,0
0807_j50_b16_n2,0807,j50_b16_n2,fit,4090414,5f04366fc818f0f40f21a3c924eb1210aecec8c2763b1cd3e0f20d578d683b18,0
0807_j75_b12_n2,0807,j75_b12_n2,fit,4229879,951c61ecb09b127ca6e1f8b11251883e7044885c5ddbfedb7514cc2f2e1d3e4d,0
0807_j75_b16_n2,0807,j75_b16_n2,fit,4182986,8979052fc4b730f1e7d335c2af8a0e973ada2ff0af9a048e5f9a0b88378ed83f,0
0807_j75_b16_n5,0807,j75_b16_n5,fit,4343539,9d3532fe0706c6deb56ef47ab7c1e627bb8312bebe1d0ff81d0fc4667162bde6,0
0807_j75_b20_n2,0807,j75_b20_n2,fit,4140811,a0f5b307e37b859f37319b0f77e4489c95366ad6b94e8cfe09784deccc17b303,0
0807_j90_b16_n2,0807,j90_b16_n2,fit,4266339,7169cb05545f92ad8733f1e5f746520e147e003d0bd9cf1c4b9e9b6141eab603,0
0807_q8_b16_n2,0807,q8_b16_n2,fit,4420771,331bb18d3d4d292bdabe4ad940c8ca8a6f35ba5fc9171b9f8e03f568b3b8cc3a,0
0808_j50_b16_n2,0808,j50_b16_n2,fit,4193129,6e195bba90dae6e5c4140f95ca242b8aa4f29596fd39434c8a33b4a8cd01de16,0
0808_j75_b12_n2,0808,j75_b12_n2,fit,4295985,916161324332fda3e11a5fb9a4408b0045befb862bbe78625633d6472c6c9e64,0
0808_j75_b16_n2,0808,j75_b16_n2,fit,4255814,d61ce09d89f5d79b5121a2c21eb4deb4b010fee8296c8a3ece147f4d0002dc70,0
0808_j75_b16_n5,0808,j75_b16_n5,fit,4361330,5bb22fafdf834902261253e723f8f489c0def25e2a9899781fff6b3fa73f53dc,0
0808_j75_b20_n2,0808,j75_b20_n2,fit,4219761,da6f72d0768ee734f82b1bce237dc7980e88116379430ae9022bbade05b532ad,0
0808_j90_b16_n2,0808,j90_b16_n2,fit,4305256,666186ea8055a14cebfb0f7c4ab1d064587a033b062fceace97426c469afb4f3,0
0808_q8_b16_n2,0808,q8_b16_n2,fit,4406919,916f71ec8759b979f92df1fd78542e7c87a62fa2624760dc48aa6f1e5a0e8004,0
0809_j50_b16_n2,0809,j50_b16_n2,fit,4093780,44a19776caa61428b8e44743c6eb571453ac55e7d5a5e99f24ba67b09a71fdba,0
0809_j75_b12_n2,0809,j75_b12_n2,fit,4228788,8330fefd54093a64646feedf656b8c76b817c0ec2d93f39cbdad77c70e44b957,0
0809_j75_b16_n2,0809,j75_b16_n2,fit,4185456,188020e9b5a577906875d4df83b253b4754d6d83de786e391a5fda8116932c52,0
0809_j75_b16_n5,0809,j75_b16_n5,fit,4317088,259ed984d71123da429f70181b3a986965db822588325d3a610aa572de5b54c6,0
0809_j75_b20_n2,0809,j75_b20_n2,fit,4148089,f3e8d7366949dff9b469be07a9038b61057df557cb2025d129b497a4275f21a6,0
0809_j90_b16_n2,0809,j90_b16_n2,fit,4255421,8f1ca745efc5f4bb175c8e2f4acf45659e8bcfa5f9aafab4599987a67ac69d46,0
0809_q8_b16_n2,0809,q8_b16_n2,fit,4410865,4be7d98c813137aabc7293c21d3b6f788be38af9597d24dedd880e11593eaeed,0
0810_j50_b16_n2,0810,j50_b16_n2,fit,4181912,ef6cb9b636bf49fadff41265fc4fac2af7b71a811eb74e28ae50d289c08d1fba,0
0810_j75_b12_n2,0810,j75_b12_n2,fit,4319759,4c5d4709cb2a9281c75613ab7be135579ded1ee55f061cf8fac2835b94c4b65c,0
0810_j75_b16_n2,0810,j75_b16_n2,fit,4262836,0ca50ce06f40c579ce4e36d92ebd23a428c8122a676b61f807c0c832c1040a1d,0
0810_j75_b16_n5,0810,j75_b16_n5,fit,4360925,799db733178d0235645d735af5ae0e4b46cac9d22119843d5354f666848220ed,0
0810_j75_b20_n2,0810,j75_b20_n2,fit,4206073,e83503f53d6ed47fafcc156c465686fbc31df7c7a1a6e0eee8e73f62417a7111,0
0810_j90_b16_n2,0810,j90_b16_n2,fit,4309270,fecad56248e5bb51bbe49119afa45e5a467f544f70582588d4005d37629b55d7,0
0810_q8_b16_n2,0810,q8_b16_n2,fit,4433268,93042bb41cd75cf3f0af107c5c242516724315bcb4577f21f6b2ec973b252c62,0
0811_j50_b16_n2,0811,j50_b16_n2,fit,4077148,5d50a7fdb6be40f19a3d1fd0eae659de389ebd1688235a501ec1392c0658acc0,0
0811_j75_b12_n2,0811,j75_b12_n2,fit,4182810,fbced7a00ff69bc72605852bb64d0334f4d1cfc1ce11d9f2c265ac389c96d26d,0
0811_j75_b16_n2,0811,j75_b16_n2,fit,4140009,a2b1dfb170a4d89f91bad499a6262f34ae1af6016166c8fa891882b42d3fb166,0
0811_j75_b16_n5,0811,j75_b16_n5,fit,4264412,8869283222073474faf8b290841dd11696f3475ebbbb0e5b37f584d88c547ea7,0
0811_j75_b20_n2,0811,j75_b20_n2,fit,4099475,6c2eeceab8cefa1fa146a1fafab59c503e0b151549c545c7e685338b4ddb9724,0
0811_j90_b16_n2,0811,j90_b16_n2,fit,4189782,684c593c4dfed538e01b5eabf750f275aac7d62714476681fe254f5490986d27,0
0811_q8_b16_n2,0811,q8_b16_n2,fit,4333405,2eb960c242d3c033d0f6f625dc74830c9e69a60c0aee4ebf51bbea984851f392,0
0812_j50_b16_n2,0812,j50_b16_n2,fit,3906181,f32c85576d5b0805d5bc0fd489fe000b62013daf59d752f2735944b56ac1a4d1,0
0812_j75_b12_n2,0812,j75_b12_n2,fit,4056417,88712cf42cf4cc5e041b8086e8cd958b46efb686b2520c57b4991616c8874eeb,0
0812_j75_b16_n2,0812,j75_b16_n2,fit,4015844,f5a398a36684ec78ae5b7b9fba95facf05f96ae5dcae163224d5649f13f06bd8,0
0812_j75_b16_n5,0812,j75_b16_n5,fit,4265763,d3dac601638b3d11a491a1bb5eb079ff6233eaca9fb53dd7fcd08f00cfbda11e,0
0812_j75_b20_n2,0812,j75_b20_n2,fit,3981686,64bd693b51d0d03355ad06c84bfda7e3e2705e166b16a8166780b55658e11cd8,0
0812_j90_b16_n2,0812,j90_b16_n2,fit,4149337,acbb9add306b4574a293a9857b8db9667baf99309f3d82b34ee339307b6c7bde,0
0812_q8_b16_n2,0812,q8_b16_n2,fit,4397648,9b82242768207e099dedc9d550b0c58c30e979a719ff2bd528175ad90140c5e4,0
0813_j50_b16_n2,0813,j50_b16_n2,fit,4162637,9be9ac4762daeb7c2c8987ec3806587b006d84316b2191d9d02871ff458f02c7,1
0813_j75_b12_n2,0813,j75_b12_n2,fit,4264631,98735f315cf4ee3664043ae92d04cba6583138b1960a6456a4b35d2514368923,1
0813_j75_b16_n2,0813,j75_b16_n2,fit,4234884,f1c19839e663fc0d0d02dc61104f0f0476f78065bf08e99ccf3ca103c3dac70a,1
0813_j75_b16_n5,0813,j75_b16_n5,fit,4388841,de6c548fb0ca6015358117e4bd4d8a5dbd2b79918bb08652154057084ecf6e5c,1
0813_j75_b20_n2,0813,j75_b20_n2,fit,4209659,cc70d03c9eff019ea7a3f9147d9895cc8d97686940b36a19aed410a50d2ad9da,1
0813_j90_b16_n2,0813,j90_b16_n2,fit,4318925,bfd32ad5a534cfe0267c4f810c650388b138f6a35152f8b76e7e4f4b4323328a,1
0813_q8_b16_n2,0813,q8_b16_n2,fit,4471671,a5376eefa3d25eec79289472d20fee805c92e5b3786ae683ce4ac99763f9bfe6,1
0814_j50_b16_n2,0814,j50_b16_n2,fit,3760497,2f57537c597d8fe95fc112576bc94251a086ca831d8d17b4ff66222d09c47862,1
0814_j75_b12_n2,0814,j75_b12_n2,fit,3811029,117e3c24963db474bbf18bb6c93374a119ee635ac8c2b32f536c4450b0fe97ef,1
0814_j75_b16_n2,0814,j75_b16_n2,fit,3795520,57dfdf6fa578677ab3c53f4574c527de0c179fde8bbad6bae8e58e95d5299815,1
0814_j75_b16_n5,0814,j75_b16_n5,fit,4109169,26ac8dae24457e77da5208bf80ce6250a5fcf69dd99b396e464e9154026cefd0,1
0814_j75_b20_n2,0814,j75_b20_n2,fit,3780312,2cd90be3d4909b328b91af7b51510ce16404f4e17cc0218b083bd1f973a74294,1
0814_j90_b16_n2,0814,j90_b16_n2,fit,3918484,abd3c441c9c9527546776ed619a555ed932d2dee4c8cf1f0715ac3aaa45a8d13,1
0814_q8_b16_n2,0814,q8_b16_n2,fit,4125301,0840792076b7b8f8aa1752872e92d17c2c6626951a4c9d8442ff8fd32198cc0b,1
0815_j50_b16_n2,0815,j50_b16_n2,fit,4121416,dc1559f5796e8be4f8dea9de42eba58323fb3d8b7ea873201bf9760d8e6eba77,1
0815_j75_b12_n2,0815,j75_b12_n2,fit,4233482,d2985c9196a6e1846d44c289926ff923dcf123102c31c53f35cb1cc49fbe8d2e,1
0815_j75_b16_n2,0815,j75_b16_n2,fit,4199318,79a33e27d82a04469e2258251281b6935a950ff9f76f0e8d5f0af8ba1ce9cedb,1
0815_j75_b16_n5,0815,j75_b16_n5,fit,4320776,4efe44fc1e4344555cb2491f0a78c21d214d379a7465fdfa0e380b343a132a4d,1
0815_j75_b20_n2,0815,j75_b20_n2,fit,4168147,65d8e62ec13907dc7fbb935d48d9563a8567244da06e05ab34f695b92214e17b,1
0815_j90_b16_n2,0815,j90_b16_n2,fit,4256977,8e15ccfadc40f7e460b3a2b9673c768b80a1960ad57e7138a62bdab29424d901,1
0815_q8_b16_n2,0815,q8_b16_n2,fit,4401209,419e2fd48d6313fff2ee3803498f3019b42359bf87477016b9a214c5ab70bea9,1
0816_j50_b16_n2,0816,j50_b16_n2,fit,3909243,9571071b186e97b6ac43cb77efde832c90fc878733bd9952b8f74c51858767d7,1
0816_j75_b12_n2,0816,j75_b12_n2,fit,4068900,7992b8cf13174d70bdddf65c0cb8ab1f67a92e05f636fc9efe35fef77e13dff4,1
0816_j75_b16_n2,0816,j75_b16_n2,fit,4022345,5a5fef8e2b42baf0a016b0b2c16fedaa26bc34ffbd1b3f3e1b4cf6e11b40a4b8,1
0816_j75_b16_n5,0816,j75_b16_n5,fit,4192297,bb3ac1a5d9fd1090771230237c174b6e220f4e5204b8324789fe9d29c94eec86,1
0816_j75_b20_n2,0816,j75_b20_n2,fit,3978254,367d03ecccdc50460c35076faee8a0af8e3605ae0f2369fe54d3ff6c4d0d383d,1
0816_j90_b16_n2,0816,j90_b16_n2,fit,4110018,aac63440f62257e2eb1e44db5b6ef270da771378d6a9a66b3d305f5d52296c0a,1
0816_q8_b16_n2,0816,q8_b16_n2,fit,4298356,701d7b521be11af099820810355b98f37b14f54198cee29e05fba53c476d4f08,1
0817_j50_b16_n2,0817,j50_b16_n2,fit,4292620,660a8c50579aaa1d1c87656513402a27a7f67aa05d28db0a736855a061246c58,1
0817_j75_b12_n2,0817,j75_b12_n2,fit,4349896,1128dfdbb01eaf3b984da6134f4dff605987218c77602c7448140e4302f9c93d,1
0817_j75_b16_n2,0817,j75_b16_n2,fit,4331066,6fbf5b173cb72cecaf0d3d389e655555a0d993d0aa8c1fbb7fc212a269af691a,1
0817_j75_b16_n5,0817,j75_b16_n5,fit,4426582,b05f8885961ae5bf5ff52dbedc1d2dae1c23394b7df48acc3d204fa3c8d5be94,1
0817_j75_b20_n2,0817,j75_b20_n2,fit,4314946,4db5c83eef94ac49ed20fa0f4ac0076e4361913c07303476ac0fc269240ba426,1
0817_j90_b16_n2,0817,j90_b16_n2,fit,4369682,59e9646de7c1ab6ea0e5c4d9acd395037b4b4eb80242414ce0ba54ce0dc9284b,1
0817_q8_b16_n2,0817,q8_b16_n2,fit,4466093,8c129e0ab010305d72f38faf6f11583cfe12c663968018f41db8af24c96f7420,1
0818_j50_b16_n2,0818,j50_b16_n2,fit,4126942,cfbbb464fc69d618dd7f25014eb02d4189a75651742bee9aa9d2bfc11a155889,1
0818_j75_b12_n2,0818,j75_b12_n2,fit,4196902,31fed9ed8122b1440a7a4e4c9956fe4744f2fcb25dc26219182edb07d8a943ce,1
0818_j75_b16_n2,0818,j75_b16_n2,fit,4177920,97aefff812ccb056ba782ead56d32ff198e2ac156f766b62e5a3c21a9005f641,1
0818_j75_b16_n5,0818,j75_b16_n5,fit,4285159,3639a5f4d00dea1e6282ebe75223b6237f7f7ba6ea5bcf632330826aef36a524,1
0818_j75_b20_n2,0818,j75_b20_n2,fit,4159133,0dee8e7e47c1c84e5ede416efd5d399725df47e6245a636d312fb6ed3544633c,1
0818_j90_b16_n2,0818,j90_b16_n2,fit,4241035,3db4d8d1a26cee82cd07e0f31ad94bf2b21a39d4ef0e14bcfce219ab627d49b6,1
0818_q8_b16_n2,0818,q8_b16_n2,fit,4363175,dd6384bbb117b0440e3e35d9144b2974ad64cde9b069fa09f01a85c326c60875,1
0819_j50_b16_n2,0819,j50_b16_n2,fit,4200644,51aea70bfe397698cfb26654a4639b588fb7eb763868d713d1500c67548f19ef,1
0819_j75_b12_n2,0819,j75_b12_n2,fit,4303405,f13305ab394958fcabad48a408f21c332e9009081e188c1ed3e3fc64f1c89afb,1
0819_j75_b16_n2,0819,j75_b16_n2,fit,4272459,5586b38f69d40b4f5a7baa8e59fe20b6599477250e4c0523400a74d7c617f293,1
0819_j75_b16_n5,0819,j75_b16_n5,fit,4383282,cf1c7a2ec0e01ffbce9b7f4e67877d65a4d35e4136e841fe4e260af51ab0bbbe,1
0819_j75_b20_n2,0819,j75_b20_n2,fit,4242041,a287591cfdfd666011a8a9fabe44757d45ebce30582f92f1c53efa049cfd0191,1
0819_j90_b16_n2,0819,j90_b16_n2,fit,4329744,82d4654af687d2adbc0e48b155c2b4d1a14164ee0f55f9b6a9937a0487dbdebe,1
0819_q8_b16_n2,0819,q8_b16_n2,fit,4450120,61ee1ba98a2d050a9d7cf4c1a012f6b27b675c72c13d273b8eff8172935b6053,1
0820_j50_b16_n2,0820,j50_b16_n2,fit,3923348,5095ef95abb7b59276fb9866e6207a4c0c85bbea0ca0a239e82e5e7db1311ef0,1
0820_j75_b12_n2,0820,j75_b12_n2,fit,4034062,0c6eef4aca9603fbe6416f11f854da56446a07df91b526f8981b1d8f7cfcf1cf,1
0820_j75_b16_n2,0820,j75_b16_n2,fit,4003445,b35a93fe1a72060aa8398e655b28209b17c892bceb13a33d7f0da164723684bd,1
0820_j75_b16_n5,0820,j75_b16_n5,fit,4188682,b0ffc80a43f8af7e7c975ee84ada3ef31397bffe262b1e3217921e1fbb8ef2a8,1
0820_j75_b20_n2,0820,j75_b20_n2,fit,3976914,81ed379e948b7674acd0ba07fc61efb2cafea9f56abd9b29faf7d6d3169f2a25,1
0820_j90_b16_n2,0820,j90_b16_n2,fit,4098767,82105d17d43e3be47cee99be24031757dfc66cad9cacedd9e5fed8e16dc5058a,1
0820_q8_b16_n2,0820,q8_b16_n2,fit,4292497,512139bd426c5fc4a3e459b27925573424fb40b7e6a4989186c233d34b66a53f,1
0821_j50_b16_n2,0821,j50_b16_n2,fit,4219628,097c394ed077fd8f5d55feb69441fb6184aea0747228f774f3761372c67cdb06,2
0821_j75_b12_n2,0821,j75_b12_n2,fit,4286993,1c25bc59b5bd4ff23a1cf87b2f18d67614ac879ed667913df0e9f8124fc9544f,2
0821_j75_b16_n2,0821,j75_b16_n2,fit,4271454,bbbbf271f61cf65f5df25a0a971518f85414779f16edf2e073a8df10cb0b6837,2
0821_j75_b16_n5,0821,j75_b16_n5,fit,4408527,0e8d954f3619b6d5898981a650f79c8a0f5dcf68207b2a686429cfa51d1802eb,2
0821_j75_b20_n2,0821,j75_b20_n2,fit,4260410,9102b88bb9ee7a220ddf1f98a1bb4324ffecef64d9bf11f4ba2844561b1ac70c,2
0821_j90_b16_n2,0821,j90_b16_n2,fit,4330085,7602541b8e22f91674fa97a1d260b7a56621df6f21de51d33dd02b135da92975,2
0821_q8_b16_n2,0821,q8_b16_n2,fit,4482295,7d61fea4be0fac2a5d7debb54d807c45e4e8f2b756cb80ced4a01e55e4d143d5,2
0822_j50_b16_n2,0822,j50_b16_n2,fit,4281920,83282d49761dbb3ceda342222883da73d1448d89f72bb09d2dc8aa6bbbb649cd,2
0822_j75_b12_n2,0822,j75_b12_n2,fit,4403847,318f02e15040124a38f4a4c3879e5950d48ad75d7b381d8cc480d899c03eaa9c,2
0822_j75_b16_n2,0822,j75_b16_n2,fit,4360826,96d0b5d5d18bf5006677532a65c9ae1751880071b46ffacb8c9020a67aca731e,2
0822_j75_b16_n5,0822,j75_b16_n5,fit,4443199,909b52585104ec46c0bd90ec36fe902bab8be36cbb6b8e4b206e93c5fd602a54,2
0822_j75_b20_n2,0822,j75_b20_n2,fit,4318042,eb2ce8795405f6209efbcf6e4694ebebde942514c60fcd75278b5cc85405ff91,2
0822_j90_b16_n2,0822,j90_b16_n2,fit,4395115,429c5d493bfb0536fb0388fe471f84695ad08e49475c2e7071fc5d43701bfefb,2
0822_q8_b16_n2,0822,q8_b16_n2,fit,4509996,19ed32f55535fb1df952600fc618b7c172c6d8abe9bf21b00d6ffdb92eb2b74a,2
0823_j50_b16_n2,0823,j50_b16_n2,fit,4170326,393d09934a5e97fedff9720bea009e2d30aa434bf5c010ac67fa880c3c2d29b8,2
0823_j75_b12_n2,0823,j75_b12_n2,fit,4271755,c2987954735d211ecdeb116a480e7531e5319ab6d556f472855f8fabe4162dd4,2
0823_j75_b16_n2,0823,j75_b16_n2,fit,4237825,dff8da14baf122bdb4ee44865318a87b42ff479fe724350ec65cfe02b7de0308,2
0823_j75_b16_n5,0823,j75_b16_n5,fit,4373739,26900cdce3b90d9074233a80c837548e5589f7742b2442338eff52f55e3aaf55,2
0823_j75_b20_n2,0823,j75_b20_n2,fit,4211738,c7ec8ae64f2d3e895843f536c1a35f66b32305a91b0eea3d7aa440581ef73063,2
0823_j90_b16_n2,0823,j90_b16_n2,fit,4299610,2a5789deb9fabebd06c09b9a9584ddb15cf6f7005fbb597859935f476ed5b34b,2
0823_q8_b16_n2,0823,q8_b16_n2,fit,4439859,18ebbd63e373786877b256f30cc751789698a5e7df8be33ba2fe4f4d960a7182,2
0824_j50_b16_n2,0824,j50_b16_n2,fit,4154250,281d3e255375ba42d83ab9ca6bcc2b11cba56131a3d6d7bebe29348997ab3a29,2
0824_j75_b12_n2,0824,j75_b12_n2,fit,4230837,b2a14399ad455e583711b594606d8702da46164036d3977ef4424a5c312d9867,2
0824_j75_b16_n2,0824,j75_b16_n2,fit,4209403,92857a55bf140aa44ef8ec1e14ca5826e794a3bf011658065f05cd175788d873,2
0824_j75_b16_n5,0824,j75_b16_n5,fit,4355670,111984ea8d3e1ecf4fa5986335f37adc09b50d7c2a432eb59d4d17d7768c1fc0,2
0824_j75_b20_n2,0824,j75_b20_n2,fit,4191396,826ed195320835e9965cf711d978c4448f5c82fa1311a8019e6c1f9bd1fbe006,2
0824_j90_b16_n2,0824,j90_b16_n2,fit,4268647,52d73b092a10cb9b816ac82fd0bd960b80c613b5fc504c5764b2ba13d658d96f,2
0824_q8_b16_n2,0824,q8_b16_n2,fit,4429568,824923c641694591cc9ff183dc2558e2753a6f7f3c1327b8b682c8ad6e381abe,2
0825_j50_b16_n2,0825,j50_b16_n2,fit,4244383,ed3a8cfcbfe2b7c3ba2aff2be3814f4fb3038614a5db396382b4ebfbfbbe5253,2
0825_j75_b12_n2,0825,j75_b12_n2,fit,4333170,d9e3c9fa30be12221fb57da26ba1e89704606bf63614b97c36cf6f0f86254773,2
0825_j75_b16_n2,0825,j75_b16_n2,fit,4312468,feb08102fa557350b9ed4fa7af52feed40f510c50bb12946f1845785aef3fa7a,2
0825_j75_b16_n5,0825,j75_b16_n5,fit,4424968,b438c08398a1f35fe055c4e5ae10023f368a1ab32088f0451c3f17e4702d87d5,2
0825_j75_b20_n2,0825,j75_b20_n2,fit,4290642,177ece7af72804e1c812fca8be28ba5e960abd8e88151bc6bcf532a9a9e4851d,2
0825_j90_b16_n2,0825,j90_b16_n2,fit,4367234,ecc2cfe024bb2b8f66c22f44fdbaebe3ebf7b15ea5b768d7e23f04a9fee07e96,2
0825_q8_b16_n2,0825,q8_b16_n2,fit,4502765,b93a44b83fc597fd58781b5ceebc25216f72daaac9b04df6603eb8f954612c8b,2
0826_j50_b16_n2,0826,j50_b16_n2,fit,4118163,b2e6ba171d13e6a80f7607ca2a3ccbfc411684e7c6655bd6c8ca3f802ab98141,2
0826_j75_b12_n2,0826,j75_b12_n2,fit,4217301,ec3586ef8c2cc6c377f073c468e1e4b078be8f28f43010bf076ec72d048928e0,2
0826_j75_b16_n2,0826,j75_b16_n2,fit,4181391,5ba88bc9abdc46ffc4e596a0bfc057b512443922d60f37ef1a42e3a792d94f28,2
0826_j75_b16_n5,0826,j75_b16_n5,fit,4324554,fca6933ede7636adf7870bf86964f3e26c73cbdfd0336af338530336ab9c137a,2
0826_j75_b20_n2,0826,j75_b20_n2,fit,4153973,98d00a732b5324b02a6822cfb3d20f2ad0a679044ca09ef1e3050077f9beceab,2
0826_j90_b16_n2,0826,j90_b16_n2,fit,4253030,f5049967883a68c86cb20024ab871d71a55a1fdde9075d63d973423e12d411e2,2
0826_q8_b16_n2,0826,q8_b16_n2,fit,4386508,4395032646c6c2729985b1c66518a5f26a419799b5bf9ce92fe40f496b1f48d3,2
0827_j50_b16_n2,0827,j50_b16_n2,fit,3803692,1b47fcc0daab358b45b97b5ca285d8036851b2002b19da3818a89627c917895f,2
0827_j75_b12_n2,0827,j75_b12_n2,fit,3969327,ee7a6847ac1d62c83c0a0ac9748eac266058b10553aa657f736117aa10d7a1fd,2
0827_j75_b16_n2,0827,j75_b16_n2,fit,3922114,65dce81922309c6147cba9c74b5595b81725829c15c29800b8af33f054228e5b,2
0827_j75_b16_n5,0827,j75_b16_n5,fit,4200973,29c0ffd9ff72dd14b71402ab1cd5dbe9223ad136698bce971a63fe33d9c4828a,2
0827_j75_b20_n2,0827,j75_b20_n2,fit,3887195,c0fa1d1d1fde58961177ced643ea57b611b45b32565f0df19d8cde97384c4dce,2
0827_j90_b16_n2,0827,j90_b16_n2,fit,4089777,6d3a194bc9386e54c06294d2a107b8a20d77fff2a712bfd623c129c41993d415,2
0827_q8_b16_n2,0827,q8_b16_n2,fit,4328018,cfd8e6248a535e8c062e8d1631b6aef78da731d04d700ab2d8164017743fbe5b,2
0828_j50_b16_n2,0828,j50_b16_n2,fit,4214858,48b21e4bc029cee63c48c8ad8d505bd72a7a844ffacd62e0977a5cc900d57a44,2
0828_j75_b12_n2,0828,j75_b12_n2,fit,4211254,42c339f8b2d6271ce0781ebfd78432bd4573f1a6509f4d1946ed100f695cb691,2
0828_j75_b16_n2,0828,j75_b16_n2,fit,4226950,82e3d44c759733e8d8dd4596a4c1588ee22b5fad6744d49ef36f099a2142407f,2
0828_j75_b16_n5,0828,j75_b16_n5,fit,4330799,62e6a5edaaff4a730f89ad57cf33e02e82a2f61c132fc060ffd09c2504ea4571,2
0828_j75_b20_n2,0828,j75_b20_n2,fit,4189569,fd9ead3510ae09a21d3162b65f857f6cec2677f9dfec458f13fc0798fcd134a4,2
0828_j90_b16_n2,0828,j90_b16_n2,fit,4262638,28961d0f59ac9251f03b86e04659c1f818ce1b45321fd3fa1852c49e9675e290,2
0828_q8_b16_n2,0828,q8_b16_n2,fit,4404839,3a6ac28ac2f505266154e97c3a7cfa2cf3154355e9d21b9f0e664a48022b1bea,2
0829_j50_b16_n2,0829,j50_b16_n2,fit,4167258,9fb5f09dc428a75fd08a09de841b01c1948daf0c384bef1495fa01376c8afa1c,3
0829_j75_b12_n2,0829,j75_b12_n2,fit,4307890,100a6619496da64c824c9a3ba25cc2ecf838eff5d88fb7e599a0a79d5888c586,3
0829_j75_b16_n2,0829,j75_b16_n2,fit,4258978,b1feada3ba157c75e8168180e6cfd7c83acd0fc54324d71ea938cefc90eb2267,3
0829_j75_b16_n5,0829,j75_b16_n5,fit,4390765,4dbb06371c5828bfafc6a5622eeb5d51b96207f32464cd4ebbad2be8afcd69b2,3
0829_j75_b20_n2,0829,j75_b20_n2,fit,4220267,f8aabb4572090bd24c0f5ea72d8be2c4099413d8aa0543bcf9d26403d5c8be67,3
0829_j90_b16_n2,0829,j90_b16_n2,fit,4328187,95285f0fb100c4cb8f0b5c0e11421b426707e01d2a33a12daa52af75be6996c2,3
0829_q8_b16_n2,0829,q8_b16_n2,fit,4459807,205d2d41b36cef0cd0adad9a70f311752b8a8b4498d59ba6fcde9a78807aaba2,3
0830_j50_b16_n2,0830,j50_b16_n2,fit,4079085,54c308238d6c3421e0a36becd65f3965485c5cc3f4bb3c18cce7804cdbb8d1e2,3
0830_j75_b12_n2,0830,j75_b12_n2,fit,4218028,41257df998fb72b8fa719823765d8737e1a11d2d3af407017828dfe73f4f8c3c,3
0830_j75_b16_n2,0830,j75_b16_n2,fit,4167155,a32461d3bc9da97f633237177395a94a79e81dfd3bb811a90f1d15c7de113270,3
0830_j75_b16_n5,0830,j75_b16_n5,fit,4308089,59e433394f7f9452645ed570e9a115f7e2c3519a7df38fd2bdf2ea065a1bb687,3
0830_j75_b20_n2,0830,j75_b20_n2,fit,4122559,698e8189d0c925acb2099418cf42a5c01e55cf191c11d4c1c3a04cd24cd0237c,3
0830_j90_b16_n2,0830,j90_b16_n2,fit,4235410,8d36c9e0c3da09008910e8723bf30135874cf9e2fde67820dfd53dd7765ab6e4,3
0830_q8_b16_n2,0830,q8_b16_n2,fit,4386026,54807db2ae8658fab09b4fb3101b94c64a996e356f656a20f130d2a1acb2d83c,3
0831_j50_b16_n2,0831,j50_b16_n2,fit,3970791,cfdf1a53cbeb5cd0d526ad273bc45f7d6fa1486d2c31f81a750990f0ecdb0023,3
0831_j75_b12_n2,0831,j75_b12_n2,fit,4079592,a3b8fb28af14a6c9175e1d9b64aee1ddedbdc22a8713eddead712dc07ebb8e76,3
0831_j75_b16_n2,0831,j75_b16_n2,fit,4048933,48064a410a0e7d21fd86eaa46b263de6eb43a4b4097a769b07b513231ccce1d7,3
0831_j75_b16_n5,0831,j75_b16_n5,fit,4246810,534b244dd1005e2eb7eed3fcdbe625e1d8635e238940d9f80d729546470789b8,3
0831_j75_b20_n2,0831,j75_b20_n2,fit,4026627,bd72b1d770ddcf5c9a1cbcc32436e15465a1cdbb516456d22bf306bf0ebf0f1f,3
0831_j90_b16_n2,0831,j90_b16_n2,fit,4143345,dd882c6e8542b93447b78a6536f009c6bb81bb406f71d359f4e865496554ea25,3
0831_q8_b16_n2,0831,q8_b16_n2,fit,4345113,ce7af337eb7554180499fe347710cdb30400454e31f17fd3131354c8db4d2527,3
0832_j50_b16_n2,0832,j50_b16_n2,fit,4103013,c3d996a59efe76041cfc8f76d37c8c40c70a2df001a5e82e5195b419e379f488,3
0832_j75_b12_n2,0832,j75_b12_n2,fit,4205980,1d9778a1c8ae20130e35dd27851b7d17ea922a6a6cabc88a331e3cfdd40945c7,3
0832_j75_b16_n2,0832,j75_b16_n2,fit,4185145,6dd66782ccb9985f3f8dae8a3459731c632a7004684331cae3ffbccb014132ec,3
0832_j75_b16_n5,0832,j75_b16_n5,fit,4384381,c65ec33dbda70906e62ae7fcd9dbd31543553e0c7755017172c465ad6fc310fd,3
0832_j75_b20_n2,0832,j75_b20_n2,fit,4168149,e0ba9ed1c9e1d121657235db7642edd946c23b5677053c7138139c6e004979ea,3
0832_j90_b16_n2,0832,j90_b16_n2,fit,4281757,d81650dfe51dc538e77de42a422b2ac6274d4f3169967760794f1ec0a7e7db82,3
0832_q8_b16_n2,0832,q8_b16_n2,fit,4493361,eac2322fb5ffd3b07274ab58cbfe680000147d4b6c2676c8d2151bd0e5a1fd98,3
0833_j50_b16_n2,0833,j50_b16_n2,fit,3588825,988250b7364608ea2994b6828f4d153af8ffde7fe51f1d6b556023d04b1d6400,3
0833_j75_b12_n2,0833,j75_b12_n2,fit,3726627,9df767d43d0979d089145a02faf26c135eaf7cb13cf3a0861f88333ca121dea4,3
0833_j75_b16_n2,0833,j75_b16_n2,fit,3680443,666cee5084028062f3bafb5fd2d9b28c174ea90c7fc58ce59606beb1d5878743,3
0833_j75_b16_n5,0833,j75_b16_n5,fit,3979868,ee12d04614bc20b39f717b7861b504292848e690fbde732ce9faf8df8b7b8ee7,3
0833_j75_b20_n2,0833,j75_b20_n2,fit,3644458,df12f02e24a142947c274077b5bd699240afc52e16e7e9c6408e74cc565919ca,3
0833_j90_b16_n2,0833,j90_b16_n2,fit,3835700,230087b2c6f0446ae71ac9a5b65310d04c0662484ebf5721512771d78c24631e,3
0833_q8_b16_n2,0833,q8_b16_n2,fit,4086586,333ca66e6144b6b0de07e700e3520cc35b8b1704c661f20d3154b87f78037e27,3
0834_j50_b16_n2,0834,j50_b16_n2,fit,4015621,6a06ecb170a907c033b732b699c55f0678abd431bf7067f4072e1a7df9a4d805,3
0834_j75_b12_n2,0834,j75_b12_n2,fit,4142291,bfc9d025c75c60a3f8b9a86d9dff87233688a9d06388056ded4e32cdc1fe6844,3
0834_j75_b16_n2,0834,j75_b16_n2,fit,4100790,989b4947ca998f6af71469c91eb574847abb484f7531183b43a182c41308a337,3
0834_j75_b16_n5,0834,j75_b16_n5,fit,4273121,7de00c52d9b00b347204eab8748cf1ea20e31f3b1348d67baf6ff8db852a1ccd,3
0834_j75_b20_n2,0834,j75_b20_n2,fit,4068014,fdf51b985915f2e2963a19b2afbb258642797823c67a8c6153bf40e0e1cb0fe5,3
0834_j90_b16_n2,0834,j90_b16_n2,fit,4185530,b67b08538372850c6f69de43b45f05d781c37e8810a7f90ece03ea27dbe12d09,3
0834_q8_b16_n2,0834,q8_b16_n2,fit,4360452,489d8d57a99f76d628c12a9458dbce964fb274e4391e40d9646c42d056036f76,3
0835_j50_b16_n2,0835,j50_b16_n2,fit,4097938,af45d5b51d1165ebeedb6b53fb10e371f171b4f09f41f87f478e16d5bedb00d4,3
0835_j75_b12_n2,0835,j75_b12_n2,fit,4256110,e3d239c810dd1becde17b4be9ee47948fdb2c37e13fdb84d79ea6dc88455e981,3
0835_j75_b16_n2,0835,j75_b16_n2,fit,4203277,182fbeeb65913d7b1222ed3dffb333ca21d234347720ce0cf7a199244e624035,3
0835_j75_b16_n5,0835,j75_b16_n5,fit,4365770,7a4b86ac406fd01ae965c2a5f0e414fbde0c2e990f90c00277058fcea7928907,3
0835_j75_b20_n2,0835,j75_b20_n2,fit,4160251,8d2031f6a48e93d406f8c2a68c95cad58adba6deed4e3f359fdf80e4ffc5025d,3
0835_j90_b16_n2,0835,j90_b16_n2,fit,4282560,230ecfd5941c7721ae3268d8033053061b36a2968f4ebe7facda15fff068af41,3
0835_q8_b16_n2,0835,q8_b16_n2,fit,4473178,21bb9ff0c3bea4380f209eccddf11742b522480e3846f9c0e5f4c8fcf008fee3,3
0836_j50_b16_n2,0836,j50_b16_n2,fit,4060080,ecceb05955d30b84d4eefb9bfeb9cebcfe181850dbfd3f2c68a73ea80f5c7356,3
0836_j75_b12_n2,0836,j75_b12_n2,fit,4234840,2043dbd9923c5df4048a4d23d3cc85766932f6b4b8eb9f4a201c62e6de877c31,3
0836_j75_b16_n2,0836,j75_b16_n2,fit,4181015,eb6d767608665d8648575d905ce0fdfd00e5adcd8edb8476f0700ef810d37309,3
0836_j75_b16_n5,0836,j75_b16_n5,fit,4338496,dba1f96bac6185c3fa0accc642c9715cc529fe1724101a031e7282da259cb1db,3
0836_j75_b20_n2,0836,j75_b20_n2,fit,4137751,3b9b2391a2b18b6e46c9f1536fb18fbc1154a83ebc147abe420dc66edec6c991,3
0836_j90_b16_n2,0836,j90_b16_n2,fit,4273162,59519e1ca20c8bfde34b530ec230bf8a949f6c56bee2c2a7472d15053ac11647,3
0836_q8_b16_n2,0836,q8_b16_n2,fit,4410706,169e3f8479ffb7b83e2537406e76df87b1bbfb31e53955b41a52fbef74a18e59,3
0837_j50_b16_n2,0837,j50_b16_n2,fit,4192714,7ca6a113681c7b5a0a4049747009e19fd97a7884e20a569efaf8ecd8334f0397,4
0837_j75_b12_n2,0837,j75_b12_n2,fit,4272607,012612bf9463dcc3ee0d0fcd4e0c7da5cad0cbce37830db47080d1115ac462f6,4
0837_j75_b16_n2,0837,j75_b16_n2,fit,4249845,b563defb8651999fedd925b8f225ba0760dd0625eb7a9013ffffe3afc473e172,4
0837_j75_b16_n5,0837,j75_b16_n5,fit,4399271,a3020b4304d668c8ad4cf6a6ae952237cbbe63f40d618b81006ff47a018196d2,4
0837_j75_b20_n2,0837,j75_b20_n2,fit,4231060,e3d9a7673e82190c4e5c048cb954536b89b0d69f569b88fb10090da703155fad,4
0837_j90_b16_n2,0837,j90_b16_n2,fit,4329543,1b2707dd9bfde7ca0ffd1e2eee360b263e6ff9486e89a82f37e3078cbfa22a4f,4
0837_q8_b16_n2,0837,q8_b16_n2,fit,4477130,e801152bcecba6bf240421a65917c550b72c11cd6e6602f53e939d2611115298,4
0838_j50_b16_n2,0838,j50_b16_n2,fit,3948937,55720558bd84a7bac4db0b494e1d3cd6f42154693a3f749844d6d88c80193eb8,4
0838_j75_b12_n2,0838,j75_b12_n2,fit,4118127,2f47c9e2d7624eaff482e348d7a01ccd6a50ff0afe0f5b03b06c14717561ba53,4
0838_j75_b16_n2,0838,j75_b16_n2,fit,4082055,daad72c2f4f8cdba9b7be7e0c6fbed8b2b9e7975f258156788598cf5ce824e21,4
0838_j75_b16_n5,0838,j75_b16_n5,fit,4288457,43036d490709c3f4851ee2ef328c120c743f9da9f8cd0185ee8e08d0f52ee205,4
0838_j75_b20_n2,0838,j75_b20_n2,fit,4055657,8cced29d891d90de75d7cd88430477ae01aa035fe7a09a73266f6de6330e6859,4
0838_j90_b16_n2,0838,j90_b16_n2,fit,4191867,1a56bc9d56db5fc3e95c34ff680e3b1d5746b00212d2972e6dc8dafa987bcfe3,4
0838_q8_b16_n2,0838,q8_b16_n2,fit,4420688,383d349b387a5505d75ec67b6a2372353dbb57c75dfe612f510b88975fd202e8,4
0839_j50_b16_n2,0839,j50_b16_n2,fit,3997270,aeaabd58508c3036f90fd545289e870e53fc903f62eda06de3d3c18aa4c6a2a5,4
0839_j75_b12_n2,0839,j75_b12_n2,fit,4167543,19e4ab984a44e9a1c6f22d92c9d197bbee531225bc0e06b6dca91366e4b14bf2,4
0839_j75_b16_n2,0839,j75_b16_n2,fit,4131859,a2f5f1be8397fba1555a6650a6fca7ece2276cad0931545db79bf17e6673ea9a,4
0839_j75_b16_n5,0839,j75_b16_n5,fit,4299117,716cf33d4956d34abbfa8746b23efaa760b67490b0dd992e5796bc4c1ea0e69e,4
0839_j75_b20_n2,0839,j75_b20_n2,fit,4094361,5643f80959b302b1273fda4c85028f2f55fe6e2c5e303752ca961b8d503d1ffe,4
0839_j90_b16_n2,0839,j90_b16_n2,fit,4208501,af0fd06bdb7f018b06a1259317290a1d00cdae9e740131b0e33e02499df3b0a9,4
0839_q8_b16_n2,0839,q8_b16_n2,fit,4427316,fbdadda83756deab84266b348d2d0f14c783a3783f08222c5bcf96dcc26bf4d3,4
0840_j50_b16_n2,0840,j50_b16_n2,fit,4160604,28772f7564077dc3d6a24adf7570801ee09ee1e22dc5faa2654bbcada53248a3,4
0840_j75_b12_n2,0840,j75_b12_n2,fit,4300406,7bb2baac89308ea0d378c124c6584c62787246bfbe4326cf4c338ae226a66186,4
0840_j75_b16_n2,0840,j75_b16_n2,fit,4263999,5480958c086d34fe6bcd8d4f33eec9ae3312500e2beb33ca87c753b5f280014e,4
0840_j75_b16_n5,0840,j75_b16_n5,fit,4369375,d9a792700624d4eed16757f615b4f24c512cf7e9b19c9e60bc3dbe87e00b3822,4
0840_j75_b20_n2,0840,j75_b20_n2,fit,4228645,31a28ff4791e47bad05b2bbdba7fee6dca01f71f4905f03d3d759f28fb9e6280,4
0840_j90_b16_n2,0840,j90_b16_n2,fit,4324227,b3df99d8ec4da8fcdf26f8cb0876299890f58aa558e4257d5dc2b9d1812a9408,4
0840_q8_b16_n2,0840,q8_b16_n2,fit,4454547,f7a9b229bcf7d8f43946a55d081de5871df5b3c1e8f63776fc14203be39145f0,4
0841_j50_b16_n2,0841,j50_b16_n2,fit,4084011,be98e9af80f32221705c95c70a6c3a723c11b0d5a768d950a62f727e93ffb67c,4
0841_j75_b12_n2,0841,j75_b12_n2,fit,4197046,c63269ac29a713ef3a2f27af3bcbce4ab3bceb089c7e83b57942bbb8915ae3fd,4
0841_j75_b16_n2,0841,j75_b16_n2,fit,4158957,512c1ea74e3692aeb23b9a0593adfdbe336575d91dd73628260f5a27b73dc084,4
0841_j75_b16_n5,0841,j75_b16_n5,fit,4283427,30b17ae4e28f7e6c3adcaedd82283a45d24bc979a73322b73a44e1ce3dacb444,4
0841_j75_b20_n2,0841,j75_b20_n2,fit,4124262,b076f0bb09975a938c2c60da72ef6f2811b4601b03cadaab98a3bc7a260f8ab8,4
0841_j90_b16_n2,0841,j90_b16_n2,fit,4210501,a5e307732d7689f786ae00b6c191a3105d8891d10e87deb7f8ae1d74f683d34f,4
0841_q8_b16_n2,0841,q8_b16_n2,fit,4353481,4cd32d46a3e6db8f79520ded3fa1e495b064b343fad00d009a4b8d1430459bb2,4
0842_j50_b16_n2,0842,j50_b16_n2,fit,3930310,07ede3c43965a32a9d2660e37dfb0576aad8801cbccb8cae31555ed610e502bc,4
0842_j75_b12_n2,0842,j75_b12_n2,fit,4070963,dc2b7aa62cadcc93aae8f37bb8fdc6373f4688ca1b7c0d5780eb21c8c664c200,4
0842_j75_b16_n2,0842,j75_b16_n2,fit,4027710,0cb50745899a772117568bd378b70c3d9c1b12be6bc65ce26b79abddaf24a275,4
0842_j75_b16_n5,0842,j75_b16_n5,fit,4246140,493ee4b3671154e694dc250bf727857367fe2b74a54def7a65181d5a4a5a6ff6,4
0842_j75_b20_n2,0842,j75_b20_n2,fit,3992369,6a91c3bccf93f7ac4e6c7b92a04dd15c4512ddc51d0ee11af0134396f738aea9,4
0842_j90_b16_n2,0842,j90_b16_n2,fit,4141187,1dc648673c66efbfdfc7a1b07a88bf7bb6007b1759588043a9b083e13943423e,4
0842_q8_b16_n2,0842,q8_b16_n2,fit,4386993,2122f1346675a9721f40a8e7275b7efeb4870188ebda26c6033bb804ce0ed819,4
0843_j50_b16_n2,0843,j50_b16_n2,fit,4072284,f4b5b3adf8959a09640b16589e6b2ea9dbc456521ab3f380c0ca39e19179a155,4
0843_j75_b12_n2,0843,j75_b12_n2,fit,4178179,71da7360f1cff7ce5bb8ea12237d1ace849935b1b70ed90d8de395ac14c3e051,4
0843_j75_b16_n2,0843,j75_b16_n2,fit,4160094,3c0ce69a642ec9cc008f202fa95a018c51beaa80f8f5f14ac842d4141adf3dd8,4
0843_j75_b16_n5,0843,j75_b16_n5,fit,4361157,32e2ca47a375e7119b18cb3166045fc6983e54310d946d91baad2d06d1e8ffdb,4
0843_j75_b20_n2,0843,j75_b20_n2,fit,4147371,4e5dd72afd7a28069cf5ef3e1ecad497c95c5e539bfae5c6792c0b73d58a1563,4
0843_j90_b16_n2,0843,j90_b16_n2,fit,4267107,d228ca9241ad8e0cb4a9665a747680d9911760a173a73b37e2f401c99bd28c11,4
0843_q8_b16_n2,0843,q8_b16_n2,fit,4462114,488f9675108f3b36ed5ff4e2a8693ffdb1f0d7dc3cc9d3a8b65511f926a82324,4
0844_j50_b16_n2,0844,j50_b16_n2,fit,3593305,aee343462e0c4e3cc885e915fec57cd818398df46346165ce08242d226efb593,4
0844_j75_b12_n2,0844,j75_b12_n2,fit,3673644,4c5d6e1bd351692e4915a663cf399f406f2c6e93e814c26b37f3b92e436a6aee,4
0844_j75_b16_n2,0844,j75_b16_n2,fit,3664313,e361b0015f217b29e2309a3d8be2491a411b295a68d652ff7829cd81a8b48cf4,4
0844_j75_b16_n5,0844,j75_b16_n5,fit,3959770,4d28826afedbce5c25b7772dcaa2cff93929650191ababb8908910a9d44aafdc,4
0844_j75_b20_n2,0844,j75_b20_n2,fit,3660653,6b3bdc5074093902b48f45719ff775bde5e37f7af73ef4e784ff7a80bd94fd39,4
0844_j90_b16_n2,0844,j90_b16_n2,fit,3804246,51a8543daed8d34d19af509305ebf00276224615605e47bf69ea40184e529bfe,4
0844_q8_b16_n2,0844,q8_b16_n2,fit,4077729,86c23e2cfe1898ff1250456fa6497d321e3ac4114e54d9342b729b33df41d7f2,4
0845_j50_b16_n2,0845,j50_b16_n2,fit,3194244,0b8232693364df530732b9b110ca1428e416d10443b9bd4a55a1d4355f63d99d,5
0845_j75_b12_n2,0845,j75_b12_n2,fit,3403308,877171cfffde9d05361f53b96231bf54fd686bac0109841a86399d0e26c818e3,5
0845_j75_b16_n2,0845,j75_b16_n2,fit,3336642,537a40955dbb264fb4c470ab78f8a4704ab3342231fb56adb592573220b8d514,5
0845_j75_b16_n5,0845,j75_b16_n5,fit,3727861,4958889fb3f55aa8a8613cb12660822b509b662d1272a7702529b5f888e64c12,5
0845_j75_b20_n2,0845,j75_b20_n2,fit,3282157,6043af38cd839e5691f5bed09fc41a9be914f8281990a37ba1b28e2c34d442ed,5
0845_j90_b16_n2,0845,j90_b16_n2,fit,3502235,d3c1f1ba5eb578cb9f2ed32fcc6b85cc368066341a0f8d6b73b2095c52f2cb39,5
0845_q8_b16_n2,0845,q8_b16_n2,fit,3711214,86966d88b4eebac10a643d40eb11011ac977caa5291f369bba5cee4298e6a32e,5
0846_j50_b16_n2,0846,j50_b16_n2,fit,4005455,01789a3488ffb2ec19b6624b25367b81ebcdb7515d48c1b8a9192160680a7e6a,5
0846_j75_b12_n2,0846,j75_b12_n2,fit,4133771,0e99234f6409c4030f1c5e1383a32e7bba3fd6799634debdcaa66d350bb31caf,5
0846_j75_b16_n2,0846,j75_b16_n2,fit,4102742,b7dbc33912e91ded6407030b9b9452aad56834a81165c5b25d9b58406d2ebf1a,5
0846_j75_b16_n5,0846,j75_b16_n5,fit,4285116,b7a92052efb7c31461121605131fd6db98350219573960595d521c9fc04829a0,5
0846_j75_b20_n2,0846,j75_b20_n2,fit,4070142,0ca4e809d4af931868eae2b4162b3f5f0c17198560fb56ccac049c4363d854e6,5
0846_j90_b16_n2,0846,j90_b16_n2,fit,4189239,0314555ce912456360aee3540bf1f76969a90592c50c602a4e467eca50580f44,5
0846_q8_b16_n2,0846,q8_b16_n2,fit,4401942,b4b783f89afcc58b0e7f815ab7c29eacf208858a6c807ea180473366e40ffe54,5
0847_j50_b16_n2,0847,j50_b16_n2,fit,4211883,0fbc13b1543cce47b93358bc3335c46490f36c187967392ea4cbfd41fecb3510,5
0847_j75_b12_n2,0847,j75_b12_n2,fit,4326060,4d61d2c9020c021cacbd65658418c7f565a878bea5a26e39c5c81085fa13e9f7,5
0847_j75_b16_n2,0847,j75_b16_n2,fit,4290475,b5112dc5a8c7aeab05f226f3c8990a11b943cb7761ce4106ee0964fe407dcbc0,5
0847_j75_b16_n5,0847,j75_b16_n5,fit,4422216,dbcdb46e50fd74f6640b9b1c7431dfe12d38f99c720a36575cb9a961eaf2f039,5
0847_j75_b20_n2,0847,j75_b20_n2,fit,4258021,deeeaa880e56544da503b369fe4afd8c894d8a1c595a3b5427035dfb061e63ee,5
0847_j90_b16_n2,0847,j90_b16_n2,fit,4366381,524c7442d260e79f331b13a3cc9e14a30b07a89d7680a4dca44316257857e8ed,5
0847_q8_b16_n2,0847,q8_b16_n2,fit,4493838,5f9498a0f39b585b2c31db9c02247849fed2617660ab438ee02a4b0997b84506,5
0848_j50_b16_n2,0848,j50_b16_n2,fit,4176011,c418524d7ebfac2d57d25e4eb3f116e9ce1bd89d6a1f156a4088d7dde387ea2f,5
0848_j75_b12_n2,0848,j75_b12_n2,fit,4288944,7fac276a44926113fa4a44614d9c25be020e3e72bf29c07a424ff081a60f18df,5
0848_j75_b16_n2,0848,j75_b16_n2,fit,4249305,826ae66b9d9f98e9a9765bc5f38b490e01c0b2ee68af93eaa3bd24a80aea5bb2,5
0848_j75_b16_n5,0848,j75_b16_n5,fit,4401023,74253ff1be16912eb5a1d2e64cb1684600fb4951fcbddd2e092a554385a5cff6,5
0848_j75_b20_n2,0848,j75_b20_n2,fit,4218324,d2c50805d15a248257e666d6a3a5d64c4d7c7c71c1e80d51895e73192b399c60,5
0848_j90_b16_n2,0848,j90_b16_n2,fit,4324551,5937037afae9b3dacf6c7b98e9907bedea96cb126388d06f4756f936aff298d0,5
0848_q8_b16_n2,0848,q8_b16_n2,fit,4496526,2030db0bbaf83ccb8ca74466691d87f97a728bc30d789fe872b22b42a91ca7e3,5
0849_j50_b16_n2,0849,j50_b16_n2,fit,4360409,46509cfd6543981483b3d5245fad7b3e1b712288d3fa27d06f761ab62ee268cd,5
0849_j75_b12_n2,0849,j75_b12_n2,fit,4413451,092c22b419957176d20f25b275998ab5a5b17b03eacb62c8d18d1a7588154837,5
0849_j75_b16_n2,0849,j75_b16_n2,fit,4396726,e2cff2d170200b42dcc3c2eacc337a4c7fe9f217ed37245adc86bde7d00998f5,5
0849_j75_b16_n5,0849,j75_b16_n5,fit,4466786,16e7b413a2a0537d9b186e313b6fdd0f6aea819aaff3ded62776d53ddba3760f,5
0849_j75_b20_n2,0849,j75_b20_n2,fit,4380308,820fe885a7aa8105e2939f0229f96ad1cc9e9620535232ef3de16815dd397c5c,5
0849_j90_b16_n2,0849,j90_b16_n2,fit,4417867,d383308227864e9979f9fe28787df40dc5564a3cb52bf8c6dfaa02928befc032,5
0849_q8_b16_n2,0849,q8_b16_n2,fit,4512920,28cef2b1070a40fb7bdc8eb760e165083e08caa61d4f86818c510727a42cf4d9,5
0850_j50_b16_n2,0850,j50_b16_n2,fit,4064352,d47f6f867ca1df2897cb8202e888e1ee1aaa83cb471c06c64bd788b901af0e92,5
0850_j75_b12_n2,0850,j75_b12_n2,fit,4171090,6c288fed8b9240a98063e5420cec16dee058fbdf3f1f49bfd3252370e34c7f87,5
0850_j75_b16_n2,0850,j75_b16_n2,fit,4142101,ab3af4839b3b722863a03ee6f885e0e1cb13bc37b08abe141681841b55954096,5
0850_j75_b16_n5,0850,j75_b16_n5,fit,4329953,4b8686b1c65ea89d33d8b6cf47d2f67dcfbbb13f0f6158a152919dd310be0e32,5
0850_j75_b20_n2,0850,j75_b20_n2,fit,4117637,abfb71c4c2ed0d1a3fb047ef6a15ec485b248520468353cad3dec6109626594e,5
0850_j90_b16_n2,0850,j90_b16_n2,fit,4227879,d986a49b2cf39c06f94c9da072431d1d0de7079b37273b1df84423561073a10d,5
0850_q8_b16_n2,0850,q8_b16_n2,fit,4435403,5b971916a6b4a4e214ec7c44f2b20d0ccc8454c419107ab83468a5d4fd29737f,5
0851_j50_b16_n2,0851,j50_b16_n2,fit,4257366,ddf18506e4f8eeecaa1beae79ecdb0ac805037b50cc9d1dd58cd7d079a1b6598,5
0851_j75_b12_n2,0851,j75_b12_n2,fit,4347254,8fc5cc1668444c3ff332a78253a3bb9aabc0ec6d92926535ca2c3aed96da818c,5
0851_j75_b16_n2,0851,j75_b16_n2,fit,4322881,8a8c26da64345620b49d87f7e37cf1d0ebc6b1a703d6ee1977dee41a366f1274,5
0851_j75_b16_n5,0851,j75_b16_n5,fit,4432386,fca22a50092500de05325383749d7b19218c000c556553f87492999c4f5ce480,5
0851_j75_b20_n2,0851,j75_b20_n2,fit,4299690,3ecdfdc61b73318b6de59d19ea8438a498e2623df9b5dac780136ba193f1683c,5
0851_j90_b16_n2,0851,j90_b16_n2,fit,4382465,7ea885154b4993fe707d02eefdffe20f5c5bbba7faec7e5bdd22237d66f0baaa,5
0851_q8_b16_n2,0851,q8_b16_n2,fit,4512832,7bafccc059ab1d243eec2febe671ed28dfd3f28edafb6c9c7bb6b40d71b48721,5
0852_j50_b16_n2,0852,j50_b16_n2,fit,4094400,0704462d09ab6dd86a9ed9042e8c70aad81d72a6dd7b2d8ff9d0ff711d9287df,5
0852_j75_b12_n2,0852,j75_b12_n2,fit,4185235,4afa84b1d1ffb3f77c39306ad81c934207fceaae135f9368c11daab8bd9eedd3,5
0852_j75_b16_n2,0852,j75_b16_n2,fit,4155362,9c4ec80b2e0206e92fd23b969503c5d05928f423eeb01379eeb8b76bde07f3ad,5
0852_j75_b16_n5,0852,j75_b16_n5,fit,4272426,b2a0ef0d9a302d4e5e84ce42e1d8f125178def382df80f1cabecfa7fe6c2455f,5
0852_j75_b20_n2,0852,j75_b20_n2,fit,4133223,6ec6fb84800e06da4b724512a7dd66d017abce89fbdb41b0dcdab23e1a9435a7,5
0852_j90_b16_n2,0852,j90_b16_n2,fit,4236358,761eb85e2c8bd8bfa18101769e6d96ecdc23081fa7c6d638a39628554cb946f9,5
0852_q8_b16_n2,0852,q8_b16_n2,fit,4387623,9ee4a83ecc615d016ab89090febc0ac7392a8bf0f28067f7af072b8c64aaeaeb,5
0853_j50_b16_n2,0853,j50_b16_n2,fit,4152903,dc5439a2364102e0b2613c7f94c4ffc144a6f13b1e50a9eeaa1e39e33159106d,6
0853_j75_b12_n2,0853,j75_b12_n2,fit,4230551,cd3c2f26a5a556f73cefeaf72475b8042afc22fa825be70159cd7f318ecaaaad,6
0853_j75_b16_n2,0853,j75_b16_n2,fit,4204035,66fc2bcf0c6c36be0be0161540db53c78566becf1b44f65e4c24c937f05b8fdb,6
0853_j75_b16_n5,0853,j75_b16_n5,fit,4342242,3dc60bbbf820f4710f68a6eb34852cea2b9c583c463c99bcd0bccf3a1beedb3e,6
0853_j75_b20_n2,0853,j75_b20_n2,fit,4183347,21b8186a330207edfe172411e1d1423b2075ddc01c7aaa161f87b5a9c1ebdf83,6
0853_j90_b16_n2,0853,j90_b16_n2,fit,4281359,bdd61c030e3996a943dde06985db83f8d5fd150f2ce822bbd00500bc2875822e,6
0853_q8_b16_n2,0853,q8_b16_n2,fit,4380842,23886a78ec44b832e9dc142b34f1b5e6abe84455e03018ddb4e977adf8d8ac95,6
0854_j50_b16_n2,0854,j50_b16_n2,fit,4160830,ddbed40ce182872933036281c489ea9eadd3c1bddc923e54b459440218a9284c,6
0854_j75_b12_n2,0854,j75_b12_n2,fit,4276771,76900d40eb9585d0ddc62f081d82bbcf4623d8f05c564022c663bae82be6a97b,6
0854_j75_b16_n2,0854,j75_b16_n2,fit,4235402,a33ee36532bf7d77db38a83cb19797107361c800b8c21cb28ba93704fd28d96e,6
0854_j75_b16_n5,0854,j75_b16_n5,fit,4332082,42c67308bb2c70d41c64f43794490f586c896433670d39fda5dfab830af5cc62,6
0854_j75_b20_n2,0854,j75_b20_n2,fit,4197198,f986633cec818734c25a72af3fce558973f78f8cd397e9a5549059228d636ba4,6
0854_j90_b16_n2,0854,j90_b16_n2,fit,4270162,edf691aa6b125824b14a2b27565556318d408d922fdbc274fe2cf58adf74ced9,6
0854_q8_b16_n2,0854,q8_b16_n2,fit,4395937,a3ac76ae2bfde82af4581bba73deb1238c05107a9a4584a221181a76f6d7238d,6
0855_j50_b16_n2,0855,j50_b16_n2,fit,3917375,cdc86300bbc1436878c063ee23f7ee377c68a7b741ae0b872390e3eee41c4a8c,6
0855_j75_b12_n2,0855,j75_b12_n2,fit,4096828,0a8de676d6d09c83ec2d55069afbf6adc1918b39d113268c5d9f6018f8aa5cef,6
0855_j75_b16_n2,0855,j75_b16_n2,fit,4040298,23e11db22f39952c0c84d8169c37ee1fdc11aa39734f5d2db7aa0c2dd9ae441e,6
0855_j75_b16_n5,0855,j75_b16_n5,fit,4260906,6c030e9a545bc65fb39667d9a44a657b2b1a6006d6ee569e23874ec8f94484f6,6
0855_j75_b20_n2,0855,j75_b20_n2,fit,4000439,a7a83e93114e81bc9d0a36ebc6d17e54b43e2389cf8c0fffcb467003b713d903,6
0855_j90_b16_n2,0855,j90_b16_n2,fit,4152576,1f0d26c5a50b348553c1de881739318262db03342cb828ffbb0d374c73182a2c,6
0855_q8_b16_n2,0855,q8_b16_n2,fit,4401146,8f48a3b05d5ec0ed7846718ac8f5ce0d97417fddfa4f389355e94be7d39b582f,6
0856_j50_b16_n2,0856,j50_b16_n2,fit,4270480,728c462f0d1da957191f3acf74bfc769beeca587928040b4aa61b8631f0e08c9,6
0856_j75_b12_n2,0856,j75_b12_n2,fit,4348766,5b5047a2d95eefa364d42c9ace2605b752d0da9e28a1ef072e63fe6e0509b3aa,6
0856_j75_b16_n2,0856,j75_b16_n2,fit,4302374,6d18549d1aca1fd9d1d5f2dfd9014e2cee159c14747a895ae4c3156b79ef407f,6
0856_j75_b16_n5,0856,j75_b16_n5,fit,4337555,64e72c2c07a3c114110aab2e6c350b85c16e3021344fec90dedae19856c897b8,6
0856_j75_b20_n2,0856,j75_b20_n2,fit,4261916,ebfd00e52cf12ae8ea8f7e60c98f9807d234cc15801ddf9c5fab33f8d11fdfa6,6
0856_j90_b16_n2,0856,j90_b16_n2,fit,4312802,33b623b4ead4b835fa593e51b26aa73be03611732fd1962a8eaf6b044e5ce176,6
0856_q8_b16_n2,0856,q8_b16_n2,fit,4359144,629b64278d9ff143482cd4649e033b89e7234ae9ddaa24e71521ba6276e6ae37,6
0857_j50_b16_n2,0857,j50_b16_n2,early_stop,3825371,e1b4c30826fe2646323a0673e8e01123c5f92ec86ac5b83b6ba39a3b6e52b2d3,6
0857_j75_b12_n2,0857,j75_b12_n2,early_stop,3961978,27c5e34bd8047750391a9762dff66574e488c53b71276f0ed7ce93d09f8efe1b,6
0857_j75_b16_n2,0857,j75_b16_n2,early_stop,3940643,dfb60cbeec919f3c2a90da068269b1ffa6c7db1081022cedaba88202c25a8c5c,6
0857_j75_b16_n5,0857,j75_b16_n5,early_stop,4262629,44bed6737e1a549bb192260eaa67afa5889be21c2c1cf60e1bde43d703ab9adf,6
0857_j75_b20_n2,0857,j75_b20_n2,early_stop,3929463,2f176a108e15c0482203d0a7a193ac8a8d0047d905a2767fea31958527b791eb,6
0857_j90_b16_n2,0857,j90_b16_n2,early_stop,4113512,1c70f6c96ba5b246b65d11c2739024af5dadf8dc9edd760674f10b32c4892501,6
0857_q8_b16_n2,0857,q8_b16_n2,early_stop,4430770,b46bb3722572611c40da595514d6e2981d9e8a9d6d539debe7cf043616075f8a,6
0858_j50_b16_n2,0858,j50_b16_n2,early_stop,4436526,7c40e0f06406172afe1264ffc368aa832ad5a2599c9db13612b723ef7331315c,6
0858_j75_b12_n2,0858,j75_b12_n2,early_stop,4498664,2973160cadba91c345dadae19710ebc10848dc3dc4c907ec77d5778bc7a2b600,6
0858_j75_b16_n2,0858,j75_b16_n2,early_stop,4466141,3d684c1aed5ec365a049fb99be4a25942ed98eafdcf9082e1ccf8432f7756b2e,6
0858_j75_b16_n5,0858,j75_b16_n5,early_stop,4503926,2397ad7ed029b96230ef705512d4a07c1b0d540c88149bf3eabaa6061902e93a,6
0858_j75_b20_n2,0858,j75_b20_n2,early_stop,4430782,4f76955bc35fdd7dd2805baa90e51e0b3e30b7e8c68fb584c731e1b733bea2ea,6
0858_j90_b16_n2,0858,j90_b16_n2,early_stop,4467022,40ed1ca05fecb9f0065732a738745b0bbeca5a19fc471c1abf0146903dfb9fb1,6
0858_q8_b16_n2,0858,q8_b16_n2,early_stop,4534685,ff1801ef66d1d0affea2b61743ed5a8eff78ac26382592d99d944e56ab4e23ca,6
0859_j50_b16_n2,0859,j50_b16_n2,early_stop,4172905,01afb29fde82b23761083f72792f0985cf32bc85e2e167d3a934bcaba5a71dc9,6
0859_j75_b12_n2,0859,j75_b12_n2,early_stop,4316616,43a299f27e4d8d8c9cf259338cf46e17067069961b4f4c315e4ab070e6461dd4,6
0859_j75_b16_n2,0859,j75_b16_n2,early_stop,4265471,5057dc6cfe2a9176035c2f747e2bb9c9c9b3ac98edb88581f9ea87c1bdb10caa,6
0859_j75_b16_n5,0859,j75_b16_n5,early_stop,4354784,d13787759b50e17cf3fccd951d5d2a3f7c7f8d47afe0c028321d4e5f233176d4,6
0859_j75_b20_n2,0859,j75_b20_n2,early_stop,4215844,4b3f6c6488d9b7a613c8701cf52ba9e3266317e611eb9eae68ae837b5b40af2d,6
0859_j90_b16_n2,0859,j90_b16_n2,early_stop,4295416,fbb8a0e52b8298fd1d7f9acde0cd3b57f4c62685f6de8513868a03536cccddcc,6
0859_q8_b16_n2,0859,q8_b16_n2,early_stop,4423004,153a780edce48e408e4b33e4a161c789dd179e2086901a91291f0bfd45c39674,6
0860_j50_b16_n2,0860,j50_b16_n2,early_stop,4406833,b3448903feff51300d4078e27903d864ecc270e8bd7a3dec5922c2bbf572ce3d,6
0860_j75_b12_n2,0860,j75_b12_n2,early_stop,4464762,87792f85c1886fd20246d3f83570a30c5baa754344a9c8a869f1bdd5dfa7f6cf,6
0860_j75_b16_n2,0860,j75_b16_n2,early_stop,4445631,7e50110c0efa414d53f5b14bcba507056a50c3c54263f80e9d56f2a4f5d7b5b8,6
0860_j75_b16_n5,0860,j75_b16_n5,early_stop,4490026,3d9022fbf9fa22d639f2f9056d9393b8de4a941391668e83b23e9a3fc18bf777,6
0860_j75_b20_n2,0860,j75_b20_n2,early_stop,4421270,89ad4250d52235ffa14af523e1cf7295e470ed9bc69087580de21f4339987698,6
0860_j90_b16_n2,0860,j90_b16_n2,early_stop,4464923,c79b5f274afb6ccf6a87fadb4088a076dfec4cd2052c91e7aede2bc8f1950cf4,6
0860_q8_b16_n2,0860,q8_b16_n2,early_stop,4525748,2ba7c50102e6e01a6cc81a81166cf217b3e7e1bcd51a7055e059d08f903c8a2a,6
0861_j50_b16_n2,0861,j50_b16_n2,early_stop,4081561,df0a4dddded0265b4c72dd4ac92f47115e2130b3e31168b25d934f88616f7808,7
0861_j75_b12_n2,0861,j75_b12_n2,early_stop,4190126,fe0a57d6f6a0053604f169f88ae83c0769c45cddf7e186bbd1e4768728b6b2dd,7
0861_j75_b16_n2,0861,j75_b16_n2,early_stop,4153853,ef128eaac2bb4694778c1faae2ce9217830fcc368c7343bacf10c99985fcf779,7
0861_j75_b16_n5,0861,j75_b16_n5,early_stop,4323428,4b53bd870162ee526c204399967c73caded97053af07e1c029c64d02af1a3914,7
0861_j75_b20_n2,0861,j75_b20_n2,early_stop,4126073,3f0f21016c58254e923c343bbadda461397487d7d1511c21af53f980d42e9c23,7
0861_j90_b16_n2,0861,j90_b16_n2,early_stop,4242442,042f8522f7557e2ad24f1de5e0696c89beb6e0de0ac56c36a468b8c48df98e22,7
0861_q8_b16_n2,0861,q8_b16_n2,early_stop,4395700,51985a5df77c4b928bd56e9cc14677e30d890cb2bcdedf153536367a64d9f49c,7
0862_j50_b16_n2,0862,j50_b16_n2,early_stop,3945935,dffd3f710f53ef7f611677af17da38dfce6691df72461841837349f538e025b5,7
0862_j75_b12_n2,0862,j75_b12_n2,early_stop,4139933,7c69d56e7bf619bedfc562622bbf35ddd65463908f84edfddb2f4e1d3408b1c0,7
0862_j75_b16_n2,0862,j75_b16_n2,early_stop,4080845,474b18f52934e950e27703d92216322981fa15a9fe25167fd8665b23b7bb28e7,7
0862_j75_b16_n5,0862,j75_b16_n5,early_stop,4261733,5726cc730dbda5c79fddd9e47cf31163b7be4c583cbf558faeb3a94ee84c3826,7
0862_j75_b20_n2,0862,j75_b20_n2,early_stop,4031509,bbcbfc478002e338e73ec7979011bb7525079124a5cb1b46ca71490cdeaef71b,7
0862_j90_b16_n2,0862,j90_b16_n2,early_stop,4173225,4fb69cb6dada3febc470b4a28dbbc4159c5bbc644edd5f3ddfd0d5993575feca,7
0862_q8_b16_n2,0862,q8_b16_n2,early_stop,4387976,931df8bfa210cfc9e29c6c10f15ac8678f081be485dce6d3c1c98131a80e2e9f,7
0863_j50_b16_n2,0863,j50_b16_n2,early_stop,4060657,74fb994c852323c4184ea325b732d9afd7ff50551f0d68cad32d7b9ea8f0520b,7
0863_j75_b12_n2,0863,j75_b12_n2,early_stop,4182361,4ae226d3294342744e194e0cdd5faa3cd4cb9e249aca71438afcacf449be093c,7
0863_j75_b16_n2,0863,j75_b16_n2,early_stop,4152293,3921af39543f485e4acd856b0d22bcc7dee3931e08768bee743a563540378fc8,7
0863_j75_b16_n5,0863,j75_b16_n5,early_stop,4344800,acaccc54d0db04ebe3119141042eab3a186b6554e8f5f5d8bc053174507667e9,7
0863_j75_b20_n2,0863,j75_b20_n2,early_stop,4126902,1f6c23ed5bd270acbc5e6cfb5e96b039e4ea5235a696eaf025c6c4e6420db998,7
0863_j90_b16_n2,0863,j90_b16_n2,early_stop,4243515,058dc0858c9d07d82b56b66a032199c78bb761840b521e50709cad427f1a03e9,7
0863_q8_b16_n2,0863,q8_b16_n2,early_stop,4430394,6ac30cad8410eda3f372aacd0a091065ce375e336c720cac0047757b8a8ddf4f,7
0864_j50_b16_n2,0864,j50_b16_n2,early_stop,3932618,14d4ab9615bc25b6d72a809885820601b5fa8d74c57fffebabf48b6a4e31f581,7
0864_j75_b12_n2,0864,j75_b12_n2,early_stop,4086830,00a111c1a5e0fbe29622724aeee5906b21e7a2c0e074b0e84acf1b1b742a09aa,7
0864_j75_b16_n2,0864,j75_b16_n2,early_stop,4038780,0e31d5e92945ccf31a5db4fbe927df78319feb1175d1da34830ce4c5c5cb946a,7
0864_j75_b16_n5,0864,j75_b16_n5,early_stop,4231574,b699815e6b613feabc0ed1ce4fc0392d82d9d2d0d5ae721b6fd8f886bdef11ce,7
0864_j75_b20_n2,0864,j75_b20_n2,early_stop,3998109,789e6f1ddfb9474a57437ce62e68efee8fecfa202395de1250eca0511453a63e,7
0864_j90_b16_n2,0864,j90_b16_n2,early_stop,4139713,04ebff79d6a4a98f5ac969fb4b3ef8daa98afeac8667775c6726b5e4ddba0bb0,7
0864_q8_b16_n2,0864,q8_b16_n2,early_stop,4345560,c5e0bf025ec8950b96e7d40c78246521ff7353d6d5348bfcb080aa19dba9ee54,7
0865_j50_b16_n2,0865,j50_b16_n2,early_stop,3941714,544654f5c4cb15786595cde9ca8f3b221690fe25ed75133c4ad78485c941491a,7
0865_j75_b12_n2,0865,j75_b12_n2,early_stop,4088729,ec9c1eac5619d367f170fed6261ae9311cd5955470d710a23ee4095506d7cddd,7
0865_j75_b16_n2,0865,j75_b16_n2,early_stop,4045754,ab2a1624ea181f20b7390a4b6a88e4779d2abdc57ee7f70b986de4aa82f465cb,7
0865_j75_b16_n5,0865,j75_b16_n5,early_stop,4259345,be51edee16371e51e5a0f965ba04dfb488588f68f92b75fa699a8dedc0e76467,7
0865_j75_b20_n2,0865,j75_b20_n2,early_stop,4009966,e1a1a2988ea2262ec58ecf5bc7e4994d360aad6212db972d89459dbc3e62b39b,7
0865_j90_b16_n2,0865,j90_b16_n2,early_stop,4164209,2ff82aba364e66c70b82586d237fc18ddaf1957cb268dde86ca3ce73c6a526b0,7
0865_q8_b16_n2,0865,q8_b16_n2,early_stop,4378921,37e8e26788a0c4f3a88b35e696fccda3c0471db8a41acc9a3ee499d01a76ccfc,7
0866_j50_b16_n2,0866,j50_b16_n2,early_stop,3727857,dbd26c993468ba9a197ad231feef1d0cc52a546710bc515d956c7457fd9faaa8,7
0866_j75_b12_n2,0866,j75_b12_n2,early_stop,3878572,5bae18ff4cdc3116e8ac331a06336f0b06e0edb7bb59a3ea0d71309af6ddfa4a,7
0866_j75_b16_n2,0866,j75_b16_n2,early_stop,3830523,05ea5028ad9e54730298537314ac5d6cb73f8584a3173c0dc433c5f5d72af74c,7
0866_j75_b16_n5,0866,j75_b16_n5,early_stop,4095807,7dceddaa7f09af4b8aa2b4a34837620e91677cb9958889e10984d1dde97df3c5,7
0866_j75_b20_n2,0866,j75_b20_n2,early_stop,3793822,741b65e3307f3f6f1fdcf7c11393736f92e6bb2adb09ee30dc1b326a57350c86,7
0866_j90_b16_n2,0866,j90_b16_n2,early_stop,3972838,b4a190df00ca0ab26cc596150af464654b6c3f1ccb3d82201401b5c8f494bac6,7
0866_q8_b16_n2,0866,q8_b16_n2,early_stop,4237170,ff188d1393624249558e40594cbe0c840385cba93d519afaa0a572ec31a64ebe,7
0867_j50_b16_n2,0867,j50_b16_n2,early_stop,4187957,5e6f3edcd64626e112df50e1fea7a225e883384c33849b804858ff8e9995f580,7
0867_j75_b12_n2,0867,j75_b12_n2,early_stop,4275693,928aa8ebedeac67181b7642cf1d0b0b43051e9ce81a9f7f6cdbe885f7c208898,7
0867_j75_b16_n2,0867,j75_b16_n2,early_stop,4246911,5f8e1a196f064a42c2f869e42ef83da496cadb1c1bcf44223cd11be6bd482e84,7
0867_j75_b16_n5,0867,j75_b16_n5,early_stop,4385542,4db71ad5aee891f5f1aa8ce145b7879fc9854b3e26d57cc435036c9619ae1fc2,7
0867_j75_b20_n2,0867,j75_b20_n2,early_stop,4221878,2f4fe9f6d85966deaef68dbb80774be872d948c95afa162e366d92ece25fea09,7
0867_j90_b16_n2,0867,j90_b16_n2,early_stop,4319351,0a61f87efe2a0983b12539b19bb5fcf16133736e24f27b5f33b47f6053a6cac7,7
0867_q8_b16_n2,0867,q8_b16_n2,early_stop,4449635,62d9a2176ec971bd4e884e46c94ac771e4227c6e58ca89e0253b0283c3b273d0,7
0868_j50_b16_n2,0868,j50_b16_n2,early_stop,3806140,ff83164ecfc1bc7d76f6ad6c6a347dd7e6ac2551d38bf0724b97ef2a2d5ce8f4,7
0868_j75_b12_n2,0868,j75_b12_n2,early_stop,3849067,22a103d457e522d4cdb6886be6649e6540137af2bf69be989e484c2fa4f75b30,7
0868_j75_b16_n2,0868,j75_b16_n2,early_stop,3841525,9f59b767ab1b51793af4ea4ba7c5558227247a8ec1ff35177e7c1b9c4ee2fc7e,7
0868_j75_b16_n5,0868,j75_b16_n5,early_stop,4201800,aca97339bbdb95f96bc2f1ec280c2b304718e059036261f372d21f1afb5f4742,7
0868_j75_b20_n2,0868,j75_b20_n2,early_stop,3826694,81c3d01be65de134910b4191ae59da233e9af5173201bf71a5857de1d646626e,7
0868_j90_b16_n2,0868,j90_b16_n2,early_stop,3938737,ab2b2c70b416a612f5c9b107161abfe9d6ae2d71978b1e0546bd73b76fbd87b8,7
0868_q8_b16_n2,0868,q8_b16_n2,early_stop,4139166,30922b9c737ed49e69f4530ae43c92b996a893cfa5bba461904fd52ea3319fd9,7
0869_j50_b16_n2,0869,j50_b16_n2,calibration,4311733,79bdbb1c15f2209245ffe666e74118ef8aff9ef85568066f310b1f2eb026e7ae,8
0869_j75_b12_n2,0869,j75_b12_n2,calibration,4423863,8640807a6c145b0579f62f9aba8dde1e94746c0df5aa576405f358aad3ec7226,8
0869_j75_b16_n2,0869,j75_b16_n2,calibration,4376444,143f43ac255796369f2b5b10559f952a1bfb74f30c3fe6164ba666082f3dbe69,8
0869_j75_b16_n5,0869,j75_b16_n5,calibration,4431121,65bb5192c666e041fb4a78eed4df8ed9987272eeb4ad6978c48b84d3f279377a,8
0869_j75_b20_n2,0869,j75_b20_n2,calibration,4331041,d3f9d8fdf716b7294ceac7d84f927544fae497947f9982aa239b70b852cc8877,8
0869_j90_b16_n2,0869,j90_b16_n2,calibration,4397561,f57f1b570d04ab6385962cd6311d09bdab20b1ed5a3f024168bb7a94ca3929a9,8
0869_q8_b16_n2,0869,q8_b16_n2,calibration,4480165,9afd15f9424e6dd9fc8e8f0dd62c2706699ac2dc63a408dba4acd95fb0945913,8
0870_j50_b16_n2,0870,j50_b16_n2,calibration,4347291,7f47d4cc0537d64338f8fea29d7c9897c8d60364e6fa4480c6074a9e50e6b511,8
0870_j75_b12_n2,0870,j75_b12_n2,calibration,4429312,26de3594e602e38e703291b74f9f7bbdb478efaa1494d251f00935007e0db234,8
0870_j75_b16_n2,0870,j75_b16_n2,calibration,4402559,eecf183e14c510b037f1a69278ab09f585074425d5108cb53fce00ada0c1650c,8
0870_j75_b16_n5,0870,j75_b16_n5,calibration,4459156,e64c3eb1d930c56d0d50210096ee38cb145c4d415bd6407b2f143c9261fd3327,8
0870_j75_b20_n2,0870,j75_b20_n2,calibration,4375458,70178d8068dcae0503777180e72ee1ee735b1497d577cf684ae1c6c3fb1da84c,8
0870_j90_b16_n2,0870,j90_b16_n2,calibration,4430577,91787b3e4bf922b14e8aa40d995f3b748880c184f5c85c8eb2f1548be74b2949,8
0870_q8_b16_n2,0870,q8_b16_n2,calibration,4506689,6c7c3ec57c4b50cc4170b584863103af745f6414bfa48e8d848d9f219a22b79c,8
0871_j50_b16_n2,0871,j50_b16_n2,calibration,4077019,e64b25d377e1b0b360fd81082fed7a77a6c6d1864c0d6c1e51a750c95ec44436,8
0871_j75_b12_n2,0871,j75_b12_n2,calibration,4164648,cbfbf1d5f8a3d643a61587b98f85efcf6de1c17590355d2e598045a3cba67b4e,8
0871_j75_b16_n2,0871,j75_b16_n2,calibration,4140360,1e48e4c1ce96edbe1838305aa59671eec8aca4df8a327bc892243af5cc9de176,8
0871_j75_b16_n5,0871,j75_b16_n5,calibration,4300930,79712086950a52fb9d7d5550f6c76c3ead413d49a41e49a1dbe5d1105a77f9bf,8
0871_j75_b20_n2,0871,j75_b20_n2,calibration,4119840,7224c3281a48a08c10a889d67c244801e2bb4d7aa568e0cca6a1dfb87f7c039b,8
0871_j90_b16_n2,0871,j90_b16_n2,calibration,4208499,33e10185cbd8f96dbe478fc6d32625e1b73e9f5be9fa8127a0946a37c7730941,8
0871_q8_b16_n2,0871,q8_b16_n2,calibration,4371964,6de66f6276693350e69b391bcf4747a98bd2988694636b87cf6b0fad449db6cf,8
0872_j50_b16_n2,0872,j50_b16_n2,calibration,4256094,c7fa2c8bd5547b917f2995e38865a00dbe9e49bc0952f79c028e3bd1cf177c12,8
0872_j75_b12_n2,0872,j75_b12_n2,calibration,4346243,db9ae2c6b91a17cc7e10e860d6a5257776abf64d2bc214f33d08c672ac6a2da4,8
0872_j75_b16_n2,0872,j75_b16_n2,calibration,4311126,4d3a1cbfdf6a163f1ecf504a55b6ef8ccca1fcd3eda71e4bc917a5a9d859ae63,8
0872_j75_b16_n5,0872,j75_b16_n5,calibration,4406114,18c480d7a53da4b584e1dbfa40675ebb37f876d8401028855e59c411f1b7a6e8,8
0872_j75_b20_n2,0872,j75_b20_n2,calibration,4280099,ca29ceafdcf0f99be57458c0009e0e25dab8e21e559047cdc6f992fd43e506af,8
0872_j90_b16_n2,0872,j90_b16_n2,calibration,4351901,5f9c8410c6fb4ec12e3964830d6f8dac78267b1c611f62bb4433085b7a81e290,8
0872_q8_b16_n2,0872,q8_b16_n2,calibration,4469908,1e34c1ccbe632d329a9dfc59d043be5f1a6d2ff711162b1ab3eedb719bf174a1,8
0873_j50_b16_n2,0873,j50_b16_n2,calibration,4221841,34fbe3455841fdd9ddf85ece3459f85c9b828f60d4a913d87ca38d4286b6bb79,8
0873_j75_b12_n2,0873,j75_b12_n2,calibration,4310928,a6e688aac9f2ddbd1494fe0fefc09c5b15b0a80a17ac9c8ef3f7eb43aced5e7f,8
0873_j75_b16_n2,0873,j75_b16_n2,calibration,4275890,1dd985b7cd6200d955bbc40e301801b2e5b52d60038cd2d10afb00437f919a40,8
0873_j75_b16_n5,0873,j75_b16_n5,calibration,4357710,aed0899cf1c26dc18c61113d236d21a348163bd3a77c39b218a2e7f350f76b09,8
0873_j75_b20_n2,0873,j75_b20_n2,calibration,4243995,eb7a26e0890318727e82038848f0dd57a63ff32b20aeb0afa1765d4deacd9e0b,8
0873_j90_b16_n2,0873,j90_b16_n2,calibration,4308534,675d05f9cab9bfb76de6c25e6e8230904c73fbdb3cdcec0035c82bceaf9dbca3,8
0873_q8_b16_n2,0873,q8_b16_n2,calibration,4405450,697ceb9c57f9ff1bd278eaa68ba37b99d83a80b33ff66c3495a0b1c5a6cb5620,8
0874_j50_b16_n2,0874,j50_b16_n2,calibration,3852215,53aa7a4322b1e4109d239621d5348635873793e74bd4c65400e5870299c23736,8
0874_j75_b12_n2,0874,j75_b12_n2,calibration,3967250,a2fbf9451e7547ffaa835749ee05d80d140d5bd9cdd44065406a8e885d4d207f,8
0874_j75_b16_n2,0874,j75_b16_n2,calibration,3941772,681a7d5b823fc2221bef8bc8d7911ace55b5f49fdab45e1934d95d97d7e8caff,8
0874_j75_b16_n5,0874,j75_b16_n5,calibration,4159578,29a713d894769bb25d414c8e0fd9480d3836b7856b022aa1f18f6fa41dca0261,8
0874_j75_b20_n2,0874,j75_b20_n2,calibration,3914954,bb1dd8b0b5747185a200ec4dc75e90146ce01aaf6ae82cbe93bbe172aefc26ab,8
0874_j90_b16_n2,0874,j90_b16_n2,calibration,4070765,abdd93beb1ea374018b9fe835eace8cbf0d9f0ad9bda0e3ae54a832a904d1fdb,8
0874_q8_b16_n2,0874,q8_b16_n2,calibration,4306940,a6ba6a7fad4bd9ddb82e81ccc4341b8024d1b3afbab6abc12fd3fb044e6d5783,8
0875_j50_b16_n2,0875,j50_b16_n2,calibration,4264831,23dd0175a3adb2689c8288e5371f0924d2ca8aa5351848d052be259b5cd92c52,8
0875_j75_b12_n2,0875,j75_b12_n2,calibration,4360120,8b539ca82571f79e0351bd4d65d83d099db0a31991d568af734f34f0286df226,8
0875_j75_b16_n2,0875,j75_b16_n2,calibration,4319679,124742b92294a70574287bdd8f97b1efc8af65e00f40b135e3e68cf9cadf15d7,8
0875_j75_b16_n5,0875,j75_b16_n5,calibration,4387009,2796b28c01b8a4e5c0229209c186e3968e636ef9625ef7c2e601c81cfdd91d79,8
0875_j75_b20_n2,0875,j75_b20_n2,calibration,4282516,ac4afe7bb00702643a011e5f3244d6421b2a4b9c7b14f516d4accca694ba1341,8
0875_j90_b16_n2,0875,j90_b16_n2,calibration,4350558,786ec4e1a35ffb80730fc67be05229c0bc253ecf6e9db8cee2054fbfd77252b4,8
0875_q8_b16_n2,0875,q8_b16_n2,calibration,4433688,ad4d4d7930aa76b5bb587699a878e50b6b4c73becb95a34fb26540d4ad969319,8
0876_j50_b16_n2,0876,j50_b16_n2,calibration,4190905,cb42970d0a3c929911768713fa78498a19696161d242baa880476161249c84fc,8
0876_j75_b12_n2,0876,j75_b12_n2,calibration,4337384,722a2931e07bc18404469359511b5973fff565d32a62a4a3e51229b4a50caefc,8
0876_j75_b16_n2,0876,j75_b16_n2,calibration,4276826,fb28d9b641bb1e997d0bbd5d18c2cfa98987635c7855350daac4800dea8d35e6,8
0876_j75_b16_n5,0876,j75_b16_n5,calibration,4370484,876111786581437e4015a426a0b1f07a42186d01a349c710c97ea7cb9382b40d,8
0876_j75_b20_n2,0876,j75_b20_n2,calibration,4225390,8c2ad57b14e3ca60dd075e9a93f61080071a94e994f652612bf9e331aaeac267,8
0876_j90_b16_n2,0876,j90_b16_n2,calibration,4333300,4f39b47814515de5d1bbe6d23681f9780871466f60284bae332ea981b404e5ed,8
0876_q8_b16_n2,0876,q8_b16_n2,calibration,4450450,6ca7a12a7427dc13490f7aae65f1bed54da38b6b69f0bd80de35fb32b391b41b,8
0877_j50_b16_n2,0877,j50_b16_n2,calibration,3648693,8368d2c355081dca25924b2a7bce78130cd0417bbf63ff70ba1b8ecfae0c6eed,9
0877_j75_b12_n2,0877,j75_b12_n2,calibration,3657530,5cdaa4f3702cfecdbd4f008d9a6d97e942bc6a22e5511eb06c95b44f18152743,9
0877_j75_b16_n2,0877,j75_b16_n2,calibration,3652298,9637dfbd66b4c8a99d3aa0db9bcb2ba92a0ef22b9c2872bbe97055b9d8ecff9b,9
0877_j75_b16_n5,0877,j75_b16_n5,calibration,4072115,c55cd71c7d5457ab87160893e9886fd7811ba8002c52c797dcebe4d83d551101,9
0877_j75_b20_n2,0877,j75_b20_n2,calibration,3653378,01c90ee59caa98769bfe36d993e71d0b05ad0e1aac60c1688ff53a1568f32abb,9
0877_j90_b16_n2,0877,j90_b16_n2,calibration,3762520,0acc0b2bcf66bb4f3ea61c31f81e8dbe747462a90f695864a1d456e289816e41,9
0877_q8_b16_n2,0877,q8_b16_n2,calibration,3962976,118f8d23d48d13543eb9b85d1f44eb1ed328c04cfd6cc1bccc79f10e55f35780,9
0878_j50_b16_n2,0878,j50_b16_n2,calibration,4030415,06089d37243f275a54601e01e4bac18ca1bddca5af23da9a313e0c3dd309785c,9
0878_j75_b12_n2,0878,j75_b12_n2,calibration,4153462,93d671a57b322554d7883cf743c2de4c769bc7d9c1c34c590fbdf74630a17fbb,9
0878_j75_b16_n2,0878,j75_b16_n2,calibration,4124084,12cd0626172befc86dcd928596f988b4d29720be82874c3437987c32eb6f0697,9
0878_j75_b16_n5,0878,j75_b16_n5,calibration,4315302,141381ed559dd85e978477aa9c549172ea921bc98c5ce3db83cfccb340afbb9a,9
0878_j75_b20_n2,0878,j75_b20_n2,calibration,4098130,e26be575bd694ec635542c8ac5034a428188f6a6b6c1e972ca438ed1406c8fa6,9
0878_j90_b16_n2,0878,j90_b16_n2,calibration,4221211,df0662569324d42da3e83afc087be5f80da8a2f0a035b53a27181dbc55e9ab60,9
0878_q8_b16_n2,0878,q8_b16_n2,calibration,4425133,c1fcfd33316263d8d43be8088caf5b436d23f91fe23a8fcdea522b4c8a257767,9
0879_j50_b16_n2,0879,j50_b16_n2,calibration,3962115,0a3d87f3637f0bbc218cb9e7b42edfc607d63dfd3bccb547594acea8d50acd1e,9
0879_j75_b12_n2,0879,j75_b12_n2,calibration,4084230,74717b60eb76acf890ac066d333d797e2abf2b4fafd6b2d556d8e31835d4f0b8,9
0879_j75_b16_n2,0879,j75_b16_n2,calibration,4049162,281708ea3cead0f3e0fc09a1f10062dc682ead6457790b1ffe1fc0e0b92cd313,9
0879_j75_b16_n5,0879,j75_b16_n5,calibration,4232989,bf6689670123fd2e3d902a7407cac209e1d375b9437571c262cb4c1a0b028094,9
0879_j75_b20_n2,0879,j75_b20_n2,calibration,4015023,367d06bcc4879e69a171ea11ffab06e63e233fb1b977980a1b683075b1baaea3,9
0879_j90_b16_n2,0879,j90_b16_n2,calibration,4136896,5f5c17fcfeb404b6cc0d10c054d6a35e7680375eba9967b7b5895719436126de,9
0879_q8_b16_n2,0879,q8_b16_n2,calibration,4303420,f86c21683e46de4761c442d611bbbe766e265d94b53609624bfe089d244c071d,9
0880_j50_b16_n2,0880,j50_b16_n2,calibration,4054302,73b21a8c540688ba02e3e8e97103d5e53bc6577cafa2db5f1dd7e4af8db07fe7,9
0880_j75_b12_n2,0880,j75_b12_n2,calibration,4219640,af24f5e2edff78c57d5727414b48250fb69ba1de98828dbb90b90c1dc0a360a0,9
0880_j75_b16_n2,0880,j75_b16_n2,calibration,4179940,8af6a5c3447edd8405390994ff6ed6052e8e4ad2a59d50f14db3b9f41f2c687a,9
0880_j75_b16_n5,0880,j75_b16_n5,calibration,4319632,70a37ac7c6f3b5356c4493d607ffa2d67c2587f68236bac11bd2737fd8f7abb0,9
0880_j75_b20_n2,0880,j75_b20_n2,calibration,4145227,2a054ab131911cdce7fd7923164fbe4e1ad543f8bd3f40f96cfd01715b6a0bc3,9
0880_j90_b16_n2,0880,j90_b16_n2,calibration,4250058,1114ce8438915ced1a797ddfec94508fdfd6368fa8dc23f8efa303045ac5cea3,9
0880_q8_b16_n2,0880,q8_b16_n2,calibration,4413900,804bf2ed7a239615728c5b8fd9561cd897070d452826cbbf417f6cbe179de4e9,9
0881_j50_b16_n2,0881,j50_b16_n2,calibration,4073398,73848acd9787ea446171ab7b13272b5a5159c170c4d70b964536a7badb4d59b2,9
0881_j75_b12_n2,0881,j75_b12_n2,calibration,4259196,4d4aa2deab0848ceabb1e830eb44a4239f6a6a3e55b4778255c9c55fe06c1361,9
0881_j75_b16_n2,0881,j75_b16_n2,calibration,4200852,6915949f0b99fe6dbf2b7d759af407463e6164486d02974ead47c9f308a713da,9
0881_j75_b16_n5,0881,j75_b16_n5,calibration,4341394,bf82e06163ebb72720d75ef80834c81d330420dded5421f2fbab35801450fe23,9
0881_j75_b20_n2,0881,j75_b20_n2,calibration,4143564,6094aa5155fb5396d3115827302ae3fb05d32c589bc8b2191ce3d3dd0b018cde,9
0881_j90_b16_n2,0881,j90_b16_n2,calibration,4272172,bf8034ff84a6ebeabc1f8d66c30d9b1fc86aa8805911205f87a2fddea6abe583,9
0881_q8_b16_n2,0881,q8_b16_n2,calibration,4434190,f48daeb221e11a2a593e1b0b45a4f34644b5ed77c7a6c45a29ce88706c96f8d6,9
0882_j50_b16_n2,0882,j50_b16_n2,calibration,4164753,6b5b9bd3e200930def44c392b108ae19019c1856c6fd8c888323ef98380df6a7,9
0882_j75_b12_n2,0882,j75_b12_n2,calibration,4263981,312b6392863476345b6619e8eece6a6bde9ca28e6621a7768868c3501e1a5062,9
0882_j75_b16_n2,0882,j75_b16_n2,calibration,4238135,8ca1c4a5eee3b2876f389ec51ed21801210c5e2a9c15fb05147b55e780e6b027,9
0882_j75_b16_n5,0882,j75_b16_n5,calibration,4398065,6844278c89f70f56d4e04db35b1b89d313035bc97079827fc3694956a4e356b2,9
0882_j75_b20_n2,0882,j75_b20_n2,calibration,4218295,ae222f6d9c001e9a0e0e4ff941355c80236e2ab23ea3eac793c85b572b5c225f,9
0882_j90_b16_n2,0882,j90_b16_n2,calibration,4323582,db97e7ba70ec4f56152457ab48c4745de0496d41e3a2cfe265067a7f7d80ba24,9
0882_q8_b16_n2,0882,q8_b16_n2,calibration,4480387,32236ee8e31dd0b42f043b3e7d57af38dc0da26ed6b3a03a4fddf3af945d1837,9
0883_j50_b16_n2,0883,j50_b16_n2,calibration,4305901,523fbbf27a496c6d046f8ca901f46427d4b7b70a1df04f428a87432753513ad5,9
0883_j75_b12_n2,0883,j75_b12_n2,calibration,4427253,1726c0fa02371ce41e2756b6a5fc9b7f94e80667dda624a80a44eca533759d7e,9
0883_j75_b16_n2,0883,j75_b16_n2,calibration,4378986,ace3ba611a302e8109948510bca2e6df85cd6a9fa9f988ca223233c132cfece9,9
0883_j75_b16_n5,0883,j75_b16_n5,calibration,4428305,02f93fcd491b0eba9eaf6e6c4c3ce7ab130fd835b3eb560f8d65aa3518b847de,9
0883_j75_b20_n2,0883,j75_b20_n2,calibration,4328078,25ddd6ca7070c0749a91a7564318d2ef8f34090561ed43a32e9110e37aa3ab3d,9
0883_j90_b16_n2,0883,j90_b16_n2,calibration,4400810,b692b3a352419db891524250ab0a16cdedd9c9c4baa011271d9b034887b10f8a,9
0883_q8_b16_n2,0883,q8_b16_n2,calibration,4470232,b4536d33c9f922dd50138e0820d6f22bc195c0fc5fb25c9e5e81a5efc6034015,9
0884_j50_b16_n2,0884,j50_b16_n2,calibration,4213509,b53eb5089221209d53d90d7955e08ca1fc2d2758868fa5d1189ff7f9c23bb1d0,9
0884_j75_b12_n2,0884,j75_b12_n2,calibration,4325092,045938f80a573b1b2f003850c41fa32ea2975e202376606a434e9b34a4dd4c8e,9
0884_j75_b16_n2,0884,j75_b16_n2,calibration,4285157,eae23ffd0490585686b63786cfb1bb83b15719847f9c2bdc7e67ac09a8b13b5d,9
0884_j75_b16_n5,0884,j75_b16_n5,calibration,4397907,58eb4761f53e947e29c393199714404c84c2ddc97570dc33be8404765be0bf1d,9
0884_j75_b20_n2,0884,j75_b20_n2,calibration,4253100,478d2eafd81f2cb6c61cb2ea228b474a517e7559c961041349876db3dadd0ba1,9
0884_j90_b16_n2,0884,j90_b16_n2,calibration,4342211,e872e1784cba45f503517d5ea4dabe485fc026e37167d6260986ed5e4f5bacc5,9
0884_q8_b16_n2,0884,q8_b16_n2,calibration,4473790,7bafecc9f5a7a6066ff9fbaa0d3c1483009cf5d28a60729ee3951e991390a8f8,9
0885_j50_b16_n2,0885,j50_b16_n2,calibration,4091925,b87e6f0d1cd49c4e2ff550093aa5745cb8c76e10cb4780e001139bbb2ac8a9a0,10
0885_j75_b12_n2,0885,j75_b12_n2,calibration,4199857,3588711c4c19175d4db4ed089325f2e4849b9bc650c8c5b13e8b73003f0fdbee,10
0885_j75_b16_n2,0885,j75_b16_n2,calibration,4137959,8eb630ad10d309903cefa00f68f9d6ef8272ae6649ce4536dfb25cab41c44e5e,10
0885_j75_b16_n5,0885,j75_b16_n5,calibration,4219433,415623bd9f2b03ead13e910e2fde8dcf7b8de2f83249e31240f60460ff536bf5,10
0885_j75_b20_n2,0885,j75_b20_n2,calibration,4080955,91009b823b69e93c1da96401e4f4d5c0098f89af4cd8929512dd3b9f3182eef2,10
0885_j90_b16_n2,0885,j90_b16_n2,calibration,4147492,9217d55e94de2fccc80075439fd1a24006e26e0891d453bd1ff6789a8bee627c,10
0885_q8_b16_n2,0885,q8_b16_n2,calibration,4267552,3e1cbb80e564d3fc866affdd958087c6f468b60819c7c6292ba5cb3a61d50efa,10
0886_j50_b16_n2,0886,j50_b16_n2,calibration,4305537,57b6d36cf0f7b6837b4b8d635df67464581414bbed226825bffad0b067fc27f2,10
0886_j75_b12_n2,0886,j75_b12_n2,calibration,4371881,b59751624f30bbcd529bd575ab25f53ffa3c7c8faadbf3dd38a2f01dd31e7d23,10
0886_j75_b16_n2,0886,j75_b16_n2,calibration,4360682,70c9690d6b9a6961ed4d051dcb00625ec583f22d563850608b99e5d69c33f3e7,10
0886_j75_b16_n5,0886,j75_b16_n5,calibration,4479274,4bf89e190896f5bd71a415b7b92bb5030b8ed662b38c63365913dffbf9dc084d,10
0886_j75_b20_n2,0886,j75_b20_n2,calibration,4348926,8de235adf09b90478a75bb0147d9ddc6edb94bf805c0553ccec8b2f33ea95b75,10
0886_j90_b16_n2,0886,j90_b16_n2,calibration,4419097,5a95d2a778dcbbe177fbe8716c74886965fb8abb817fe2dde896c03b75d85858,10
0886_q8_b16_n2,0886,q8_b16_n2,calibration,4533147,8fb6b265b9b97930b60415c0ff743b77b99146b93b20851afe3e8941dcf33723,10
0887_j50_b16_n2,0887,j50_b16_n2,calibration,4037666,925e20a63a2da2833e67bcdcda6b4b6c02aad9b4a70efc0d4a58dd7d66d9d137,10
0887_j75_b12_n2,0887,j75_b12_n2,calibration,4145886,8e803142712da79ecd3fe404877573e2edb9a6c0a6c0fdfe94533587039b11e6,10
0887_j75_b16_n2,0887,j75_b16_n2,calibration,4114620,0fef08e3a0fb063f2209a2e06c7edc98ac427dc072a53ff189f29db46cca2ba8,10
0887_j75_b16_n5,0887,j75_b16_n5,calibration,4293700,a9fef4b4bf25dc1271a84fc58fd3f2a4cfd3453d858ae89da203475d30763f04,10
0887_j75_b20_n2,0887,j75_b20_n2,calibration,4087386,ecfb3a6258c1f6a3ccf7b53b595496c12f62e7a1d9487908a71e1cbf3c5bbe36,10
0887_j90_b16_n2,0887,j90_b16_n2,calibration,4203711,92bf2698ac8cb6133cd8fa349da965a52592ccc10bfb76f5477a9e15bdd471a3,10
0887_q8_b16_n2,0887,q8_b16_n2,calibration,4373575,7ff365878ed3c242dc511721c70f7e8cf1f899a2187eafd81cf2801cfd9d9ca2,10
0888_j50_b16_n2,0888,j50_b16_n2,calibration,4162250,5af3d2325524af59a8660e2ed528645f5c4b08318829fdd7353c01229661fc14,10
0888_j75_b12_n2,0888,j75_b12_n2,calibration,4253945,c42576b449f889ba0df1c6efb7feddaba4efbb894815f2d1a76aa4a0d69d61d7,10
0888_j75_b16_n2,0888,j75_b16_n2,calibration,4237212,1912479fd0def91813ffbd74d994491f92a0a1cee79f0f1c1ed5d192f84f363c,10
0888_j75_b16_n5,0888,j75_b16_n5,calibration,4414218,385c75af41efbfa1866e0a2f10ffc4feea5723bf61bfa7b8b13e80616e6cfb98,10
0888_j75_b20_n2,0888,j75_b20_n2,calibration,4221858,774f703a55172dcdbb5833c7d36fa5b323d56ff69d7a9589ce0900c3953ace74,10
0888_j90_b16_n2,0888,j90_b16_n2,calibration,4333434,6d8f5aed201788a9a1c67e9d6f3b08e504885a479f2668fbc680e1e69e1c81cf,10
0888_q8_b16_n2,0888,q8_b16_n2,calibration,4505946,f2eedd47378e8fd3208f5e49f8b49e714cf3866f03c2efec67867827c1b78b30,10
0889_j50_b16_n2,0889,j50_b16_n2,calibration,4341616,17f52eb89acb350d0c5273ca27c26c6c685013af15506aa80d5b61febf297060,10
0889_j75_b12_n2,0889,j75_b12_n2,calibration,4414988,8a188f4c9d6283bfdb00a4ca1617b3ba5abdd07f9be124abb920ffa4c43388fc,10
0889_j75_b16_n2,0889,j75_b16_n2,calibration,4397794,84368e523aa7ffbc8fdcfae0d2eb5cecfa2d9fc441b107a03fd53496613fe1a0,10
0889_j75_b16_n5,0889,j75_b16_n5,calibration,4486982,1576c47cb9a0558751031ea9bfbda5c79801badafdc5dd03a9aceaa342c3b6d0,10
0889_j75_b20_n2,0889,j75_b20_n2,calibration,4378778,3647275993d574fcba94c0d692a1d3f4619b7a92740ee51e10ab7c4c8a34dda2,10
0889_j90_b16_n2,0889,j90_b16_n2,calibration,4437927,442eff9fef57741b38af07cf321f7403304a45779ffa5299a8fc4fff5cd3a0fc,10
0889_q8_b16_n2,0889,q8_b16_n2,calibration,4547046,f37a4c0b67eeb4f470f3ce9020460e1599448cfb01832df46ab96823b25864ea,10
0890_j50_b16_n2,0890,j50_b16_n2,calibration,3940484,aff02cafdf90eb02204eae005cb32efee18a01160defe530ab1637875825728d,10
0890_j75_b12_n2,0890,j75_b12_n2,calibration,4071540,b6c8dfb97c6a6e227d517c033b940f22f2d5572085c97098fd44ea752ad7702c,10
0890_j75_b16_n2,0890,j75_b16_n2,calibration,4028310,42d9f34f435f04f5cca8fc7a35d3190f2d4c0109f2eacf8e1a3059de70b35e50,10
0890_j75_b16_n5,0890,j75_b16_n5,calibration,4224868,53ecad005258fccd0bd65c51705e2227b8bb92d055835089e1469e5d9c4c8af8,10
0890_j75_b20_n2,0890,j75_b20_n2,calibration,3991817,8116c6caec7341b9c716315d70b0454ccd8c21e9212d2332b9d32122d59e86bd,10
0890_j90_b16_n2,0890,j90_b16_n2,calibration,4111827,3d0ae6346294e564e1ea6c483adaa5e8a2baf0ffec8c6aeba32c09a2aabb7284,10
0890_q8_b16_n2,0890,q8_b16_n2,calibration,4273740,2cbecc970fcdf0fcd6ba02411bc434ac354fc6e53cc859069de2c42345aff238,10
0891_j50_b16_n2,0891,j50_b16_n2,calibration,4024693,a99bb6840877d9a627cb23c628772434e80ed452e7eef028aa05aeb1a9f59c8f,10
0891_j75_b12_n2,0891,j75_b12_n2,calibration,4120260,29c65e8a1e4a3eef4e9b3b1812ba9cd5b19791d390b0189e4aabd301c01571e5,10
0891_j75_b16_n2,0891,j75_b16_n2,calibration,4099550,b4eac31c574ee56f6a1b9602c52c28f70d71ed99b050dff9908779aa0e0b94ca,10
0891_j75_b16_n5,0891,j75_b16_n5,calibration,4319171,4fe286aa27e94c978003b9484986795f0b39eb6caa7d7863ddca78888845f04f,10
0891_j75_b20_n2,0891,j75_b20_n2,calibration,4081850,bd64f0b0e68a9ee6b3676e75913141aee4af837738a09d877e1738e70134fc17,10
0891_j90_b16_n2,0891,j90_b16_n2,calibration,4206215,751dbc81f36d69a1c9c5907324b045a70560a99fa93ca5c017f61f708e84e187,10
0891_q8_b16_n2,0891,q8_b16_n2,calibration,4417074,e4bc5d856d19e0fc484a8adcae02558d73dc210a065c2756d426f234772c5fb7,10
0892_j50_b16_n2,0892,j50_b16_n2,calibration,4097836,bc7459329b66dac6ac3f8a33db83d64f1bb2edff8142f92f5573d7ddc099f73f,10
0892_j75_b12_n2,0892,j75_b12_n2,calibration,4160664,36985371ccf44e66b3be287dd7860e9db5fa654034fc18d2564a69327d1b762c,10
0892_j75_b16_n2,0892,j75_b16_n2,calibration,4137371,abac5b9dcb4b6fe371b5a94d74bdedb9de1eac2df9312265f6e3026346b0933c,10
0892_j75_b16_n5,0892,j75_b16_n5,calibration,4293432,0dde13cfc8c1869e0c89be02890cd1f7cd1bd671b4edcc564920f2f2d0d33b3f,10
0892_j75_b20_n2,0892,j75_b20_n2,calibration,4114583,d1b96a813d476df6d304d87c06af23d1a11d75f360f775cc1eb984a903296218,10
0892_j90_b16_n2,0892,j90_b16_n2,calibration,4189986,4292e3e7532550e3570dce884fc5be192c89e7b57401f8baa614556380d8a7a9,10
0892_q8_b16_n2,0892,q8_b16_n2,calibration,4383742,2a4c835c18738aeb1d70829afccb5804f6a4c6567bfcd8e30c9b98598611c547,10
0893_j50_b16_n2,0893,j50_b16_n2,calibration,3882927,c58f78a773244e021ef444734d4b6544e5ca9a341f6773fed74b2635311368d5,11
0893_j75_b12_n2,0893,j75_b12_n2,calibration,4023506,063d1f958c50f3aed64d31d6cc74216ae822106c5747c1a8981df51d58c45849,11
0893_j75_b16_n2,0893,j75_b16_n2,calibration,3978705,e9bdc2a5f2aacfb715d5d4e7270a6fd3b4b0659b4babe562a2a8266a5dc54046,11
0893_j75_b16_n5,0893,j75_b16_n5,calibration,4191220,a3808e4547456629bedb8436b9b0c509ab1c7c971c8d4429af927e48481cecce,11
0893_j75_b20_n2,0893,j75_b20_n2,calibration,3944802,08e5719b475616ef5b1504ef612d092a454786298c99099732e30bb737036164,11
0893_j90_b16_n2,0893,j90_b16_n2,calibration,4081703,04d6ec19f7982bfa6aeba09eb5512c69a9060baf592a4a17c1c4ee328ff34245,11
0893_q8_b16_n2,0893,q8_b16_n2,calibration,4294405,52573e6bb2f56857b543fc7631bec3db8c828c8213e114cbfa126cdeb45cbe5c,11
0894_j50_b16_n2,0894,j50_b16_n2,calibration,3884391,b1bf4d1261e99d5562762486ff1202b62d68a58b7350e44dc3f774fa9456f93c,11
0894_j75_b12_n2,0894,j75_b12_n2,calibration,3974504,4f154872fa8acc5e367f5eff360738052b90e89d3bd64902c923d41709f271ac,11
0894_j75_b16_n2,0894,j75_b16_n2,calibration,3960280,c4202e7739dbc1ca9b517082593ed4e051874997fe37954c5f4b68962b721162,11
0894_j75_b16_n5,0894,j75_b16_n5,calibration,4226669,2e7d485cf7200e93cbd40697bd2910f3b2203d95edc30e44f850f28b5487d7bd,11
0894_j75_b20_n2,0894,j75_b20_n2,calibration,3949147,3dd28756f0a444e6f41d2343b73928e8b75ac05620a522e9a4593ba8b94f1930,11
0894_j90_b16_n2,0894,j90_b16_n2,calibration,4095012,f7f717a3240022071ff62d5a9ca18551f810a6b3476f7424a62c4edd5c7f5b61,11
0894_q8_b16_n2,0894,q8_b16_n2,calibration,4369309,ee2d4bf4d6b87560940a9b44c2ef64bc25b002d5aff51fa373905a209b31e017,11
0895_j50_b16_n2,0895,j50_b16_n2,calibration,4091034,d9f879afdeb8a4eb8e5c8fd05763aed2b26c1dee28806a0d1c7e15762d095e2d,11
0895_j75_b12_n2,0895,j75_b12_n2,calibration,4265056,a6510cb95617ecdb4eaa7c05befc83646d40cdd9549bb641537753e63c04f73c,11
0895_j75_b16_n2,0895,j75_b16_n2,calibration,4201480,1ab76399d5eacb108cc073dade49eb5722f368da5aa3c24de0240260823dd74b,11
0895_j75_b16_n5,0895,j75_b16_n5,calibration,4325206,773560609fdd5b79f8a0587584009a79369c48576ab92838f791ca8908a7546b,11
0895_j75_b20_n2,0895,j75_b20_n2,calibration,4146591,8f75875c9eb3a9a86e1f26b1b939bcae491b1bfc876ebb5f41185ca47bd5ca5b,11
0895_j90_b16_n2,0895,j90_b16_n2,calibration,4262729,166ea535dee8c30beb32bca91ef46359f81fa4502a66105f64a005db5286123d,11
0895_q8_b16_n2,0895,q8_b16_n2,calibration,4404277,537950d7f0985aa51854b3185b8aab6b8c9ce518e71c496140d2040d835d20a6,11
0896_j50_b16_n2,0896,j50_b16_n2,calibration,3645641,803ca54dddfa5c8fb111872ee7db70a865ed99f695d2214f8f73d8e63d924725,11
0896_j75_b12_n2,0896,j75_b12_n2,calibration,3790112,3375c1b6e3d74151b6f3fe0c09b354d480561c4b607948b3d055ab349a674f6a,11
0896_j75_b16_n2,0896,j75_b16_n2,calibration,3758166,1a178e997cab5f7904864f110041e2560af0f409be00a4d841610c83e9649844,11
0896_j75_b16_n5,0896,j75_b16_n5,calibration,4136244,b6b01ff8ba41c6ecd57b66ea0e5daea5aa2212dd2c9f85bae41cdeb1a33c35f0,11
0896_j75_b20_n2,0896,j75_b20_n2,calibration,3738640,c04543ff6ddbd1d02b1cb983f06439de0d533764155f7c9744082a3f55ed7180,11
0896_j90_b16_n2,0896,j90_b16_n2,calibration,3943298,6196cf125545ffd59d8b0f713852ea94d07ea1fa6639330535fba639eb285ca6,11
0896_q8_b16_n2,0896,q8_b16_n2,calibration,4158338,5b6db446ac7973ea7c44b77b947209ff6fb6c687b2cac3c329dcfaece19e0354,11
0897_j50_b16_n2,0897,j50_b16_n2,calibration,4534944,b5f26ce57bc0d4e55feb47eb92c0b596474622d94e97a72eef58299b47ee9942,11
0897_j75_b12_n2,0897,j75_b12_n2,calibration,4566552,a980e3c6ecb03c3dcabfac816888ba239e3d41a3676b5b4c326e9eac476004c6,11
0897_j75_b16_n2,0897,j75_b16_n2,calibration,4548409,aff8ee0a7c77be2d5486a381254154b9e312c2eaae40520ded38dae3978011ba,11
0897_j75_b16_n5,0897,j75_b16_n5,calibration,4569843,62f9f53bc6b2ba612bff3280b8a3089b7438569b2b32bffa33e951abbfc9f751,11
0897_j75_b20_n2,0897,j75_b20_n2,calibration,4530724,5d17b9d8900bfff0e6fbb1bdc17585fb5d6b675b96ebefd30d940501c8e82fd3,11
0897_j90_b16_n2,0897,j90_b16_n2,calibration,4548936,bee0809adbffa935853689b1b5faca9b3a99ee1f91fc4e45a25647a0a0b42213,11
0897_q8_b16_n2,0897,q8_b16_n2,calibration,4589592,535fe1b892e9cbd25717fd2de9c48c82b260e83cb2969b6b080a08d91755233c,11
0898_j50_b16_n2,0898,j50_b16_n2,calibration,3874577,10e27816a65a103d520c3b2ae0a7d20a8473c309d4b832483ece452a59da21d3,11
0898_j75_b12_n2,0898,j75_b12_n2,calibration,3977163,a96ad7d82ccb11af346c322ced9f8e2456eb482f543ad69493347830979fe94c,11
0898_j75_b16_n2,0898,j75_b16_n2,calibration,3945061,fb7364a13fcd25cfc2b49fbe8da3e913853959db7cce915f2b545c87312308a9,11
0898_j75_b16_n5,0898,j75_b16_n5,calibration,4210875,ee04067b7c8d284b3e06aef8ba7ee02647fd57104a6886176c0816107f9a6789,11
0898_j75_b20_n2,0898,j75_b20_n2,calibration,3923137,0335509ad613a52f74e4f946d754154f4f176b24112a2348c7d86685b87fc181,11
0898_j90_b16_n2,0898,j90_b16_n2,calibration,4066780,c67ae8ae3e65196b6938401e08ac7226110942d4c06a27d8aa3074037b8de967,11
0898_q8_b16_n2,0898,q8_b16_n2,calibration,4225948,a4ded29dde16efc0e8f06e57170cf25c89f6ba139a330f4900775c0b03739bf6,11
0899_j50_b16_n2,0899,j50_b16_n2,calibration,4216924,bda54ecd49187ad3bb98b3807a79a8fe8252fd2789c569e519d6706b8bd884bf,11
0899_j75_b12_n2,0899,j75_b12_n2,calibration,4291688,a58938f428e03d18246d2f015eeb597278ec8328034479c8b88f8d9617e67f78,11
0899_j75_b16_n2,0899,j75_b16_n2,calibration,4259886,9c806e601388988b2e6e5178011b4fbbb6d43979bb7b3e53c1dca550709249d4,11
0899_j75_b16_n5,0899,j75_b16_n5,calibration,4350128,1dfdc5401af4fce1aed3243605beb4a88c41e9fffb3b4059019a293b3969a077,11
0899_j75_b20_n2,0899,j75_b20_n2,calibration,4231906,d6805758c205e50adef2924f00b914e4276004df5ee03339ab9cb88ddaeaf33c,11
0899_j90_b16_n2,0899,j90_b16_n2,calibration,4268131,ca3fb198b81028ae50172d0ee3b344ed947bd8658085ff97fb953d7d276fa0be,11
0899_q8_b16_n2,0899,q8_b16_n2,calibration,4399448,e751832e9cb422cfbb8313550519863d06012d41c0260c2f52cf1731848a23a5,11
0900_j50_b16_n2,0900,j50_b16_n2,calibration,4223452,9723a07683390d1f45f88e9b29c0a990736707775257d3cec7715b4c8211c294,11
0900_j75_b12_n2,0900,j75_b12_n2,calibration,4339012,6fa76b94c8dd3e9b3d2fdd75bc9829dd76c6227fc47f1ab4a13f4673f3432339,11
0900_j75_b16_n2,0900,j75_b16_n2,calibration,4303537,d41c0a8937e97109b9f262cb2290efcf7ae7a08802a3456ab77852e4777e7fed,11
0900_j75_b16_n5,0900,j75_b16_n5,calibration,4437338,df1b06847743a06466716e4b2bcd8538fb3a2ba0b4eb86985b7405b9b139d2a5,11
0900_j75_b20_n2,0900,j75_b20_n2,calibration,4269882,19ad138407fe74359111047325f83e7f53ceb8908ef64f4416c675ffa8da38f4,11
0900_j90_b16_n2,0900,j90_b16_n2,calibration,4378468,289db1140a75b50bf59cc6f08bfe010f8759960dea688774152653ea44150c6a,11
0900_q8_b16_n2,0900,q8_b16_n2,calibration,4531149,d87db9786313610466322b0cbfe8e54d628fb53895393db848906b0c6d2b86e8,11
