source_id,stage,pipeline,region,coverage,control,delta_rgb_mse,delta_detail_mse,delta_bad_detail_rate_0.025,delta_bad_detail_rate_0.05,delta_bad_detail_rate_0.1
0801,jpeg_q75,dpir_nominal,all,0.5,image_transform_spread_detail,-8.54669447770906e-06,-5.312996074599029e-06,0.0,0.0,0.0
0801,jpeg_q75,dpir_nominal,all,0.5,measurement_residual,-6.93114317555897e-05,-4.5809987807365854e-05,-0.01171875,-0.001953125,0.0
0801,jpeg_q75,dpir_nominal,all,0.5,image_gradient,-3.153788352390563e-05,-2.086340584839562e-05,-0.001953125,0.0,0.0
0801,jpeg_q75,dpir_nominal,all,0.5,random_expected,-0.00044862392877931636,-0.00026026311506291856,-0.0908203125,-0.0263671875,-0.0009765625
0801,jpeg_q75,dpir_nominal,all,0.75,image_transform_spread_detail,-1.3414924674801494e-05,-7.660667824369933e-06,-0.0026041666666666665,0.0,0.0
0801,jpeg_q75,dpir_nominal,all,0.75,measurement_residual,-0.00013774500344176902,-9.991826103936646e-05,-0.041666666666666664,-0.009114583333333334,0.0
0801,jpeg_q75,dpir_nominal,all,0.75,image_gradient,-1.8351575775669467e-05,-1.8920223302657197e-05,-0.01171875,0.0,0.0
0801,jpeg_q75,dpir_nominal,all,0.75,random_expected,-0.0003836377584785016,-0.00023715484030929356,-0.0908203125,-0.0263671875,-0.0009765625
0801,jpeg_q75,dpir_nominal,all,0.9,image_transform_spread_detail,-4.859047238386992e-07,-7.706913972070184e-07,0.0,0.0,0.0
0801,jpeg_q75,dpir_nominal,all,0.9,measurement_residual,-0.0001671934607730265,-0.00012260794777483426,-0.05531453362255965,-0.015184381778741865,0.0
0801,jpeg_q75,dpir_nominal,all,0.9,image_gradient,-1.8869915036781885e-05,-2.964077775506442e-05,-0.013015184381778741,-0.0032537960954446853,0.0
0801,jpeg_q75,dpir_nominal,all,0.9,random_expected,-0.0002979967624688991,-0.0002049395461211449,-0.07563593072125814,-0.0263671875,-0.0009765625
0801,jpeg_q75,dpir_nominal,all,1.0,image_transform_spread_detail,1.0842021724855044e-19,0.0,0.0,0.0,0.0
0801,jpeg_q75,dpir_nominal,all,1.0,measurement_residual,-1.0842021724855044e-19,5.421010862427522e-20,0.0,0.0,0.0
0801,jpeg_q75,dpir_nominal,all,1.0,image_gradient,0.0,0.0,0.0,0.0,0.0
0801,jpeg_q75,dpir_nominal,all,1.0,random_expected,0.0,5.421010862427522e-20,0.0,0.0,0.0
0801,jpeg_q75,dpir_nominal,textured_quartile,0.5,image_transform_spread_detail,-2.99177336351205e-06,1.7794071758513153e-06,0.0078125,0.0,0.0
0801,jpeg_q75,dpir_nominal,textured_quartile,0.5,measurement_residual,-0.0008417899535420848,-0.0005945722414809457,-0.25,-0.078125,0.0
0801,jpeg_q75,dpir_nominal,textured_quartile,0.5,image_gradient,-0.00010849910182285632,-0.00011282957080865864,-0.0625,-0.0078125,0.0
0801,jpeg_q75,dpir_nominal,textured_quartile,0.5,random_expected,-0.0010567932718771593,-0.000734387538615855,-0.2890625,-0.1015625,-0.00390625
0801,jpeg_q75,dpir_nominal,textured_quartile,0.75,image_transform_spread_detail,-6.422462913455065e-05,-4.60593435253413e-05,-0.03645833333333334,-0.005208333333333333,0.0
0801,jpeg_q75,dpir_nominal,textured_quartile,0.75,measurement_residual,-0.0007238066763812168,-0.0005461053490021703,-0.20833333333333331,-0.078125,-0.005208333333333333
0801,jpeg_q75,dpir_nominal,textured_quartile,0.75,image_gradient,-0.00015712697369558353,-0.00017544355668652132,-0.06770833333333334,-0.026041666666666668,0.0
0801,jpeg_q75,dpir_nominal,textured_quartile,0.75,random_expected,-0.0008764898730990663,-0.0006564781331423305,-0.21875,-0.1015625,-0.00390625
0801,jpeg_q75,dpir_nominal,textured_quartile,0.9,image_transform_spread_detail,-0.00015261438422872167,-0.0001435620584509153,-0.008658008658008642,-0.047619047619047616,0.0
0801,jpeg_q75,dpir_nominal,textured_quartile,0.9,measurement_residual,-0.00047186578496549725,-0.0003835861972848649,-0.06926406926406925,-0.08225108225108224,-0.004329004329004329
0801,jpeg_q75,dpir_nominal,textured_quartile,0.9,image_gradient,-0.00011111660364725444,-0.00012128430666154635,0.0,-0.043290043290043295,0.0
0801,jpeg_q75,dpir_nominal,textured_quartile,0.9,random_expected,-0.0005349407799774279,-0.00042936478910107897,-0.07271374458874458,-0.08857548701298701,-0.00390625
0801,jpeg_q75,dpir_nominal,textured_quartile,1.0,image_transform_spread_detail,0.0,0.0,0.0,0.0,0.0
0801,jpeg_q75,dpir_nominal,textured_quartile,1.0,measurement_residual,-2.168404344971009e-19,0.0,0.0,0.0,0.0
0801,jpeg_q75,dpir_nominal,textured_quartile,1.0,image_gradient,0.0,0.0,0.0,0.0,0.0
0801,jpeg_q75,dpir_nominal,textured_quartile,1.0,random_expected,0.0,2.168404344971009e-19,0.0,0.0,0.0
0801,jpeg_q75,fbcnn_dpir,all,0.5,image_transform_spread_detail,-1.2635242915927245e-05,-8.363457694792712e-06,0.0,0.0,0.0
0801,jpeg_q75,fbcnn_dpir,all,0.5,measurement_residual,-5.055263167483894e-05,-2.565985626184346e-05,0.0,0.0,0.0
0801,jpeg_q75,fbcnn_dpir,all,0.5,image_gradient,-3.791362343974315e-05,-2.260474645103384e-05,0.0,0.0,0.0
0801,jpeg_q75,fbcnn_dpir,all,0.5,random_expected,-0.00028715747911462847,-0.00010470036847416689,-0.052734375,0.0,0.0
0801,jpeg_q75,fbcnn_dpir,all,0.75,image_transform_spread_detail,-1.3689215092516684e-05,-7.428249702399888e-06,0.0,0.0,0.0
0801,jpeg_q75,fbcnn_dpir,all,0.75,measurement_residual,-6.545141086511516e-05,-2.976941025495784e-05,-0.006510416666666667,0.0,0.0
0801,jpeg_q75,fbcnn_dpir,all,0.75,image_gradient,-2.6499889790856614e-05,-1.3063937912618447e-05,-0.0026041666666666665,0.0,0.0
0801,jpeg_q75,fbcnn_dpir,all,0.75,random_expected,-0.00023459213684795652,-8.590450774027022e-05,-0.052734375,0.0,0.0
0801,jpeg_q75,fbcnn_dpir,all,0.9,image_transform_spread_detail,-1.1528266355326672e-05,-5.351280151285955e-06,-0.005422993492407809,0.0,0.0
0801,jpeg_q75,fbcnn_dpir,all,0.9,measurement_residual,-8.989354468359008e-05,-3.9252931102673786e-05,-0.0368763557483731,0.0,0.0
0801,jpeg_q75,fbcnn_dpir,all,0.9,image_gradient,-1.2225167134389972e-05,-6.4441269266071315e-06,-0.005422993492407809,0.0,0.0
0801,jpeg_q75,fbcnn_dpir,all,0.9,random_expected,-0.00016084726795715027,-6.134658886615829e-05,-0.05164977630151844,0.0,0.0
0801,jpeg_q75,fbcnn_dpir,all,1.0,image_transform_spread_detail,0.0,0.0,0.0,0.0,0.0
0801,jpeg_q75,fbcnn_dpir,all,1.0,measurement_residual,-5.421010862427522e-20,0.0,0.0,0.0,0.0
0801,jpeg_q75,fbcnn_dpir,all,1.0,image_gradient,0.0,0.0,0.0,0.0,0.0
0801,jpeg_q75,fbcnn_dpir,all,1.0,random_expected,0.0,0.0,0.0,0.0,0.0
0801,jpeg_q75,fbcnn_dpir,textured_quartile,0.5,image_transform_spread_detail,-7.766620441488313e-05,-4.154965588659606e-05,-0.0078125,0.0,0.0
0801,jpeg_q75,fbcnn_dpir,textured_quartile,0.5,measurement_residual,-0.0004566287945709101,-0.00021901062159769146,-0.171875,0.0,0.0
0801,jpeg_q75,fbcnn_dpir,textured_quartile,0.5,image_gradient,-8.918401404034893e-05,-4.772841628111773e-05,-0.0234375,0.0,0.0
0801,jpeg_q75,fbcnn_dpir,textured_quartile,0.5,random_expected,-0.0005291720664930451,-0.0002050880147962689,-0.203125,0.0,0.0
0801,jpeg_q75,fbcnn_dpir,textured_quartile,0.75,image_transform_spread_detail,-4.071545773023152e-05,-2.0696224474716057e-05,-0.026041666666666664,0.0,0.0
0801,jpeg_q75,fbcnn_dpir,textured_quartile,0.75,measurement_residual,-0.000336022326147886,-0.00014403139024374122,-0.15104166666666666,0.0,0.0
0801,jpeg_q75,fbcnn_dpir,textured_quartile,0.75,image_gradient,-6.375603862579613e-05,-3.0732547287341805e-05,-0.031249999999999993,0.0,0.0
0801,jpeg_q75,fbcnn_dpir,textured_quartile,0.75,random_expected,-0.0003792813354837743,-0.00014421957920173172,-0.15885416666666666,0.0,0.0
0801,jpeg_q75,fbcnn_dpir,textured_quartile,0.9,image_transform_spread_detail,-2.9394782741186723e-05,-4.835541180215675e-06,-0.00865800865800867,0.0,0.0
0801,jpeg_q75,fbcnn_dpir,textured_quartile,0.9,measurement_residual,-0.00014354772812408387,-5.688432413001899e-05,-0.06926406926406928,0.0,0.0
0801,jpeg_q75,fbcnn_dpir,textured_quartile,0.9,image_gradient,-5.4907358379733965e-05,-1.679487662920628e-05,-0.017316017316017313,0.0,0.0
0801,jpeg_q75,fbcnn_dpir,textured_quartile,0.9,random_expected,-0.00019904528278244808,-6.710344074838169e-05,-0.07240936147186147,0.0,0.0
0801,jpeg_q75,fbcnn_dpir,textured_quartile,1.0,image_transform_spread_detail,2.168404344971009e-19,0.0,0.0,0.0,0.0
0801,jpeg_q75,fbcnn_dpir,textured_quartile,1.0,measurement_residual,0.0,0.0,0.0,0.0,0.0
0801,jpeg_q75,fbcnn_dpir,textured_quartile,1.0,image_gradient,0.0,0.0,0.0,0.0,0.0
0801,jpeg_q75,fbcnn_dpir,textured_quartile,1.0,random_expected,2.168404344971009e-19,0.0,0.0,0.0,0.0
0801,quantized_8bit,dpir_nominal,all,0.5,image_transform_spread_detail,-6.399191323249579e-06,-4.8645536423742346e-06,0.0,0.0,0.0
0801,quantized_8bit,dpir_nominal,all,0.5,measurement_residual,-0.0003344002261517217,-0.00012653363326179073,-0.0625,0.0,0.0
0801,quantized_8bit,dpir_nominal,all,0.5,image_gradient,-3.9441575333399104e-05,-2.554225355788082e-05,0.0,0.0,0.0
0801,quantized_8bit,dpir_nominal,all,0.5,random_expected,-0.0002712827807473517,-0.00010507295581543785,-0.0498046875,0.0,0.0
0801,quantized_8bit,dpir_nominal,all,0.75,image_transform_spread_detail,-1.1038505912029376e-05,-6.315475466786795e-06,0.0,0.0,0.0
0801,quantized_8bit,dpir_nominal,all,0.75,measurement_residual,-0.0002539125344277817,-9.785760114653654e-05,-0.0546875,0.0,0.0
0801,quantized_8bit,dpir_nominal,all,0.75,image_gradient,-2.915160594984261e-05,-1.6911672251049364e-05,-0.0026041666666666665,0.0,0.0
0801,quantized_8bit,dpir_nominal,all,0.75,random_expected,-0.0002262684008163435,-8.721163413184343e-05,-0.0498046875,0.0,0.0
0801,quantized_8bit,dpir_nominal,all,0.9,image_transform_spread_detail,-9.221759124265956e-06,-5.7115378890667834e-06,-0.004338394793926247,0.0,0.0
0801,quantized_8bit,dpir_nominal,all,0.9,measurement_residual,-0.00016515975886941306,-6.335858571153194e-05,-0.04989154013015184,0.0,0.0
0801,quantized_8bit,dpir_nominal,all,0.9,image_gradient,-1.2761440467366541e-05,-7.508240324646668e-06,-0.005422993492407809,0.0,0.0
0801,quantized_8bit,dpir_nominal,all,0.9,random_expected,-0.00015455671672270216,-6.006167188220621e-05,-0.04872008880151844,0.0,0.0
0801,quantized_8bit,dpir_nominal,all,1.0,image_transform_spread_detail,0.0,0.0,0.0,0.0,0.0
0801,quantized_8bit,dpir_nominal,all,1.0,measurement_residual,-5.421010862427522e-20,0.0,0.0,0.0,0.0
0801,quantized_8bit,dpir_nominal,all,1.0,image_gradient,-5.421010862427522e-20,-2.710505431213761e-20,0.0,0.0,0.0
0801,quantized_8bit,dpir_nominal,all,1.0,random_expected,-5.421010862427522e-20,0.0,0.0,0.0,0.0
0801,quantized_8bit,dpir_nominal,textured_quartile,0.5,image_transform_spread_detail,-8.489188512953263e-05,-4.819376319660623e-05,-0.015625,0.0,0.0
0801,quantized_8bit,dpir_nominal,textured_quartile,0.5,measurement_residual,-0.0004714498591855638,-0.00017186942771035455,-0.1640625,0.0,0.0
0801,quantized_8bit,dpir_nominal,textured_quartile,0.5,image_gradient,-0.00011432163440664171,-6.214665252984714e-05,-0.0234375,0.0,0.0
0801,quantized_8bit,dpir_nominal,textured_quartile,0.5,random_expected,-0.000544198555424338,-0.0002143779897953219,-0.19140625,0.0,0.0
0801,quantized_8bit,dpir_nominal,textured_quartile,0.75,image_transform_spread_detail,-2.2987155318117338e-05,-1.3836737113967989e-05,-0.020833333333333336,0.0,0.0
0801,quantized_8bit,dpir_nominal,textured_quartile,0.75,measurement_residual,-0.0003297784127296316,-0.00012400950197086007,-0.14583333333333334,0.0,0.0
0801,quantized_8bit,dpir_nominal,textured_quartile,0.75,image_gradient,-5.6799039976413086e-05,-2.6309738084666866e-05,-0.03125000000000001,0.0,0.0
0801,quantized_8bit,dpir_nominal,textured_quartile,0.75,random_expected,-0.0003747769463909187,-0.00014064814460046344,-0.15755208333333334,0.0,0.0
0801,quantized_8bit,dpir_nominal,textured_quartile,0.9,image_transform_spread_detail,-3.6647275520831956e-05,-1.556476099788388e-05,-0.012987012987012991,0.0,0.0
0801,quantized_8bit,dpir_nominal,textured_quartile,0.9,measurement_residual,-0.00016606562938343032,-5.4248565440700406e-05,-0.05627705627705626,0.0,0.0
0801,quantized_8bit,dpir_nominal,textured_quartile,0.9,image_gradient,-4.963009183460941e-05,-1.7385137291071765e-05,-0.012987012987012991,0.0,0.0
0801,quantized_8bit,dpir_nominal,textured_quartile,0.9,random_expected,-0.00019610890673224524,-6.660293445568853e-05,-0.0650196158008658,0.0,0.0
0801,quantized_8bit,dpir_nominal,textured_quartile,1.0,image_transform_spread_detail,-2.168404344971009e-19,1.0842021724855044e-19,0.0,0.0,0.0
0801,quantized_8bit,dpir_nominal,textured_quartile,1.0,measurement_residual,0.0,0.0,0.0,0.0,0.0
0801,quantized_8bit,dpir_nominal,textured_quartile,1.0,image_gradient,-2.168404344971009e-19,0.0,0.0,0.0,0.0
0801,quantized_8bit,dpir_nominal,textured_quartile,1.0,random_expected,-2.168404344971009e-19,0.0,0.0,0.0,0.0
0801,quantized_8bit,fbcnn_dpir,all,0.5,image_transform_spread_detail,-1.3705443646998036e-05,-8.382876410985087e-06,0.0,0.0,0.0
0801,quantized_8bit,fbcnn_dpir,all,0.5,measurement_residual,-0.00026486200667153153,-0.00010330991000363718,-0.052734375,0.0,0.0
0801,quantized_8bit,fbcnn_dpir,all,0.5,image_gradient,-4.2008480819318884e-05,-2.5578050119232615e-05,0.0,0.0,0.0
0801,quantized_8bit,fbcnn_dpir,all,0.5,random_expected,-0.00027764865846143893,-0.00010479785547023333,-0.05078125,0.0,0.0
0801,quantized_8bit,fbcnn_dpir,all,0.75,image_transform_spread_detail,-1.4054484730510584e-05,-8.399868931525256e-06,0.0,0.0,0.0
0801,quantized_8bit,fbcnn_dpir,all,0.75,measurement_residual,-0.00022921775358076516,-8.784832102315827e-05,-0.055989583333333336,0.0,0.0
0801,quantized_8bit,fbcnn_dpir,all,0.75,image_gradient,-2.7219843165761994e-05,-1.478471104398318e-05,-0.0026041666666666665,0.0,0.0
0801,quantized_8bit,fbcnn_dpir,all,0.75,random_expected,-0.00022844779599994521,-8.57855216396349e-05,-0.05078125,0.0,0.0
0801,quantized_8bit,fbcnn_dpir,all,0.9,image_transform_spread_detail,-1.6495003235185744e-05,-8.683683617047327e-06,-0.007592190889370933,0.0,0.0
0801,quantized_8bit,fbcnn_dpir,all,0.9,measurement_residual,-0.00015435834805409615,-5.976377232233437e-05,-0.04989154013015184,0.0,0.0
0801,quantized_8bit,fbcnn_dpir,all,0.9,image_gradient,-1.4013752516407209e-05,-7.496571447924866e-06,-0.005422993492407809,0.0,0.0
0801,quantized_8bit,fbcnn_dpir,all,0.9,random_expected,-0.00015823506860386638,-6.0469068853549876e-05,-0.04969665130151844,0.0,0.0
0801,quantized_8bit,fbcnn_dpir,all,1.0,image_transform_spread_detail,0.0,2.710505431213761e-20,0.0,0.0,0.0
0801,quantized_8bit,fbcnn_dpir,all,1.0,measurement_residual,0.0,0.0,0.0,0.0,0.0
0801,quantized_8bit,fbcnn_dpir,all,1.0,image_gradient,0.0,0.0,0.0,0.0,0.0
0801,quantized_8bit,fbcnn_dpir,all,1.0,random_expected,5.421010862427522e-20,0.0,0.0,0.0,0.0
0801,quantized_8bit,fbcnn_dpir,textured_quartile,0.5,image_transform_spread_detail,-0.00011733755596930013,-6.805873815873245e-05,-0.03125,0.0,0.0
0801,quantized_8bit,fbcnn_dpir,textured_quartile,0.5,measurement_residual,-0.0005055859496646434,-0.00020855030372051337,-0.2109375,0.0,0.0
0801,quantized_8bit,fbcnn_dpir,textured_quartile,0.5,image_gradient,-0.00011246527670639962,-6.108033085148646e-05,-0.0234375,0.0,0.0
0801,quantized_8bit,fbcnn_dpir,textured_quartile,0.5,random_expected,-0.000548476582670434,-0.00021442842732447047,-0.1953125,0.0,0.0
0801,quantized_8bit,fbcnn_dpir,textured_quartile,0.75,image_transform_spread_detail,-5.93553590874633e-05,-2.992865391115816e-05,-0.04687499999999999,0.0,0.0
0801,quantized_8bit,fbcnn_dpir,textured_quartile,0.75,measurement_residual,-0.0003909867596563161,-0.0001538327486001612,-0.1875,0.0,0.0
0801,quantized_8bit,fbcnn_dpir,textured_quartile,0.75,image_gradient,-5.930144736517647e-05,-2.7129448836424493e-05,-0.041666666666666664,0.0,0.0
0801,quantized_8bit,fbcnn_dpir,textured_quartile,0.75,random_expected,-0.00038156854824229964,-0.0001424044541156953,-0.16666666666666666,0.0,0.0
0801,quantized_8bit,fbcnn_dpir,textured_quartile,0.9,image_transform_spread_detail,-2.3815675080968287e-05,-1.2698484518709502e-05,-0.004329004329004321,0.0,0.0
0801,quantized_8bit,fbcnn_dpir,textured_quartile,0.9,measurement_residual,-0.0001980290290963041,-7.258211882795222e-05,-0.06926406926406928,0.0,0.0
0801,quantized_8bit,fbcnn_dpir,textured_quartile,0.9,image_gradient,-5.1276543414662825e-05,-2.012627298863699e-05,-0.012987012987012991,0.0,0.0
0801,quantized_8bit,fbcnn_dpir,textured_quartile,0.9,random_expected,-0.00020049536431831637,-6.988606241968245e-05,-0.06459686147186147,0.0,0.0
0801,quantized_8bit,fbcnn_dpir,textured_quartile,1.0,image_transform_spread_detail,2.168404344971009e-19,0.0,0.0,0.0,0.0
0801,quantized_8bit,fbcnn_dpir,textured_quartile,1.0,measurement_residual,0.0,0.0,0.0,0.0,0.0
0801,quantized_8bit,fbcnn_dpir,textured_quartile,1.0,image_gradient,2.168404344971009e-19,-5.421010862427522e-20,0.0,0.0,0.0
0801,quantized_8bit,fbcnn_dpir,textured_quartile,1.0,random_expected,0.0,0.0,0.0,0.0,0.0
0802,jpeg_q75,dpir_nominal,all,0.5,image_transform_spread_detail,-3.1007439781265654e-05,-1.2476174143600806e-05,0.0,0.0,0.0
0802,jpeg_q75,dpir_nominal,all,0.5,measurement_residual,-8.044286014901691e-05,-3.8128813112830876e-05,-0.017578125,0.0,0.0
0802,jpeg_q75,dpir_nominal,all,0.5,image_gradient,-4.0734207462277074e-05,-2.1713855031774224e-05,-0.001953125,0.0,0.0
0802,jpeg_q75,dpir_nominal,all,0.5,random_expected,-0.00036129004549015836,-0.00016586141581387753,-0.0986328125,-0.00390625,0.0
0802,jpeg_q75,dpir_nominal,all,0.75,image_transform_spread_detail,-2.621462520307631e-05,-1.1714199661110036e-05,-0.005208333333333332,0.0,0.0
0802,jpeg_q75,dpir_nominal,all,0.75,measurement_residual,-4.5792381323127e-05,-2.5241462568684295e-05,-0.022135416666666664,0.0,0.0
0802,jpeg_q75,dpir_nominal,all,0.75,image_gradient,-2.9127534341870007e-05,-1.9828604352024155e-05,-0.01953125,0.0,0.0
0802,jpeg_q75,dpir_nominal,all,0.75,random_expected,-0.00023591382377935818,-0.00011343460610974124,-0.0830078125,-0.00390625,0.0
0802,jpeg_q75,dpir_nominal,all,0.9,image_transform_spread_detail,-3.2129588081422254e-05,-1.5794280710593786e-05,-0.01518438177874186,-0.0010845986984815619,0.0
0802,jpeg_q75,dpir_nominal,all,0.9,measurement_residual,-3.881144601990415e-05,-2.460827296102354e-05,-0.014099783080260303,-0.0021691973969631237,0.0
0802,jpeg_q75,dpir_nominal,all,0.9,image_gradient,-1.1180765586773676e-05,-1.153247337988718e-05,-0.009761388286334056,0.0,0.0
0802,jpeg_q75,dpir_nominal,all,0.9,random_expected,-0.00012368242723494698,-6.554085470658944e-05,-0.048741272369848154,-0.00390625,0.0
0802,jpeg_q75,dpir_nominal,all,1.0,image_transform_spread_detail,1.0842021724855044e-19,-5.421010862427522e-20,0.0,0.0,0.0
0802,jpeg_q75,dpir_nominal,all,1.0,measurement_residual,0.0,-5.421010862427522e-20,0.0,0.0,0.0
0802,jpeg_q75,dpir_nominal,all,1.0,image_gradient,0.0,0.0,0.0,0.0,0.0
0802,jpeg_q75,dpir_nominal,all,1.0,random_expected,0.0,5.421010862427522e-20,0.0,0.0,0.0
0802,jpeg_q75,dpir_nominal,textured_quartile,0.5,image_transform_spread_detail,-3.50591540776205e-05,-1.679781204999613e-05,0.0,0.0,0.0
0802,jpeg_q75,dpir_nominal,textured_quartile,0.5,measurement_residual,-0.00016752854651949168,-0.00010570885179873933,-0.078125,-0.0078125,0.0
0802,jpeg_q75,dpir_nominal,textured_quartile,0.5,image_gradient,-0.00020311407393617132,-0.00012405826042022035,-0.109375,0.0,0.0
0802,jpeg_q75,dpir_nominal,textured_quartile,0.5,random_expected,-0.000360667464707562,-0.00020320499144171932,-0.1796875,-0.015625,0.0
0802,jpeg_q75,dpir_nominal,textured_quartile,0.75,image_transform_spread_detail,-8.875857808109144e-05,-4.192242472019132e-05,-0.036458333333333315,-0.005208333333333333,0.0
0802,jpeg_q75,dpir_nominal,textured_quartile,0.75,measurement_residual,-0.00011563762384719355,-7.883488008427397e-05,-0.03125,-0.015625,0.0
0802,jpeg_q75,dpir_nominal,textured_quartile,0.75,image_gradient,-7.265039378778109e-05,-4.96722425455306e-05,-0.057291666666666685,0.0,0.0
0802,jpeg_q75,dpir_nominal,textured_quartile,0.75,random_expected,-0.00021311667278419962,-0.00013217293731735455,-0.1015625,-0.015625,0.0
0802,jpeg_q75,dpir_nominal,textured_quartile,0.9,image_transform_spread_detail,-1.8341722200872082e-05,-6.927838511873647e-06,0.0,0.0,0.0
0802,jpeg_q75,dpir_nominal,textured_quartile,0.9,measurement_residual,-8.592290869175595e-05,-6.0592987590849315e-05,-0.025974025974025927,-0.00865800865800866,0.0
0802,jpeg_q75,dpir_nominal,textured_quartile,0.9,image_gradient,-6.095569613431308e-06,-1.0449831374396241e-05,-0.0043290043290042934,0.0,0.0
0802,jpeg_q75,dpir_nominal,textured_quartile,0.9,random_expected,-0.00011367177733753362,-8.211480313244683e-05,-0.04082115800865799,-0.011295995670995672,0.0
0802,jpeg_q75,dpir_nominal,textured_quartile,1.0,image_transform_spread_detail,-2.168404344971009e-19,0.0,0.0,0.0,0.0
0802,jpeg_q75,dpir_nominal,textured_quartile,1.0,measurement_residual,0.0,0.0,0.0,0.0,0.0
0802,jpeg_q75,dpir_nominal,textured_quartile,1.0,image_gradient,0.0,0.0,0.0,0.0,0.0
0802,jpeg_q75,dpir_nominal,textured_quartile,1.0,random_expected,0.0,0.0,0.0,0.0,0.0
0802,jpeg_q75,fbcnn_dpir,all,0.5,image_transform_spread_detail,-6.31896155719612e-06,-3.1719364057762438e-06,0.0,0.0,0.0
0802,jpeg_q75,fbcnn_dpir,all,0.5,measurement_residual,-8.291641778749507e-05,-3.2023328128082405e-05,-0.009765625,0.0,0.0
0802,jpeg_q75,fbcnn_dpir,all,0.5,image_gradient,-8.876055815715028e-05,-3.7647832904278995e-05,-0.0078125,0.0,0.0
0802,jpeg_q75,fbcnn_dpir,all,0.5,random_expected,-0.00034849359222896895,-0.00014519522621779724,-0.0791015625,-0.0009765625,0.0
0802,jpeg_q75,fbcnn_dpir,all,0.75,image_transform_spread_detail,-1.5509670404502342e-05,-7.161229460311003e-06,-0.006510416666666668,0.0,0.0
0802,jpeg_q75,fbcnn_dpir,all,0.75,measurement_residual,-7.340150853325116e-05,-3.1830083757537105e-05,-0.0234375,0.0,0.0
0802,jpeg_q75,fbcnn_dpir,all,0.75,image_gradient,-9.379688251757881e-05,-4.442330460824384e-05,-0.03515625,0.0,0.0
0802,jpeg_q75,fbcnn_dpir,all,0.75,random_expected,-0.0002534672537672558,-0.00010803693682905106,-0.07649739583333333,-0.0009765625,0.0
0802,jpeg_q75,fbcnn_dpir,all,0.9,image_transform_spread_detail,-5.591173045474862e-06,-1.2155191393124515e-06,-0.00216919739696312,0.0,0.0
0802,jpeg_q75,fbcnn_dpir,all,0.9,measurement_residual,-3.849408237964968e-05,-1.666713013273927e-05,-0.017353579175704986,0.0,0.0
0802,jpeg_q75,fbcnn_dpir,all,0.9,image_gradient,-5.027027881928932e-05,-2.386993052108622e-05,-0.02603036876355748,0.0,0.0
0802,jpeg_q75,fbcnn_dpir,all,0.9,random_expected,-0.00013136014081251195,-5.612151626671841e-05,-0.04439440414859002,-0.0009765625,0.0
0802,jpeg_q75,fbcnn_dpir,all,1.0,image_transform_spread_detail,1.0842021724855044e-19,-2.710505431213761e-20,0.0,0.0,0.0
0802,jpeg_q75,fbcnn_dpir,all,1.0,measurement_residual,0.0,-2.710505431213761e-20,0.0,0.0,0.0
0802,jpeg_q75,fbcnn_dpir,all,1.0,image_gradient,0.0,-5.421010862427522e-20,0.0,0.0,0.0
0802,jpeg_q75,fbcnn_dpir,all,1.0,random_expected,0.0,-2.710505431213761e-20,0.0,0.0,0.0
0802,jpeg_q75,fbcnn_dpir,textured_quartile,0.5,image_transform_spread_detail,-1.779818500079601e-05,1.925030188904659e-06,0.0078125,0.0,0.0
0802,jpeg_q75,fbcnn_dpir,textured_quartile,0.5,measurement_residual,-0.00022649035237215834,-0.00010245996330814376,-0.140625,0.0,0.0
0802,jpeg_q75,fbcnn_dpir,textured_quartile,0.5,image_gradient,-0.00033096882050043784,-0.00016108759792732985,-0.1796875,0.0,0.0
0802,jpeg_q75,fbcnn_dpir,textured_quartile,0.5,random_expected,-0.0003658452512265984,-0.00015718245020890012,-0.16796875,-0.00390625,0.0
0802,jpeg_q75,fbcnn_dpir,textured_quartile,0.75,image_transform_spread_detail,-6.134591713087036e-06,-2.6401024946235622e-06,-0.005208333333333343,0.0,0.0
0802,jpeg_q75,fbcnn_dpir,textured_quartile,0.75,measurement_residual,-0.00012896898343172682,-5.7150204958361e-05,-0.04687500000000003,-0.005208333333333333,0.0
0802,jpeg_q75,fbcnn_dpir,textured_quartile,0.75,image_gradient,-0.00019055111184250397,-9.427391592224644e-05,-0.09375000000000003,-0.005208333333333333,0.0
0802,jpeg_q75,fbcnn_dpir,textured_quartile,0.75,random_expected,-0.00020326705191674155,-8.889269484589645e-05,-0.07161458333333334,-0.00390625,0.0
0802,jpeg_q75,fbcnn_dpir,textured_quartile,0.9,image_transform_spread_detail,-2.5468265135537502e-05,-1.3928466487012287e-05,-0.008658008658008642,-0.004329004329004329,0.0
0802,jpeg_q75,fbcnn_dpir,textured_quartile,0.9,measurement_residual,-7.083136027357046e-05,-3.6528019686397233e-05,-0.025974025974025927,-0.004329004329004329,0.0
0802,jpeg_q75,fbcnn_dpir,textured_quartile,0.9,image_gradient,-6.895306989120379e-05,-3.615683957255609e-05,-0.030303030303030276,-0.004329004329004329,0.0
0802,jpeg_q75,fbcnn_dpir,textured_quartile,0.9,random_expected,-9.304014646153991e-05,-4.244380335279301e-05,-0.022033955627705604,-0.00390625,0.0
0802,jpeg_q75,fbcnn_dpir,textured_quartile,1.0,image_transform_spread_detail,0.0,-1.0842021724855044e-19,0.0,0.0,0.0
0802,jpeg_q75,fbcnn_dpir,textured_quartile,1.0,measurement_residual,2.168404344971009e-19,0.0,0.0,0.0,0.0
0802,jpeg_q75,fbcnn_dpir,textured_quartile,1.0,image_gradient,0.0,-1.0842021724855044e-19,0.0,0.0,0.0
0802,jpeg_q75,fbcnn_dpir,textured_quartile,1.0,random_expected,0.0,-1.0842021724855044e-19,0.0,0.0,0.0
0802,quantized_8bit,dpir_nominal,all,0.5,image_transform_spread_detail,-1.1688440376765423e-06,7.238945695895604e-07,0.0,0.0,0.0
0802,quantized_8bit,dpir_nominal,all,0.5,measurement_residual,-0.0004485288283325331,-0.00019648524230274638,-0.1015625,-0.001953125,0.0
0802,quantized_8bit,dpir_nominal,all,0.5,image_gradient,-6.545430194811693e-05,-3.169055873556173e-05,-0.001953125,0.0,0.0
0802,quantized_8bit,dpir_nominal,all,0.5,random_expected,-0.0003240942945539933,-0.0001416551460107048,-0.068359375,-0.0009765625,0.0
0802,quantized_8bit,dpir_nominal,all,0.75,image_transform_spread_detail,-7.795971374183945e-06,-3.491967277546916e-06,-0.0013020833333333333,0.0,0.0
0802,quantized_8bit,dpir_nominal,all,0.75,measurement_residual,-0.0002919843820422417,-0.00012955582788828172,-0.07682291666666667,-0.0013020833333333333,0.0
0802,quantized_8bit,dpir_nominal,all,0.75,image_gradient,-8.436084289754279e-05,-4.403884254553146e-05,-0.026041666666666668,0.0,0.0
0802,quantized_8bit,dpir_nominal,all,0.75,random_expected,-0.00024075837091809885,-0.00010711452337167912,-0.06705729166666667,-0.0009765625,0.0
0802,quantized_8bit,dpir_nominal,all,0.9,image_transform_spread_detail,-1.1009842711109366e-05,-5.578349762513067e-06,-0.007592190889370933,0.0,0.0
0802,quantized_8bit,dpir_nominal,all,0.9,measurement_residual,-0.00016002584636888475,-7.216130510385581e-05,-0.055314533622559656,-0.0010845986984815619,0.0
0802,quantized_8bit,dpir_nominal,all,0.9,image_gradient,-5.271617367731305e-05,-2.792075502055651e-05,-0.03145336225596529,0.0,0.0
0802,quantized_8bit,dpir_nominal,all,0.9,random_expected,-0.000135650392163097,-6.131600167036259e-05,-0.051005795824295014,-0.0009765625,0.0
0802,quantized_8bit,dpir_nominal,all,1.0,image_transform_spread_detail,-5.421010862427522e-20,0.0,0.0,0.0,0.0
0802,quantized_8bit,dpir_nominal,all,1.0,measurement_residual,-5.421010862427522e-20,0.0,0.0,0.0,0.0
0802,quantized_8bit,dpir_nominal,all,1.0,image_gradient,-5.421010862427522e-20,0.0,0.0,0.0,0.0
0802,quantized_8bit,dpir_nominal,all,1.0,random_expected,-5.421010862427522e-20,0.0,0.0,0.0,0.0
0802,quantized_8bit,dpir_nominal,textured_quartile,0.5,image_transform_spread_detail,-3.6752051193489365e-05,-1.7405217900630984e-05,-0.0390625,0.0,0.0
0802,quantized_8bit,dpir_nominal,textured_quartile,0.5,measurement_residual,-0.0004980942980962608,-0.00022919315122401892,-0.25,-0.0078125,0.0
0802,quantized_8bit,dpir_nominal,textured_quartile,0.5,image_gradient,-0.0003122470785984743,-0.00016999560483535068,-0.1796875,0.0,0.0
0802,quantized_8bit,dpir_nominal,textured_quartile,0.5,random_expected,-0.000395261356370612,-0.0001822759102764965,-0.1953125,-0.00390625,0.0
0802,quantized_8bit,dpir_nominal,textured_quartile,0.75,image_transform_spread_detail,-3.2727709083119885e-05,-1.4460985805262773e-05,-0.010416666666666657,0.0,0.0
0802,quantized_8bit,dpir_nominal,textured_quartile,0.75,measurement_residual,-0.00026383579420637387,-0.00012159875925825267,-0.13020833333333331,-0.005208333333333333,0.0
0802,quantized_8bit,dpir_nominal,textured_quartile,0.75,image_gradient,-0.00020349856392639287,-0.00011112436639261594,-0.13020833333333331,-0.005208333333333333,0.0
0802,quantized_8bit,dpir_nominal,textured_quartile,0.75,random_expected,-0.00023856024550869917,-0.00011006039627617332,-0.1171875,-0.00390625,0.0
0802,quantized_8bit,dpir_nominal,textured_quartile,0.9,image_transform_spread_detail,-1.642112343654828e-05,-2.7490563732532032e-06,0.00865800865800867,0.0,0.0
0802,quantized_8bit,dpir_nominal,textured_quartile,0.9,measurement_residual,-0.00012511423589621766,-5.748689734285365e-05,-0.04761904761904759,-0.004329004329004329,0.0
0802,quantized_8bit,dpir_nominal,textured_quartile,0.9,image_gradient,-8.082962206306461e-05,-4.431382182318674e-05,-0.04761904761904759,-0.004329004329004329,0.0
0802,quantized_8bit,dpir_nominal,textured_quartile,0.9,random_expected,-0.00011609001682819217,-5.484558077068635e-05,-0.04832927489177488,-0.00390625,0.0
0802,quantized_8bit,dpir_nominal,textured_quartile,1.0,image_transform_spread_detail,0.0,0.0,0.0,0.0,0.0
0802,quantized_8bit,dpir_nominal,textured_quartile,1.0,measurement_residual,-2.168404344971009e-19,0.0,0.0,0.0,0.0
0802,quantized_8bit,dpir_nominal,textured_quartile,1.0,image_gradient,0.0,1.0842021724855044e-19,0.0,0.0,0.0
0802,quantized_8bit,dpir_nominal,textured_quartile,1.0,random_expected,-2.168404344971009e-19,0.0,0.0,0.0,0.0
0802,quantized_8bit,fbcnn_dpir,all,0.5,image_transform_spread_detail,-1.0460414352404552e-05,-3.838205200378756e-06,0.0,0.0,0.0
0802,quantized_8bit,fbcnn_dpir,all,0.5,measurement_residual,-0.00024203848933130454,-0.00010648972688981466,-0.052734375,-0.001953125,0.0
0802,quantized_8bit,fbcnn_dpir,all,0.5,image_gradient,-6.823232134771159e-05,-3.160324168289046e-05,-0.001953125,0.0,0.0
0802,quantized_8bit,fbcnn_dpir,all,0.5,random_expected,-0.0003197087930977724,-0.0001401308379628434,-0.0673828125,-0.0009765625,0.0
0802,quantized_8bit,fbcnn_dpir,all,0.75,image_transform_spread_detail,-1.019257329459909e-05,-4.156267598089255e-06,-0.0026041666666666665,0.0,0.0
0802,quantized_8bit,fbcnn_dpir,all,0.75,measurement_residual,-0.00015530386645900478,-6.994937241513171e-05,-0.046875,-0.0013020833333333333,0.0
0802,quantized_8bit,fbcnn_dpir,all,0.75,image_gradient,-8.056647547168678e-05,-4.1138207218551656e-05,-0.024739583333333332,0.0,0.0
0802,quantized_8bit,fbcnn_dpir,all,0.75,random_expected,-0.00023238378840749257,-0.0001037686951675266,-0.06477864583333333,-0.0009765625,0.0
0802,quantized_8bit,fbcnn_dpir,all,0.9,image_transform_spread_detail,-1.2850816062003143e-05,-5.106980209391873e-06,-0.0032537960954446866,0.0,0.0
0802,quantized_8bit,fbcnn_dpir,all,0.9,measurement_residual,-7.083466266888719e-05,-3.2264521425442837e-05,-0.033622559652928416,-0.0010845986984815619,0.0
0802,quantized_8bit,fbcnn_dpir,all,0.9,image_gradient,-4.681916932336758e-05,-2.4212608968023948e-05,-0.02928416485900217,0.0,0.0
0802,quantized_8bit,fbcnn_dpir,all,0.9,random_expected,-0.00012720699548396115,-5.719647119140959e-05,-0.04786003592733189,-0.0009765625,0.0
0802,quantized_8bit,fbcnn_dpir,all,1.0,image_transform_spread_detail,0.0,2.710505431213761e-20,0.0,0.0,0.0
0802,quantized_8bit,fbcnn_dpir,all,1.0,measurement_residual,5.421010862427522e-20,0.0,0.0,0.0,0.0
0802,quantized_8bit,fbcnn_dpir,all,1.0,image_gradient,0.0,2.710505431213761e-20,0.0,0.0,0.0
0802,quantized_8bit,fbcnn_dpir,all,1.0,random_expected,0.0,2.710505431213761e-20,0.0,0.0,0.0
0802,quantized_8bit,fbcnn_dpir,textured_quartile,0.5,image_transform_spread_detail,-6.446465069988067e-05,-2.8374335267740067e-05,-0.015625,0.0,0.0
0802,quantized_8bit,fbcnn_dpir,textured_quartile,0.5,measurement_residual,-0.00034802366593718033,-0.00016376510753131438,-0.1875,-0.0078125,0.0
0802,quantized_8bit,fbcnn_dpir,textured_quartile,0.5,image_gradient,-0.00031978844699170385,-0.00017015555859755267,-0.171875,0.0,0.0
0802,quantized_8bit,fbcnn_dpir,textured_quartile,0.5,random_expected,-0.0003955389406791989,-0.00018450887815985132,-0.19921875,-0.00390625,0.0
0802,quantized_8bit,fbcnn_dpir,textured_quartile,0.75,image_transform_spread_detail,-5.549929386468376e-05,-2.9824947726021106e-05,-0.020833333333333343,-0.005208333333333333,0.0
0802,quantized_8bit,fbcnn_dpir,textured_quartile,0.75,measurement_residual,-0.00017253540554157897,-8.301999841726118e-05,-0.09895833333333331,-0.005208333333333333,0.0
0802,quantized_8bit,fbcnn_dpir,textured_quartile,0.75,image_gradient,-0.00018298692101751854,-0.00010153783141350913,-0.11458333333333331,-0.005208333333333333,0.0
0802,quantized_8bit,fbcnn_dpir,textured_quartile,0.75,random_expected,-0.00022279671234125558,-0.00010505466594021886,-0.11328125,-0.00390625,0.0
0802,quantized_8bit,fbcnn_dpir,textured_quartile,0.9,image_transform_spread_detail,-5.422617207004473e-05,-2.47449596127328e-05,-0.025974025974025955,-0.004329004329004329,0.0
0802,quantized_8bit,fbcnn_dpir,textured_quartile,0.9,measurement_residual,-8.843717045181696e-05,-4.424276119089737e-05,-0.043290043290043295,-0.004329004329004329,0.0
0802,quantized_8bit,fbcnn_dpir,textured_quartile,0.9,image_gradient,-6.942014901516842e-05,-3.8462413920617954e-05,-0.043290043290043295,-0.004329004329004329,0.0
0802,quantized_8bit,fbcnn_dpir,textured_quartile,0.9,random_expected,-0.0001070864310138656,-5.004751528963513e-05,-0.04442302489177488,-0.00390625,0.0
0802,quantized_8bit,fbcnn_dpir,textured_quartile,1.0,image_transform_spread_detail,0.0,1.0842021724855044e-19,0.0,0.0,0.0
0802,quantized_8bit,fbcnn_dpir,textured_quartile,1.0,measurement_residual,2.168404344971009e-19,0.0,0.0,0.0,0.0
0802,quantized_8bit,fbcnn_dpir,textured_quartile,1.0,image_gradient,0.0,0.0,0.0,0.0,0.0
0802,quantized_8bit,fbcnn_dpir,textured_quartile,1.0,random_expected,0.0,0.0,0.0,0.0,0.0
0803,jpeg_q75,dpir_nominal,all,0.5,image_transform_spread_detail,-7.115060733228968e-06,-3.6124589153100283e-06,0.0,0.0,0.0
0803,jpeg_q75,dpir_nominal,all,0.5,measurement_residual,-6.841804704127701e-05,-5.181198003048967e-05,-0.02734375,-0.001953125,0.0
0803,jpeg_q75,dpir_nominal,all,0.5,image_gradient,2.6097730163400544e-06,-9.806506790491551e-06,-0.005859375,0.0,0.0
0803,jpeg_q75,dpir_nominal,all,0.5,random_expected,-0.0005197825860935551,-0.0002600934641475433,-0.10546875,-0.0185546875,-0.0009765625
0803,jpeg_q75,dpir_nominal,all,0.75,image_transform_spread_detail,-3.3395792382280695e-05,-1.3312986099366588e-05,-0.01171875,0.0,0.0
0803,jpeg_q75,dpir_nominal,all,0.75,measurement_residual,-0.00012639889152062816,-0.00010585213374686531,-0.046875,-0.010416666666666666,0.0
0803,jpeg_q75,dpir_nominal,all,0.75,image_gradient,-2.855993078054481e-06,-1.939965351472791e-05,-0.014322916666666668,0.0,0.0
0803,jpeg_q75,dpir_nominal,all,0.75,random_expected,-0.0003948949251120956,-0.00021773307930338201,-0.1015625,-0.0185546875,-0.0009765625
0803,jpeg_q75,dpir_nominal,all,0.9,image_transform_spread_detail,-3.3491640906561026e-05,-1.0707487485056327e-05,-0.01518438177874186,0.0,0.0
0803,jpeg_q75,dpir_nominal,all,0.9,measurement_residual,-9.950825559405747e-05,-0.00010804034772881729,-0.0368763557483731,-0.016268980477223426,-0.0010845986984815619
0803,jpeg_q75,dpir_nominal,all,0.9,image_gradient,-5.156503667716342e-06,-3.826931328887825e-05,-0.017353579175704986,-0.005422993492407809,0.0
0803,jpeg_q75,dpir_nominal,all,0.9,random_expected,-0.0002371584622281897,-0.0001603587647793502,-0.06967699295010846,-0.0185546875,-0.0009765625
0803,jpeg_q75,dpir_nominal,all,1.0,image_transform_spread_detail,0.0,-5.421010862427522e-20,0.0,0.0,0.0
0803,jpeg_q75,dpir_nominal,all,1.0,measurement_residual,0.0,-5.421010862427522e-20,0.0,0.0,0.0
0803,jpeg_q75,dpir_nominal,all,1.0,image_gradient,0.0,-5.421010862427522e-20,0.0,0.0,0.0
0803,jpeg_q75,dpir_nominal,all,1.0,random_expected,0.0,-5.421010862427522e-20,0.0,0.0,0.0
0803,jpeg_q75,dpir_nominal,textured_quartile,0.5,image_transform_spread_detail,-6.797413545970676e-05,-3.455010334924263e-05,-0.03125,0.0,0.0
0803,jpeg_q75,dpir_nominal,textured_quartile,0.5,measurement_residual,-0.0005341310275112066,-0.0004385560784980399,-0.1796875,-0.0703125,0.0
0803,jpeg_q75,dpir_nominal,textured_quartile,0.5,image_gradient,-5.84906167571187e-05,-8.114195352973191e-05,-0.0390625,-0.0078125,0.0
0803,jpeg_q75,dpir_nominal,textured_quartile,0.5,random_expected,-0.0007348246257276984,-0.00045591386635815477,-0.2265625,-0.05859375,0.0
0803,jpeg_q75,dpir_nominal,textured_quartile,0.75,image_transform_spread_detail,-6.73672356722888e-05,-2.3123812376304846e-05,-0.04166666666666666,0.0,0.0
0803,jpeg_q75,dpir_nominal,textured_quartile,0.75,measurement_residual,-0.00038910389920426836,-0.0003398965490990599,-0.109375,-0.0625,0.0
0803,jpeg_q75,dpir_nominal,textured_quartile,0.75,image_gradient,-0.00020517435880523468,-0.00026626539004194846,-0.05729166666666666,-0.057291666666666664,0.0
0803,jpeg_q75,dpir_nominal,textured_quartile,0.75,random_expected,-0.000542577385094374,-0.00038331642172634745,-0.1640625,-0.05859375,0.0
0803,jpeg_q75,dpir_nominal,textured_quartile,0.9,image_transform_spread_detail,-5.7361290941861445e-05,-5.117625589104414e-05,-0.008658008658008642,-0.008658008658008658,0.0
0803,jpeg_q75,dpir_nominal,textured_quartile,0.9,measurement_residual,-0.0002447899457771938,-0.0002476007356175989,-0.051948051948051965,-0.05194805194805195,0.0
0803,jpeg_q75,dpir_nominal,textured_quartile,0.9,image_gradient,-0.00018639096773665734,-0.00024937607629462247,-0.04329004329004327,-0.05627705627705628,0.0
0803,jpeg_q75,dpir_nominal,textured_quartile,0.9,random_expected,-0.00033745615332535944,-0.0002992975629256987,-0.07186823593073594,-0.05859375,0.0
0803,jpeg_q75,dpir_nominal,textured_quartile,1.0,image_transform_spread_detail,0.0,0.0,0.0,0.0,0.0
0803,jpeg_q75,dpir_nominal,textured_quartile,1.0,measurement_residual,0.0,-2.168404344971009e-19,0.0,0.0,0.0
0803,jpeg_q75,dpir_nominal,textured_quartile,1.0,image_gradient,-2.168404344971009e-19,-1.0842021724855044e-19,0.0,0.0,0.0
0803,jpeg_q75,dpir_nominal,textured_quartile,1.0,random_expected,0.0,-1.0842021724855044e-19,0.0,0.0,0.0
0803,jpeg_q75,fbcnn_dpir,all,0.5,image_transform_spread_detail,-2.1896356451758608e-05,-8.251154875799393e-06,0.0,0.0,0.0
0803,jpeg_q75,fbcnn_dpir,all,0.5,measurement_residual,-3.6895915431390256e-05,-1.5176905925690697e-05,-0.001953125,0.0,0.0
0803,jpeg_q75,fbcnn_dpir,all,0.5,image_gradient,-1.794855870624766e-05,-7.757364704645363e-06,0.0,0.0,0.0
0803,jpeg_q75,fbcnn_dpir,all,0.5,random_expected,-0.00037140252152846327,-0.0001196154906738171,-0.0537109375,-0.0009765625,0.0
0803,jpeg_q75,fbcnn_dpir,all,0.75,image_transform_spread_detail,-4.491263076500569e-05,-1.669607537825048e-05,-0.005208333333333334,0.0,0.0
0803,jpeg_q75,fbcnn_dpir,all,0.75,measurement_residual,-6.0649245715857514e-05,-2.1913193680904165e-05,-0.014322916666666666,0.0,0.0
0803,jpeg_q75,fbcnn_dpir,all,0.75,image_gradient,-2.0659927097037994e-05,-9.176067198015227e-06,-0.00390625,0.0,0.0
0803,jpeg_q75,fbcnn_dpir,all,0.75,random_expected,-0.00027288464875005675,-8.796797489917686e-05,-0.052408854166666664,-0.0009765625,0.0
0803,jpeg_q75,fbcnn_dpir,all,0.9,image_transform_spread_detail,-7.395381065156083e-05,-2.6096076698399546e-05,-0.02386117136659436,0.0,0.0
0803,jpeg_q75,fbcnn_dpir,all,0.9,measurement_residual,-4.9740278966496165e-05,-1.7375063471383953e-05,-0.017353579175704986,0.0,0.0
0803,jpeg_q75,fbcnn_dpir,all,0.9,image_gradient,-2.1546953917330434e-05,-9.287630071499431e-06,-0.011930585683297181,0.0,0.0
0803,jpeg_q75,fbcnn_dpir,all,0.9,random_expected,-0.0001738283711213453,-5.6225457918225675e-05,-0.04503414791214751,-0.0009765625,0.0
0803,jpeg_q75,fbcnn_dpir,all,1.0,image_transform_spread_detail,0.0,0.0,0.0,0.0,0.0
0803,jpeg_q75,fbcnn_dpir,all,1.0,measurement_residual,0.0,0.0,0.0,0.0,0.0
0803,jpeg_q75,fbcnn_dpir,all,1.0,image_gradient,0.0,2.710505431213761e-20,0.0,0.0,0.0
0803,jpeg_q75,fbcnn_dpir,all,1.0,random_expected,0.0,0.0,0.0,0.0,0.0
0803,jpeg_q75,fbcnn_dpir,textured_quartile,0.5,image_transform_spread_detail,-0.00024044381734068397,-9.160737214789026e-05,-0.078125,0.0,0.0
0803,jpeg_q75,fbcnn_dpir,textured_quartile,0.5,measurement_residual,-0.00025241159957868175,-9.250178237061251e-05,-0.1015625,0.0,0.0
0803,jpeg_q75,fbcnn_dpir,textured_quartile,0.5,image_gradient,-0.00018101801134908359,-8.226851342658194e-05,-0.0859375,0.0,0.0
0803,jpeg_q75,fbcnn_dpir,textured_quartile,0.5,random_expected,-0.0005469265455842289,-0.00018225703937304992,-0.18359375,-0.00390625,0.0
0803,jpeg_q75,fbcnn_dpir,textured_quartile,0.75,image_transform_spread_detail,-0.0001983754263197579,-6.998585028689238e-05,-0.05729166666666667,0.0,0.0
0803,jpeg_q75,fbcnn_dpir,textured_quartile,0.75,measurement_residual,-0.00013963424888028208,-4.519351595718031e-05,-0.02604166666666667,0.0,0.0
0803,jpeg_q75,fbcnn_dpir,textured_quartile,0.75,image_gradient,-8.08345664862944e-05,-3.058049272263363e-05,-0.02083333333333333,0.0,0.0
0803,jpeg_q75,fbcnn_dpir,textured_quartile,0.75,random_expected,-0.00035728119410205613,-0.00011237594164548273,-0.09505208333333333,-0.00390625,0.0
0803,jpeg_q75,fbcnn_dpir,textured_quartile,0.9,image_transform_spread_detail,-0.00013569441705903987,-4.627498466481557e-05,-0.043290043290043295,0.0,0.0
0803,jpeg_q75,fbcnn_dpir,textured_quartile,0.9,measurement_residual,-9.173483127283919e-05,-2.715417190826832e-05,-0.02164502164502166,0.0,0.0
0803,jpeg_q75,fbcnn_dpir,textured_quartile,0.9,image_gradient,-3.6583207159678055e-05,-1.2073561341988711e-05,-0.017316017316017313,0.0,0.0
0803,jpeg_q75,fbcnn_dpir,textured_quartile,0.9,random_expected,-0.00016418959799798958,-4.968881529496331e-05,-0.04168357683982685,-0.00390625,0.0
0803,jpeg_q75,fbcnn_dpir,textured_quartile,1.0,image_transform_spread_detail,0.0,0.0,0.0,0.0,0.0
0803,jpeg_q75,fbcnn_dpir,textured_quartile,1.0,measurement_residual,0.0,5.421010862427522e-20,0.0,0.0,0.0
0803,jpeg_q75,fbcnn_dpir,textured_quartile,1.0,image_gradient,0.0,5.421010862427522e-20,0.0,0.0,0.0
0803,jpeg_q75,fbcnn_dpir,textured_quartile,1.0,random_expected,0.0,0.0,0.0,0.0,0.0
0803,quantized_8bit,dpir_nominal,all,0.5,image_transform_spread_detail,-2.732396588817277e-05,-1.2344124089508352e-05,0.0,0.0,0.0
0803,quantized_8bit,dpir_nominal,all,0.5,measurement_residual,-0.000436249779745104,-0.00014482530559464953,-0.068359375,-0.001953125,0.0
0803,quantized_8bit,dpir_nominal,all,0.5,image_gradient,-1.919068429098462e-05,-1.0480584334802124e-05,0.0,0.0,0.0
0803,quantized_8bit,dpir_nominal,all,0.5,random_expected,-0.00036306917532263774,-0.00012025267351576458,-0.0517578125,-0.0009765625,0.0
0803,quantized_8bit,dpir_nominal,all,0.75,image_transform_spread_detail,-3.733427549257255e-05,-1.6081700329755e-05,-0.0078125,0.0,0.0
0803,quantized_8bit,dpir_nominal,all,0.75,measurement_residual,-0.0003105702665997161,-0.00010192823312649123,-0.05859375,-0.0013020833333333333,0.0
0803,quantized_8bit,dpir_nominal,all,0.75,image_gradient,-3.332595730583013e-05,-1.528599974068268e-05,-0.00390625,0.0,0.0
0803,quantized_8bit,dpir_nominal,all,0.75,random_expected,-0.0002772880486231125,-9.211016137209637e-05,-0.0517578125,-0.0009765625,0.0
0803,quantized_8bit,dpir_nominal,all,0.9,image_transform_spread_detail,-4.1329367325660554e-05,-1.592573927935531e-05,-0.019522776572668113,0.0,0.0
0803,quantized_8bit,dpir_nominal,all,0.9,measurement_residual,-0.00019952380610153416,-6.740106539981169e-05,-0.05422993492407809,-0.0010845986984815619,0.0
0803,quantized_8bit,dpir_nominal,all,0.9,image_gradient,-3.47021028504853e-05,-1.4834517500236146e-05,-0.017353579175704986,0.0,0.0
0803,quantized_8bit,dpir_nominal,all,0.9,random_expected,-0.00018203902415601882,-6.147970675863652e-05,-0.05067321380151844,-0.0009765625,0.0
0803,quantized_8bit,dpir_nominal,all,1.0,image_transform_spread_detail,-5.421010862427522e-20,-2.710505431213761e-20,0.0,0.0,0.0
0803,quantized_8bit,dpir_nominal,all,1.0,measurement_residual,0.0,-2.710505431213761e-20,0.0,0.0,0.0
0803,quantized_8bit,dpir_nominal,all,1.0,image_gradient,-5.421010862427522e-20,-2.710505431213761e-20,0.0,0.0,0.0
0803,quantized_8bit,dpir_nominal,all,1.0,random_expected,-1.0842021724855044e-19,-2.710505431213761e-20,0.0,0.0,0.0
0803,quantized_8bit,dpir_nominal,textured_quartile,0.5,image_transform_spread_detail,-0.0002518957511059173,-0.00010095327857566371,-0.1015625,0.0,0.0
0803,quantized_8bit,dpir_nominal,textured_quartile,0.5,measurement_residual,-0.0006671609476216547,-0.00023692597858087055,-0.21875,-0.0078125,0.0
0803,quantized_8bit,dpir_nominal,textured_quartile,0.5,image_gradient,-0.00024027109475478802,-0.00010490762155913018,-0.09375,0.0,0.0
0803,quantized_8bit,dpir_nominal,textured_quartile,0.5,random_expected,-0.0006345456991636717,-0.00022143103656872598,-0.20703125,-0.00390625,0.0
0803,quantized_8bit,dpir_nominal,textured_quartile,0.75,image_transform_spread_detail,-0.00012773048991992727,-5.13007971122125e-05,-0.07291666666666667,0.0,0.0
0803,quantized_8bit,dpir_nominal,textured_quartile,0.75,measurement_residual,-0.0003827537269982448,-0.00013143291761404466,-0.140625,-0.005208333333333333,0.0
0803,quantized_8bit,dpir_nominal,textured_quartile,0.75,image_gradient,-0.00010593203517357693,-4.548300753048727e-05,-0.05729166666666667,0.0,0.0
0803,quantized_8bit,dpir_nominal,textured_quartile,0.75,random_expected,-0.0003948837469032445,-0.00013518831064262535,-0.13411458333333331,-0.00390625,0.0
0803,quantized_8bit,dpir_nominal,textured_quartile,0.9,image_transform_spread_detail,-7.715903452329485e-05,-3.029072910683923e-05,-0.038961038961038974,0.0,0.0
0803,quantized_8bit,dpir_nominal,textured_quartile,0.9,measurement_residual,-0.00020878159990193336,-7.105074226862424e-05,-0.06926406926406928,-0.004329004329004329,0.0
0803,quantized_8bit,dpir_nominal,textured_quartile,0.9,image_gradient,-7.650834602518993e-05,-2.8201098134338434e-05,-0.030303030303030304,0.0,0.0
0803,quantized_8bit,dpir_nominal,textured_quartile,0.9,random_expected,-0.00020843838753940164,-6.985039226815274e-05,-0.06417410714285715,-0.00390625,0.0
0803,quantized_8bit,dpir_nominal,textured_quartile,1.0,image_transform_spread_detail,0.0,-5.421010862427522e-20,0.0,0.0,0.0
0803,quantized_8bit,dpir_nominal,textured_quartile,1.0,measurement_residual,0.0,0.0,0.0,0.0,0.0
0803,quantized_8bit,dpir_nominal,textured_quartile,1.0,image_gradient,0.0,0.0,0.0,0.0,0.0
0803,quantized_8bit,dpir_nominal,textured_quartile,1.0,random_expected,0.0,-5.421010862427522e-20,0.0,0.0,0.0
0803,quantized_8bit,fbcnn_dpir,all,0.5,image_transform_spread_detail,-4.46472642708741e-05,-1.687064339141893e-05,0.0,0.0,0.0
0803,quantized_8bit,fbcnn_dpir,all,0.5,measurement_residual,-0.00011481708368722113,-4.106547069569895e-05,-0.009765625,0.0,0.0
0803,quantized_8bit,fbcnn_dpir,all,0.5,image_gradient,-1.8342440845364304e-05,-8.43177476829796e-06,0.0,0.0,0.0
0803,quantized_8bit,fbcnn_dpir,all,0.5,random_expected,-0.00036694762891778174,-0.00012091380199709509,-0.0537109375,-0.0009765625,0.0
0803,quantized_8bit,fbcnn_dpir,all,0.75,image_transform_spread_detail,-5.206429043274125e-05,-1.9114650459649786e-05,-0.009114583333333334,0.0,0.0
0803,quantized_8bit,fbcnn_dpir,all,0.75,measurement_residual,-9.078334279154538e-05,-3.137558200290158e-05,-0.020833333333333332,0.0,0.0
0803,quantized_8bit,fbcnn_dpir,all,0.75,image_gradient,-2.2398833569197525e-05,-9.839838734180035e-06,-0.00390625,0.0,0.0
0803,quantized_8bit,fbcnn_dpir,all,0.75,random_expected,-0.0002701508048593168,-8.865906845840699e-05,-0.0537109375,-0.0009765625,0.0
0803,quantized_8bit,fbcnn_dpir,all,0.9,image_transform_spread_detail,-6.852903802149969e-05,-2.389612887315694e-05,-0.019522776572668113,0.0,0.0
0803,quantized_8bit,fbcnn_dpir,all,0.9,measurement_residual,-8.128830026160432e-05,-2.8743832285528167e-05,-0.027114967462039043,0.0,0.0
0803,quantized_8bit,fbcnn_dpir,all,0.9,image_gradient,-1.6003870218658203e-05,-7.236895802805344e-06,-0.0065075921908893716,0.0,0.0
0803,quantized_8bit,fbcnn_dpir,all,0.9,random_expected,-0.00016899046510410697,-5.564343062802453e-05,-0.04286495051518438,-0.0009765625,0.0
0803,quantized_8bit,fbcnn_dpir,all,1.0,image_transform_spread_detail,-5.421010862427522e-20,0.0,0.0,0.0,0.0
0803,quantized_8bit,fbcnn_dpir,all,1.0,measurement_residual,0.0,2.710505431213761e-20,0.0,0.0,0.0
0803,quantized_8bit,fbcnn_dpir,all,1.0,image_gradient,0.0,2.710505431213761e-20,0.0,0.0,0.0
0803,quantized_8bit,fbcnn_dpir,all,1.0,random_expected,-5.421010862427522e-20,0.0,0.0,0.0,0.0
0803,quantized_8bit,fbcnn_dpir,textured_quartile,0.5,image_transform_spread_detail,-0.00031069398930219194,-0.00012710050045198064,-0.125,0.0,0.0
0803,quantized_8bit,fbcnn_dpir,textured_quartile,0.5,measurement_residual,-0.0003316213988481054,-0.00012638198705851707,-0.1484375,0.0,0.0
0803,quantized_8bit,fbcnn_dpir,textured_quartile,0.5,image_gradient,-0.000196269532617469,-8.932679146635901e-05,-0.078125,0.0,0.0
0803,quantized_8bit,fbcnn_dpir,textured_quartile,0.5,random_expected,-0.0005782670317735336,-0.00019949365446161736,-0.19921875,-0.00390625,0.0
0803,quantized_8bit,fbcnn_dpir,textured_quartile,0.75,image_transform_spread_detail,-0.00017640337690795873,-6.054363396650693e-05,-0.046875000000000014,0.0,0.0
0803,quantized_8bit,fbcnn_dpir,textured_quartile,0.75,measurement_residual,-0.000189936986987769,-6.659045059854063e-05,-0.06770833333333333,0.0,0.0
0803,quantized_8bit,fbcnn_dpir,textured_quartile,0.75,image_gradient,-6.292800984880674e-05,-2.3451157172182675e-05,-0.015625000000000014,0.0,0.0
0803,quantized_8bit,fbcnn_dpir,textured_quartile,0.75,random_expected,-0.00034719656851139565,-0.0001110041733976324,-0.10026041666666667,-0.00390625,0.0
0803,quantized_8bit,fbcnn_dpir,textured_quartile,0.9,image_transform_spread_detail,-0.00017843889351370958,-6.194316376033018e-05,-0.05627705627705629,0.0,0.0
0803,quantized_8bit,fbcnn_dpir,textured_quartile,0.9,measurement_residual,-0.0001615111009272397,-5.606756286516179e-05,-0.05627705627705629,0.0,0.0
0803,quantized_8bit,fbcnn_dpir,textured_quartile,0.9,image_gradient,-7.009381810318374e-05,-2.5059986723496765e-05,-0.030303030303030304,0.0,0.0
0803,quantized_8bit,fbcnn_dpir,textured_quartile,0.9,random_expected,-0.00020158576334211326,-6.637420835809706e-05,-0.05899959415584416,-0.00390625,0.0
0803,quantized_8bit,fbcnn_dpir,textured_quartile,1.0,image_transform_spread_detail,-2.168404344971009e-19,-1.0842021724855044e-19,0.0,0.0,0.0
0803,quantized_8bit,fbcnn_dpir,textured_quartile,1.0,measurement_residual,0.0,0.0,0.0,0.0,0.0
0803,quantized_8bit,fbcnn_dpir,textured_quartile,1.0,image_gradient,0.0,5.421010862427522e-20,0.0,0.0,0.0
0803,quantized_8bit,fbcnn_dpir,textured_quartile,1.0,random_expected,0.0,0.0,0.0,0.0,0.0
0804,jpeg_q75,dpir_nominal,all,0.5,image_transform_spread_detail,-2.7140826450903306e-05,-1.5537218932487953e-05,-0.009765625,0.001953125,0.0
0804,jpeg_q75,dpir_nominal,all,0.5,measurement_residual,-0.0002165803374017119,-0.00015007053244748555,-0.076171875,-0.0234375,0.0
0804,jpeg_q75,dpir_nominal,all,0.5,image_gradient,-8.477936748929648e-05,-7.521123468561978e-05,-0.029296875,-0.01171875,0.0
0804,jpeg_q75,dpir_nominal,all,0.5,random_expected,-0.0014420405526307492,-0.0008345895822562499,-0.3662109375,-0.1328125,-0.001953125
0804,jpeg_q75,dpir_nominal,all,0.75,image_transform_spread_detail,-7.12591524641773e-05,-4.475600802506614e-05,-0.013020833333333315,-0.014322916666666664,0.0
0804,jpeg_q75,dpir_nominal,all,0.75,measurement_residual,-0.00018221097424172346,-0.0001620647137347734,-0.02734375,-0.045572916666666664,0.0
0804,jpeg_q75,dpir_nominal,all,0.75,image_gradient,-6.93897008811656e-06,-5.173082203055977e-05,-0.0078125,-0.01953125,0.0
0804,jpeg_q75,dpir_nominal,all,0.75,random_expected,-0.0007967158975801579,-0.0004999549169970233,-0.15071614583333331,-0.10611979166666666,-0.001953125
0804,jpeg_q75,dpir_nominal,all,0.9,image_transform_spread_detail,-8.78486129362924e-05,-7.144166524090088e-05,0.003253796095444683,-0.02060737527114967,-0.0010845986984815619
0804,jpeg_q75,dpir_nominal,all,0.9,measurement_residual,-0.0001621092597712552,-0.00015758396549853777,-0.008676789587852507,-0.033622559652928416,-0.0010845986984815619
0804,jpeg_q75,dpir_nominal,all,0.9,image_gradient,1.3636735040297322e-05,-3.5107199961969984e-05,0.002169197396963085,-0.008676789587852493,0.0
0804,jpeg_q75,dpir_nominal,all,0.9,random_expected,-0.0004293390615395583,-0.0002988778543594721,-0.05108841174078094,-0.06600376220173536,-0.001953125
0804,jpeg_q75,dpir_nominal,all,1.0,image_transform_spread_detail,-4.336808689942018e-19,0.0,0.0,0.0,0.0
0804,jpeg_q75,dpir_nominal,all,1.0,measurement_residual,-4.336808689942018e-19,0.0,0.0,0.0,0.0
0804,jpeg_q75,dpir_nominal,all,1.0,image_gradient,-4.336808689942018e-19,0.0,0.0,0.0,0.0
0804,jpeg_q75,dpir_nominal,all,1.0,random_expected,-4.336808689942018e-19,0.0,0.0,0.0,0.0
0804,jpeg_q75,dpir_nominal,textured_quartile,0.5,image_transform_spread_detail,-6.143249120992011e-05,-3.6780056896950405e-05,-0.0078125,-0.015625,0.0
0804,jpeg_q75,dpir_nominal,textured_quartile,0.5,measurement_residual,-0.0007733695608021932,-0.0005642890741898907,-0.015625,-0.1640625,0.0
0804,jpeg_q75,dpir_nominal,textured_quartile,0.5,image_gradient,-0.0002703630872216249,-0.00019542879654778486,-0.0234375,-0.078125,0.0
0804,jpeg_q75,dpir_nominal,textured_quartile,0.5,random_expected,-0.0009860355540249523,-0.0006285651102982412,-0.015625,-0.19140625,-0.00390625
0804,jpeg_q75,dpir_nominal,textured_quartile,0.75,image_transform_spread_detail,-0.00028150266080131676,-0.00017764203742066768,0.0,-0.052083333333333315,0.0
0804,jpeg_q75,dpir_nominal,textured_quartile,0.75,measurement_residual,-0.0005781712088203279,-0.0004540426823107348,-0.00520833333333337,-0.09895833333333331,0.0
0804,jpeg_q75,dpir_nominal,textured_quartile,0.75,image_gradient,-0.0001671555495557234,-0.0001664125742807908,-0.00520833333333337,-0.041666666666666685,0.0
0804,jpeg_q75,dpir_nominal,textured_quartile,0.75,random_expected,-0.0007461086669819927,-0.0005205846860963691,-0.00520833333333337,-0.13671875,-0.00390625
0804,jpeg_q75,dpir_nominal,textured_quartile,0.9,image_transform_spread_detail,-0.00017025822800741195,-0.00013657161305599902,0.0,-0.025974025974025983,0.0
0804,jpeg_q75,dpir_nominal,textured_quartile,0.9,measurement_residual,-0.0002760413124865656,-0.00026045963228660176,0.0,-0.034632034632034625,0.0
0804,jpeg_q75,dpir_nominal,textured_quartile,0.9,image_gradient,-0.00017939771768648704,-0.00018114735159713898,0.0,-0.017316017316017285,0.0
0804,jpeg_q75,dpir_nominal,textured_quartile,0.9,random_expected,-0.00041054281467665845,-0.0003226387680662882,-0.0016910173160172848,-0.05960836038961037,-0.00390625
0804,jpeg_q75,dpir_nominal,textured_quartile,1.0,image_transform_spread_detail,-8.673617379884035e-19,4.336808689942018e-19,0.0,0.0,0.0
0804,jpeg_q75,dpir_nominal,textured_quartile,1.0,measurement_residual,-8.673617379884035e-19,0.0,0.0,0.0,0.0
0804,jpeg_q75,dpir_nominal,textured_quartile,1.0,image_gradient,0.0,0.0,0.0,0.0,0.0
0804,jpeg_q75,dpir_nominal,textured_quartile,1.0,random_expected,0.0,0.0,0.0,0.0,0.0
0804,jpeg_q75,fbcnn_dpir,all,0.5,image_transform_spread_detail,-5.980542872180959e-05,-3.168630341729775e-05,-0.03515625,0.0,0.0
0804,jpeg_q75,fbcnn_dpir,all,0.5,measurement_residual,-0.00026013565672190146,-0.00012826614387017525,-0.130859375,-0.005859375,0.0
0804,jpeg_q75,fbcnn_dpir,all,0.5,image_gradient,-0.0001688006848460916,-0.00010173450700526907,-0.080078125,-0.01171875,0.0
0804,jpeg_q75,fbcnn_dpir,all,0.5,random_expected,-0.001255092808551848,-0.000608915443171133,-0.3896484375,-0.072265625,0.0
0804,jpeg_q75,fbcnn_dpir,all,0.75,image_transform_spread_detail,-6.562644205576238e-05,-3.352316146399683e-05,-0.01953125,-0.005208333333333333,0.0
0804,jpeg_q75,fbcnn_dpir,all,0.75,measurement_residual,-0.00021847944959732925,-0.00011107417261169313,-0.049479166666666685,-0.016927083333333332,0.0
0804,jpeg_q75,fbcnn_dpir,all,0.75,image_gradient,-0.00023501994678727471,-0.00013987030903638367,-0.037760416666666685,-0.027343749999999997,0.0
0804,jpeg_q75,fbcnn_dpir,all,0.75,random_expected,-0.0008036840663788956,-0.0003903799199099211,-0.18131510416666669,-0.06575520833333333,0.0
0804,jpeg_q75,fbcnn_dpir,all,0.9,image_transform_spread_detail,-4.576380537481208e-05,-1.759538510642106e-05,-0.0021691973969631406,-0.006507592190889373,0.0
0804,jpeg_q75,fbcnn_dpir,all,0.9,measurement_residual,-0.00014362318398588995,-6.75982294856014e-05,-0.013015184381778733,-0.017353579175704993,0.0
0804,jpeg_q75,fbcnn_dpir,all,0.9,image_gradient,-0.00013258191693147963,-6.879508189527254e-05,-0.004338394793926281,-0.01843817787418655,0.0
0804,jpeg_q75,fbcnn_dpir,all,0.9,random_expected,-0.00041332538062467954,-0.00019252795828399215,-0.0606083073481562,-0.044066058839479394,0.0
0804,jpeg_q75,fbcnn_dpir,all,1.0,image_transform_spread_detail,0.0,0.0,0.0,0.0,0.0
0804,jpeg_q75,fbcnn_dpir,all,1.0,measurement_residual,2.168404344971009e-19,0.0,0.0,0.0,0.0
0804,jpeg_q75,fbcnn_dpir,all,1.0,image_gradient,0.0,1.0842021724855044e-19,0.0,0.0,0.0
0804,jpeg_q75,fbcnn_dpir,all,1.0,random_expected,2.168404344971009e-19,0.0,0.0,0.0,0.0
0804,jpeg_q75,fbcnn_dpir,textured_quartile,0.5,image_transform_spread_detail,-0.00012080710614148114,-2.403786009960371e-05,-0.0078125,0.0,0.0
0804,jpeg_q75,fbcnn_dpir,textured_quartile,0.5,measurement_residual,-0.0003591791911431558,-0.00015927365318016873,-0.015625,-0.046875,0.0
0804,jpeg_q75,fbcnn_dpir,textured_quartile,0.5,image_gradient,-0.0006993046837867191,-0.0003902245579440551,-0.0234375,-0.109375,0.0
0804,jpeg_q75,fbcnn_dpir,textured_quartile,0.5,random_expected,-0.0009265627422314223,-0.00038145258444618655,-0.015625,-0.1328125,0.0
0804,jpeg_q75,fbcnn_dpir,textured_quartile,0.75,image_transform_spread_detail,-0.00015528454809831966,-5.595259502928795e-05,0.0,-0.03125,0.0
0804,jpeg_q75,fbcnn_dpir,textured_quartile,0.75,measurement_residual,-0.00029682277625382985,-0.00011636942334819207,-0.00520833333333337,-0.04166666666666666,0.0
0804,jpeg_q75,fbcnn_dpir,textured_quartile,0.75,image_gradient,-0.0004706753116534997,-0.00022864122019613446,-0.00520833333333337,-0.06770833333333331,0.0
0804,jpeg_q75,fbcnn_dpir,textured_quartile,0.75,random_expected,-0.0006511509491858524,-0.00026226827772931976,-0.00520833333333337,-0.1015625,0.0
0804,jpeg_q75,fbcnn_dpir,textured_quartile,0.9,image_transform_spread_detail,-7.60082324884519e-05,-3.0439986673818763e-05,0.0,-0.02164502164502166,0.0
0804,jpeg_q75,fbcnn_dpir,textured_quartile,0.9,measurement_residual,-0.00019852970888170184,-8.933732467779733e-05,0.0,-0.03463203463203465,0.0
0804,jpeg_q75,fbcnn_dpir,textured_quartile,0.9,image_gradient,-0.0002553882439644776,-0.00011165225110234666,0.0,-0.03463203463203465,0.0
0804,jpeg_q75,fbcnn_dpir,textured_quartile,0.9,random_expected,-0.000344562031980581,-0.00013507202834966937,-0.0016910173160172848,-0.05529626623376624,0.0
0804,jpeg_q75,fbcnn_dpir,textured_quartile,1.0,image_transform_spread_detail,0.0,0.0,0.0,0.0,0.0
0804,jpeg_q75,fbcnn_dpir,textured_quartile,1.0,measurement_residual,0.0,4.336808689942018e-19,0.0,0.0,0.0
0804,jpeg_q75,fbcnn_dpir,textured_quartile,1.0,image_gradient,0.0,0.0,0.0,0.0,0.0
0804,jpeg_q75,fbcnn_dpir,textured_quartile,1.0,random_expected,0.0,0.0,0.0,0.0,0.0
0804,quantized_8bit,dpir_nominal,all,0.5,image_transform_spread_detail,-5.983804191930488e-05,-2.5824092510541764e-05,-0.0390625,0.0,0.0
0804,quantized_8bit,dpir_nominal,all,0.5,measurement_residual,-0.0016942956212394797,-0.0008522336340999845,-0.52734375,-0.111328125,0.0
0804,quantized_8bit,dpir_nominal,all,0.5,image_gradient,-0.0001711279181176549,-0.00010867860679608098,-0.095703125,-0.0078125,0.0
0804,quantized_8bit,dpir_nominal,all,0.5,random_expected,-0.0012345163616709863,-0.0006145552803178691,-0.4033203125,-0.068359375,0.0
0804,quantized_8bit,dpir_nominal,all,0.75,image_transform_spread_detail,-6.007818315290905e-05,-2.8668379908363263e-05,-0.009114583333333315,0.0,0.0
0804,quantized_8bit,dpir_nominal,all,0.75,measurement_residual,-0.0009964549132347625,-0.0005009314104750101,-0.24088541666666663,-0.08333333333333334,0.0
0804,quantized_8bit,dpir_nominal,all,0.75,image_gradient,-0.00023416484289385034,-0.00014616008654340465,-0.04296875,-0.024739583333333336,0.0
0804,quantized_8bit,dpir_nominal,all,0.75,random_expected,-0.0008066852560991903,-0.0004028880819262675,-0.18587239583333331,-0.06705729166666667,0.0
0804,quantized_8bit,dpir_nominal,all,0.9,image_transform_spread_detail,-2.4038520084117146e-05,-3.387300212711556e-06,0.0,0.003253796095444685,0.0
0804,quantized_8bit,dpir_nominal,all,0.9,measurement_residual,-0.0005021897850086474,-0.000245940797445571,-0.08459869848156187,-0.05639913232104122,0.0
0804,quantized_8bit,dpir_nominal,all,0.9,image_gradient,-0.00013000087243303935,-7.34967033953894e-05,-0.004338394793926281,-0.020607375271149676,0.0
0804,quantized_8bit,dpir_nominal,all,0.9,random_expected,-0.00042156141046148835,-0.00020307658928880228,-0.06212081412689807,-0.04992119712581345,0.0
0804,quantized_8bit,dpir_nominal,all,1.0,image_transform_spread_detail,0.0,0.0,0.0,0.0,0.0
0804,quantized_8bit,dpir_nominal,all,1.0,measurement_residual,0.0,0.0,0.0,0.0,0.0
0804,quantized_8bit,dpir_nominal,all,1.0,image_gradient,2.168404344971009e-19,0.0,0.0,0.0,0.0
0804,quantized_8bit,dpir_nominal,all,1.0,random_expected,0.0,0.0,0.0,0.0,0.0
0804,quantized_8bit,dpir_nominal,textured_quartile,0.5,image_transform_spread_detail,-9.272809694510498e-05,1.3952623751106556e-05,0.0,0.046875,0.0
0804,quantized_8bit,dpir_nominal,textured_quartile,0.5,measurement_residual,-0.0012254316691034293,-0.0005573782630885749,-0.0078125,-0.2265625,0.0
0804,quantized_8bit,dpir_nominal,textured_quartile,0.5,image_gradient,-0.000753261591570588,-0.0004475018609467515,-0.0234375,-0.1015625,0.0
0804,quantized_8bit,dpir_nominal,textured_quartile,0.5,random_expected,-0.0010174583377566136,-0.0004492338308105931,-0.015625,-0.1484375,0.0
0804,quantized_8bit,dpir_nominal,textured_quartile,0.75,image_transform_spread_detail,-4.625138149624364e-05,2.0756121581242716e-05,0.0,0.015625,0.0
0804,quantized_8bit,dpir_nominal,textured_quartile,0.75,measurement_residual,-0.0007638869344430035,-0.0003287441875115579,0.0,-0.15104166666666666,0.0
0804,quantized_8bit,dpir_nominal,textured_quartile,0.75,image_gradient,-0.00048574191127254227,-0.0002539467960495179,-0.00520833333333337,-0.08333333333333334,0.0
0804,quantized_8bit,dpir_nominal,textured_quartile,0.75,random_expected,-0.0006759380100383196,-0.00028278641622240803,-0.00520833333333337,-0.12239583333333334,0.0
0804,quantized_8bit,dpir_nominal,textured_quartile,0.9,image_transform_spread_detail,-7.758470012283851e-05,-3.300542485785616e-05,0.0,-0.017316017316017313,0.0
0804,quantized_8bit,dpir_nominal,textured_quartile,0.9,measurement_residual,-0.0004357175332606214,-0.0001863821977882347,0.0,-0.08658008658008656,0.0
0804,quantized_8bit,dpir_nominal,textured_quartile,0.9,image_gradient,-0.0003098517606803992,-0.0001571306940314301,0.0,-0.047619047619047616,0.0
0804,quantized_8bit,dpir_nominal,textured_quartile,0.9,random_expected,-0.0004061986777852849,-0.00017908713596056797,-0.0016910173160172848,-0.07430330086580086,0.0
0804,quantized_8bit,dpir_nominal,textured_quartile,1.0,image_transform_spread_detail,0.0,0.0,0.0,0.0,0.0
0804,quantized_8bit,dpir_nominal,textured_quartile,1.0,measurement_residual,0.0,0.0,0.0,0.0,0.0
0804,quantized_8bit,dpir_nominal,textured_quartile,1.0,image_gradient,-8.673617379884035e-19,0.0,0.0,0.0,0.0
0804,quantized_8bit,dpir_nominal,textured_quartile,1.0,random_expected,0.0,0.0,0.0,0.0,0.0
0804,quantized_8bit,fbcnn_dpir,all,0.5,image_transform_spread_detail,-8.713057119045446e-05,-4.137037285730454e-05,-0.046875,0.0,0.0
0804,quantized_8bit,fbcnn_dpir,all,0.5,measurement_residual,-0.0009134615476184172,-0.00045400896460643655,-0.32421875,-0.048828125,0.0
0804,quantized_8bit,fbcnn_dpir,all,0.5,image_gradient,-0.00017051974945032,-0.00010510183136338517,-0.08984375,-0.0078125,0.0
0804,quantized_8bit,fbcnn_dpir,all,0.5,random_expected,-0.0012403414275335616,-0.0006107189937107882,-0.3984375,-0.0673828125,0.0
0804,quantized_8bit,fbcnn_dpir,all,0.75,image_transform_spread_detail,-0.00010773847877524776,-5.32795841137206e-05,-0.026041666666666685,-0.00390625,0.0
0804,quantized_8bit,fbcnn_dpir,all,0.75,measurement_residual,-0.0005580760102660882,-0.00028038662244971,-0.13411458333333337,-0.049479166666666664,0.0
0804,quantized_8bit,fbcnn_dpir,all,0.75,image_gradient,-0.00024505672932393643,-0.00015149062107218375,-0.04296875,-0.026041666666666668,0.0
0804,quantized_8bit,fbcnn_dpir,all,0.75,random_expected,-0.0008119425918553725,-0.00040275954283311536,-0.18424479166666669,-0.06608072916666667,0.0
0804,quantized_8bit,fbcnn_dpir,all,0.9,image_transform_spread_detail,-6.173781568594421e-05,-2.7617793740673195e-05,-0.004338394793926281,-0.00433839479392625,0.0
0804,quantized_8bit,fbcnn_dpir,all,0.9,measurement_residual,-0.0002849406247521823,-0.00013853851733410829,-0.030368763557483747,-0.04013015184381779,0.0
0804,quantized_8bit,fbcnn_dpir,all,0.9,image_gradient,-0.00013522224802557745,-7.511999343262534e-05,-0.004338394793926281,-0.020607375271149676,0.0
0804,quantized_8bit,fbcnn_dpir,all,0.9,random_expected,-0.0004207697470462329,-0.00020167722241681515,-0.06158063313449025,-0.04894463462581345,0.0
0804,quantized_8bit,fbcnn_dpir,all,1.0,image_transform_spread_detail,0.0,0.0,0.0,0.0,0.0
0804,quantized_8bit,fbcnn_dpir,all,1.0,measurement_residual,-2.168404344971009e-19,0.0,0.0,0.0,0.0
0804,quantized_8bit,fbcnn_dpir,all,1.0,image_gradient,-2.168404344971009e-19,0.0,0.0,0.0,0.0
0804,quantized_8bit,fbcnn_dpir,all,1.0,random_expected,-2.168404344971009e-19,0.0,0.0,0.0,0.0
0804,quantized_8bit,fbcnn_dpir,textured_quartile,0.5,image_transform_spread_detail,-7.842585431854735e-05,-1.1957617185042162e-05,0.0,0.0234375,0.0
0804,quantized_8bit,fbcnn_dpir,textured_quartile,0.5,measurement_residual,-0.000875215543265263,-0.00038917251859674033,-0.015625,-0.1640625,0.0
0804,quantized_8bit,fbcnn_dpir,textured_quartile,0.5,image_gradient,-0.0007368221733705586,-0.0004437009351889536,-0.0234375,-0.125,0.0
0804,quantized_8bit,fbcnn_dpir,textured_quartile,0.5,random_expected,-0.0009982781387347598,-0.00044306270029056526,-0.015625,-0.16796875,0.0
0804,quantized_8bit,fbcnn_dpir,textured_quartile,0.75,image_transform_spread_detail,-0.00022345699583154735,-8.889546281673987e-05,0.0,-0.03645833333333334,0.0
0804,quantized_8bit,fbcnn_dpir,textured_quartile,0.75,measurement_residual,-0.0005776616513311194,-0.0002619448588539184,0.0,-0.125,0.0
0804,quantized_8bit,fbcnn_dpir,textured_quartile,0.75,image_gradient,-0.0004649946936247651,-0.00025417632744711657,-0.00520833333333337,-0.08854166666666666,0.0
0804,quantized_8bit,fbcnn_dpir,textured_quartile,0.75,random_expected,-0.0006793577186939579,-0.00029377516508798,-0.00520833333333337,-0.12890625,0.0
0804,quantized_8bit,fbcnn_dpir,textured_quartile,0.9,image_transform_spread_detail,-0.00022595916654722346,-0.00010000067906440566,0.0,-0.043290043290043295,0.0
0804,quantized_8bit,fbcnn_dpir,textured_quartile,0.9,measurement_residual,-0.0003510935516436711,-0.00017216277941352028,0.0,-0.07792207792207792,0.0
0804,quantized_8bit,fbcnn_dpir,textured_quartile,0.9,image_gradient,-0.00028548528889197657,-0.00014534076270832303,0.0,-0.047619047619047616,0.0
0804,quantized_8bit,fbcnn_dpir,textured_quartile,0.9,random_expected,-0.0003817668061295073,-0.00016730232412639915,-0.0016910173160172848,-0.07039705086580086,0.0
0804,quantized_8bit,fbcnn_dpir,textured_quartile,1.0,image_transform_spread_detail,0.0,4.336808689942018e-19,0.0,0.0,0.0
0804,quantized_8bit,fbcnn_dpir,textured_quartile,1.0,measurement_residual,0.0,0.0,0.0,0.0,0.0
0804,quantized_8bit,fbcnn_dpir,textured_quartile,1.0,image_gradient,0.0,4.336808689942018e-19,0.0,0.0,0.0
0804,quantized_8bit,fbcnn_dpir,textured_quartile,1.0,random_expected,-8.673617379884035e-19,4.336808689942018e-19,0.0,0.0,0.0
