region,score,coverage,available_patches,retained_patches,rgb_mse,detail_mse,bad_detail_rate_0.025,bad_detail_rate_0.05,bad_detail_rate_0.1,source_id,true_sigma,noise_std,scenario
all,operator_spread_detail,0.5,1024,512,7.684882710533274e-05,3.0278146182112158e-05,0.0,0.0,0.0,0801,1.6,0.00784313725490196,blur_noise
all,operator_spread_detail,0.75,1024,768,0.0001219455974367758,4.8024253695374177e-05,0.0,0.0,0.0,0801,1.6,0.00784313725490196,blur_noise
all,operator_spread_detail,0.9,1024,922,0.00019347771648271794,7.489139702438356e-05,0.0010845986984815619,0.0,0.0,0801,1.6,0.00784313725490196,blur_noise
all,operator_spread_detail,1.0,1024,1024,0.0003482604152102179,0.00013528801328307696,0.0498046875,0.0,0.0,0801,1.6,0.00784313725490196,blur_noise
all,image_transform_spread_detail,0.5,1024,512,8.319118631306865e-05,3.503462200298083e-05,0.0,0.0,0.0,0801,1.6,0.00784313725490196,blur_noise
all,image_transform_spread_detail,0.75,1024,768,0.0001326045241577192,5.435617109571512e-05,0.0,0.0,0.0,0801,1.6,0.00784313725490196,blur_noise
all,image_transform_spread_detail,0.9,1024,922,0.00020234324020901778,8.066421416024672e-05,0.005422993492407809,0.0,0.0,0801,1.6,0.00784313725490196,blur_noise
all,image_transform_spread_detail,1.0,1024,1024,0.00034826041521021796,0.00013528801328307696,0.0498046875,0.0,0.0,0801,1.6,0.00784313725490196,blur_noise
all,operator_spread_rgb,0.5,1024,512,8.693449668527848e-05,3.834942524356193e-05,0.0,0.0,0.0,0801,1.6,0.00784313725490196,blur_noise
all,operator_spread_rgb,0.75,1024,768,0.0001364509459211095,5.8617709655240745e-05,0.0013020833333333333,0.0,0.0,0801,1.6,0.00784313725490196,blur_noise
all,operator_spread_rgb,0.9,1024,922,0.0002012864752008649,8.079223590322281e-05,0.004338394793926247,0.0,0.0,0801,1.6,0.00784313725490196,blur_noise
all,operator_spread_rgb,1.0,1024,1024,0.00034826041521021796,0.000135288013283077,0.0498046875,0.0,0.0,0801,1.6,0.00784313725490196,blur_noise
all,measurement_residual,0.5,1024,512,0.0004054688564976242,0.0001542680733489012,0.056640625,0.0,0.0,0801,1.6,0.00784313725490196,blur_noise
all,measurement_residual,0.75,1024,768,0.0003732015244457031,0.00014387029519862319,0.0546875,0.0,0.0,0801,1.6,0.00784313725490196,blur_noise
all,measurement_residual,0.9,1024,922,0.00036124906959833215,0.00014007599631498345,0.052060737527114966,0.0,0.0,0801,1.6,0.00784313725490196,blur_noise
all,measurement_residual,1.0,1024,1024,0.00034826041521021796,0.00013528801328307696,0.0498046875,0.0,0.0,0801,1.6,0.00784313725490196,blur_noise
all,image_gradient,0.5,1024,512,0.00011634449424659544,5.573893663363436e-05,0.0,0.0,0.0,0801,1.6,0.00784313725490196,blur_noise
all,image_gradient,0.75,1024,768,0.0001510967560089339,6.497288712865535e-05,0.0026041666666666665,0.0,0.0,0801,1.6,0.00784313725490196,blur_noise
all,image_gradient,0.9,1024,922,0.0002064711654410338,8.273534507791917e-05,0.006507592190889371,0.0,0.0,0801,1.6,0.00784313725490196,blur_noise
all,image_gradient,1.0,1024,1024,0.00034826041521021796,0.00013528801328307696,0.0498046875,0.0,0.0,0801,1.6,0.00784313725490196,blur_noise
all,random_expected,0.5,1024,512,0.00034826041521021796,0.00013528801328307696,0.0498046875,0.0,0.0,0801,1.6,0.00784313725490196,blur_noise
all,random_expected,0.75,1024,768,0.00034826041521021796,0.00013528801328307696,0.0498046875,0.0,0.0,0801,1.6,0.00784313725490196,blur_noise
all,random_expected,0.9,1024,922,0.00034826041521021796,0.00013528801328307696,0.0498046875,0.0,0.0,0801,1.6,0.00784313725490196,blur_noise
all,random_expected,1.0,1024,1024,0.00034826041521021796,0.00013528801328307696,0.0498046875,0.0,0.0,0801,1.6,0.00784313725490196,blur_noise
all,oracle_detail_error,0.5,1024,512,6.769109076105339e-05,2.104862935938003e-05,0.0,0.0,0.0,0801,1.6,0.00784313725490196,blur_noise
all,oracle_detail_error,0.75,1024,768,0.00011892294437098672,3.5613617795886164e-05,0.0,0.0,0.0,0801,1.6,0.00784313725490196,blur_noise
all,oracle_detail_error,0.9,1024,922,0.00018992633487433015,6.912271066311654e-05,0.0,0.0,0.0,0801,1.6,0.00784313725490196,blur_noise
all,oracle_detail_error,1.0,1024,1024,0.00034826041521021796,0.00013528801328307696,0.0498046875,0.0,0.0,0801,1.6,0.00784313725490196,blur_noise
textured_quartile,operator_spread_detail,0.5,256,128,0.0004737472410748293,0.00017756290594095252,0.0078125,0.0,0.0,0801,1.6,0.00784313725490196,blur_noise
textured_quartile,operator_spread_detail,0.75,256,192,0.0006437836710382275,0.0002516484425623115,0.041666666666666664,0.0,0.0,0801,1.6,0.00784313725490196,blur_noise
textured_quartile,operator_spread_detail,0.9,256,231,0.0008217654987021284,0.0003253376782002441,0.1341991341991342,0.0,0.0,0801,1.6,0.00784313725490196,blur_noise
textured_quartile,operator_spread_detail,1.0,256,256,0.0010178018367172548,0.0003919234080261353,0.19921875,0.0,0.0,0801,1.6,0.00784313725490196,blur_noise
textured_quartile,image_transform_spread_detail,0.5,256,128,0.0005582152583853807,0.00022558214044274654,0.0234375,0.0,0.0,0801,1.6,0.00784313725490196,blur_noise
textured_quartile,image_transform_spread_detail,0.75,256,192,0.00066100704941253,0.00026262193550189073,0.057291666666666664,0.0,0.0,0801,1.6,0.00784313725490196,blur_noise
textured_quartile,image_transform_spread_detail,0.9,256,231,0.0008555323771359804,0.0003397279277464155,0.1471861471861472,0.0,0.0,0801,1.6,0.00784313725490196,blur_noise
textured_quartile,image_transform_spread_detail,1.0,256,256,0.0010178018367172545,0.0003919234080261353,0.19921875,0.0,0.0,0801,1.6,0.00784313725490196,blur_noise
textured_quartile,operator_spread_rgb,0.5,256,128,0.0005384056637617002,0.0002243938048735447,0.015625,0.0,0.0,0801,1.6,0.00784313725490196,blur_noise
textured_quartile,operator_spread_rgb,0.75,256,192,0.0006853422235079047,0.0002796274039694275,0.07291666666666667,0.0,0.0,0801,1.6,0.00784313725490196,blur_noise
textured_quartile,operator_spread_rgb,0.9,256,231,0.000834803466704972,0.0003381030334266376,0.14285714285714285,0.0,0.0,0801,1.6,0.00784313725490196,blur_noise
textured_quartile,operator_spread_rgb,1.0,256,256,0.0010178018367172545,0.00039192340802613536,0.19921875,0.0,0.0,0801,1.6,0.00784313725490196,blur_noise
textured_quartile,measurement_residual,0.5,256,128,0.001014895155514217,0.0003862326253050382,0.1875,0.0,0.0,0801,1.6,0.00784313725490196,blur_noise
textured_quartile,measurement_residual,0.75,256,192,0.0009723688039138355,0.0003748219342736664,0.1875,0.0,0.0,0801,1.6,0.00784313725490196,blur_noise
textured_quartile,measurement_residual,0.9,256,231,0.0009834678257174248,0.000377723712188139,0.18614718614718614,0.0,0.0,0801,1.6,0.00784313725490196,blur_noise
textured_quartile,measurement_residual,1.0,256,256,0.0010178018367172545,0.0003919234080261353,0.19921875,0.0,0.0,0801,1.6,0.00784313725490196,blur_noise
textured_quartile,image_gradient,0.5,256,128,0.0005879677136523529,0.00023969035248654132,0.03125,0.0,0.0,0801,1.6,0.00784313725490196,blur_noise
textured_quartile,image_gradient,0.75,256,192,0.0006997968664037378,0.000277566118792388,0.07291666666666667,0.0,0.0,0801,1.6,0.00784313725490196,blur_noise
textured_quartile,image_gradient,0.9,256,231,0.000871375359827304,0.00034278420660692867,0.1471861471861472,0.0,0.0,0801,1.6,0.00784313725490196,blur_noise
textured_quartile,image_gradient,1.0,256,256,0.0010178018367172545,0.0003919234080261353,0.19921875,0.0,0.0,0801,1.6,0.00784313725490196,blur_noise
textured_quartile,random_expected,0.5,256,128,0.0010178018367172548,0.0003919234080261353,0.19921875,0.0,0.0,0801,1.6,0.00784313725490196,blur_noise
textured_quartile,random_expected,0.75,256,192,0.0010178018367172548,0.0003919234080261353,0.19921875,0.0,0.0,0801,1.6,0.00784313725490196,blur_noise
textured_quartile,random_expected,0.9,256,231,0.0010178018367172548,0.0003919234080261353,0.19921875,0.0,0.0,0801,1.6,0.00784313725490196,blur_noise
textured_quartile,random_expected,1.0,256,256,0.0010178018367172548,0.0003919234080261353,0.19921875,0.0,0.0,0801,1.6,0.00784313725490196,blur_noise
textured_quartile,oracle_detail_error,0.5,256,128,0.0004479198361044235,0.0001264533239389222,0.0,0.0,0.0,0801,1.6,0.00784313725490196,blur_noise
textured_quartile,oracle_detail_error,0.75,256,192,0.0006384037489873398,0.00022676691610103196,0.0,0.0,0.0,0801,1.6,0.00784313725490196,blur_noise
textured_quartile,oracle_detail_error,0.9,256,231,0.0008256199438690611,0.0003041384893355427,0.11255411255411256,0.0,0.0,0801,1.6,0.00784313725490196,blur_noise
textured_quartile,oracle_detail_error,1.0,256,256,0.0010178018367172545,0.0003919234080261353,0.19921875,0.0,0.0,0801,1.6,0.00784313725490196,blur_noise
all,operator_spread_detail,0.5,1024,512,0.00011008992829220921,4.0771943092036567e-05,0.0,0.0,0.0,0801,1.6,0.00784313725490196,blur_noise_jpeg
all,operator_spread_detail,0.75,1024,768,0.00017507609859302394,6.38802178456616e-05,0.0,0.0,0.0,0801,1.6,0.00784313725490196,blur_noise_jpeg
all,operator_spread_detail,0.9,1024,922,0.0002607170946026265,9.609551203381024e-05,0.015184381778741865,0.0,0.0,0801,1.6,0.00784313725490196,blur_noise_jpeg
all,operator_spread_detail,1.0,1024,1024,0.0005587138570715256,0.0003010350581549552,0.0908203125,0.0263671875,0.0009765625,0801,1.6,0.00784313725490196,blur_noise_jpeg
all,image_transform_spread_detail,0.5,1024,512,0.00011863662276991827,4.6084939166635596e-05,0.0,0.0,0.0,0801,1.6,0.00784313725490196,blur_noise_jpeg
all,image_transform_spread_detail,0.75,1024,768,0.00018849102326782543,7.154088567003153e-05,0.0026041666666666665,0.0,0.0,0801,1.6,0.00784313725490196,blur_noise_jpeg
all,image_transform_spread_detail,0.9,1024,922,0.0002612029993264652,9.686620343101726e-05,0.015184381778741865,0.0,0.0,0801,1.6,0.00784313725490196,blur_noise_jpeg
all,image_transform_spread_detail,1.0,1024,1024,0.0005587138570715255,0.0003010350581549552,0.0908203125,0.0263671875,0.0009765625,0801,1.6,0.00784313725490196,blur_noise_jpeg
all,operator_spread_rgb,0.5,1024,512,0.00011366303651812117,4.4132830982513476e-05,0.0,0.0,0.0,0801,1.6,0.00784313725490196,blur_noise_jpeg
all,operator_spread_rgb,0.75,1024,768,0.0001700511865030277,6.359371020931548e-05,0.0,0.0,0.0,0801,1.6,0.00784313725490196,blur_noise_jpeg
all,operator_spread_rgb,0.9,1024,922,0.000251398820590355,9.317863269445734e-05,0.009761388286334056,0.0,0.0,0801,1.6,0.00784313725490196,blur_noise_jpeg
all,operator_spread_rgb,1.0,1024,1024,0.0005587138570715256,0.0003010350581549552,0.0908203125,0.0263671875,0.0009765625,0801,1.6,0.00784313725490196,blur_noise_jpeg
all,measurement_residual,0.5,1024,512,0.0001794013600477989,8.658193089940242e-05,0.01171875,0.001953125,0.0,0801,1.6,0.00784313725490196,blur_noise_jpeg
all,measurement_residual,0.75,1024,768,0.00031282110203479296,0.00016379847888502806,0.041666666666666664,0.009114583333333334,0.0,0801,1.6,0.00784313725490196,blur_noise_jpeg
all,measurement_residual,0.9,1024,922,0.000427910555375653,0.0002187034598086445,0.07049891540130152,0.015184381778741865,0.0,0801,1.6,0.00784313725490196,blur_noise_jpeg
all,measurement_residual,1.0,1024,1024,0.0005587138570715257,0.00030103505815495514,0.0908203125,0.0263671875,0.0009765625,0801,1.6,0.00784313725490196,blur_noise_jpeg
all,image_gradient,0.5,1024,512,0.00014162781181611484,6.163534894043219e-05,0.001953125,0.0,0.0,0801,1.6,0.00784313725490196,blur_noise_jpeg
all,image_gradient,0.75,1024,768,0.0001934276743686934,8.28004411483188e-05,0.01171875,0.0,0.0,0801,1.6,0.00784313725490196,blur_noise_jpeg
all,image_gradient,0.9,1024,922,0.0002795870096394084,0.00012573628978887466,0.028199566160520606,0.0032537960954446853,0.0,0801,1.6,0.00784313725490196,blur_noise_jpeg
all,image_gradient,1.0,1024,1024,0.0005587138570715256,0.0003010350581549552,0.0908203125,0.0263671875,0.0009765625,0801,1.6,0.00784313725490196,blur_noise_jpeg
all,random_expected,0.5,1024,512,0.0005587138570715256,0.00030103505815495514,0.0908203125,0.0263671875,0.0009765625,0801,1.6,0.00784313725490196,blur_noise_jpeg
all,random_expected,0.75,1024,768,0.0005587138570715256,0.00030103505815495514,0.0908203125,0.0263671875,0.0009765625,0801,1.6,0.00784313725490196,blur_noise_jpeg
all,random_expected,0.9,1024,922,0.0005587138570715256,0.00030103505815495514,0.0908203125,0.0263671875,0.0009765625,0801,1.6,0.00784313725490196,blur_noise_jpeg
all,random_expected,1.0,1024,1024,0.0005587138570715256,0.00030103505815495514,0.0908203125,0.0263671875,0.0009765625,0801,1.6,0.00784313725490196,blur_noise_jpeg
all,oracle_detail_error,0.5,1024,512,8.992536068245656e-05,2.5299764720502874e-05,0.0,0.0,0.0,0801,1.6,0.00784313725490196,blur_noise_jpeg
all,oracle_detail_error,0.75,1024,768,0.00015292196472062525,4.427700403302766e-05,0.0,0.0,0.0,0801,1.6,0.00784313725490196,blur_noise_jpeg
all,oracle_detail_error,0.9,1024,922,0.0002441691381843099,8.757875525024745e-05,0.0,0.0,0.0,0801,1.6,0.00784313725490196,blur_noise_jpeg
all,oracle_detail_error,1.0,1024,1024,0.0005587138570715256,0.00030103505815495514,0.0908203125,0.0263671875,0.0009765625,0801,1.6,0.00784313725490196,blur_noise_jpeg
textured_quartile,operator_spread_detail,0.5,256,128,0.0006529283568561721,0.0002448093561177402,0.0390625,0.0,0.0,0801,1.6,0.00784313725490196,blur_noise_jpeg
textured_quartile,operator_spread_detail,0.75,256,192,0.0008332317556342652,0.00032271876159126466,0.109375,0.0,0.0,0801,1.6,0.00784313725490196,blur_noise_jpeg
textured_quartile,operator_spread_detail,0.9,256,231,0.0011747808487559035,0.0005498321056325163,0.2554112554112554,0.012987012987012988,0.0,0801,1.6,0.00784313725490196,blur_noise_jpeg
textured_quartile,operator_spread_detail,1.0,256,256,0.0017097216287333314,0.0009791968947335955,0.328125,0.1015625,0.00390625,0801,1.6,0.00784313725490196,blur_noise_jpeg
textured_quartile,image_transform_spread_detail,0.5,256,128,0.0006559201302196842,0.00024302994894188887,0.03125,0.0,0.0,0801,1.6,0.00784313725490196,blur_noise_jpeg
textured_quartile,image_transform_spread_detail,0.75,256,192,0.0008974563847688158,0.00036877810511660596,0.14583333333333334,0.005208333333333333,0.0,0801,1.6,0.00784313725490196,blur_noise_jpeg
textured_quartile,image_transform_spread_detail,0.9,256,231,0.0013273952329846252,0.0006933941640834316,0.26406926406926406,0.06060606060606061,0.0,0801,1.6,0.00784313725490196,blur_noise_jpeg
textured_quartile,image_transform_spread_detail,1.0,256,256,0.0017097216287333314,0.0009791968947335955,0.328125,0.1015625,0.00390625,0801,1.6,0.00784313725490196,blur_noise_jpeg
textured_quartile,operator_spread_rgb,0.5,256,128,0.00062414769347694,0.00024000212598435387,0.03125,0.0,0.0,0801,1.6,0.00784313725490196,blur_noise_jpeg
textured_quartile,operator_spread_rgb,0.75,256,192,0.0008299852545710437,0.00032361386971951526,0.109375,0.0,0.0,0801,1.6,0.00784313725490196,blur_noise_jpeg
textured_quartile,operator_spread_rgb,0.9,256,231,0.0011752341576364452,0.0005555545578581263,0.2554112554112554,0.017316017316017316,0.0,0801,1.6,0.00784313725490196,blur_noise_jpeg
textured_quartile,operator_spread_rgb,1.0,256,256,0.0017097216287333314,0.0009791968947335955,0.328125,0.1015625,0.00390625,0801,1.6,0.00784313725490196,blur_noise_jpeg
textured_quartile,measurement_residual,0.5,256,128,0.001494718310398257,0.000839381597598686,0.2890625,0.078125,0.0,0801,1.6,0.00784313725490196,blur_noise_jpeg
textured_quartile,measurement_residual,0.75,256,192,0.001557038432015482,0.0008688241105934349,0.3177083333333333,0.078125,0.005208333333333333,0801,1.6,0.00784313725490196,blur_noise_jpeg
textured_quartile,measurement_residual,0.9,256,231,0.0016466466337214008,0.0009334183029173812,0.3246753246753247,0.09523809523809523,0.004329004329004329,0801,1.6,0.00784313725490196,blur_noise_jpeg
textured_quartile,measurement_residual,1.0,256,256,0.0017097216287333317,0.0009791968947335955,0.328125,0.1015625,0.00390625,0801,1.6,0.00784313725490196,blur_noise_jpeg
textured_quartile,image_gradient,0.5,256,128,0.0007614274586790284,0.00035763892692639883,0.1015625,0.0078125,0.0,0801,1.6,0.00784313725490196,blur_noise_jpeg
textured_quartile,image_gradient,0.75,256,192,0.0009903587293298487,0.000498162318277786,0.17708333333333334,0.026041666666666668,0.0,0801,1.6,0.00784313725490196,blur_noise_jpeg
textured_quartile,image_gradient,0.9,256,231,0.001285897452403158,0.0006711164122940626,0.2554112554112554,0.05627705627705628,0.0,0801,1.6,0.00784313725490196,blur_noise_jpeg
textured_quartile,image_gradient,1.0,256,256,0.0017097216287333314,0.0009791968947335955,0.328125,0.1015625,0.00390625,0801,1.6,0.00784313725490196,blur_noise_jpeg
textured_quartile,random_expected,0.5,256,128,0.0017097216287333314,0.0009791968947335953,0.328125,0.1015625,0.00390625,0801,1.6,0.00784313725490196,blur_noise_jpeg
textured_quartile,random_expected,0.75,256,192,0.0017097216287333314,0.0009791968947335953,0.328125,0.1015625,0.00390625,0801,1.6,0.00784313725490196,blur_noise_jpeg
textured_quartile,random_expected,0.9,256,231,0.0017097216287333314,0.0009791968947335953,0.328125,0.1015625,0.00390625,0801,1.6,0.00784313725490196,blur_noise_jpeg
textured_quartile,random_expected,1.0,256,256,0.0017097216287333314,0.0009791968947335953,0.328125,0.1015625,0.00390625,0801,1.6,0.00784313725490196,blur_noise_jpeg
textured_quartile,oracle_detail_error,0.5,256,128,0.0005428346306379688,0.00016623235881647392,0.0,0.0,0.0,0801,1.6,0.00784313725490196,blur_noise_jpeg
textured_quartile,oracle_detail_error,0.75,256,192,0.0008183529513708714,0.00031404277200711286,0.10416666666666667,0.0,0.0,0801,1.6,0.00784313725490196,blur_noise_jpeg
textured_quartile,oracle_detail_error,0.9,256,231,0.0011645729799215812,0.0005409657765834794,0.2554112554112554,0.004329004329004329,0.0,0801,1.6,0.00784313725490196,blur_noise_jpeg
textured_quartile,oracle_detail_error,1.0,256,256,0.0017097216287333317,0.0009791968947335955,0.328125,0.1015625,0.00390625,0801,1.6,0.00784313725490196,blur_noise_jpeg
all,operator_spread_detail,0.5,1024,512,0.00015834723152226645,7.201323828987373e-05,0.0,0.0,0.0,0802,1.6,0.00784313725490196,blur_noise
all,operator_spread_detail,0.75,1024,768,0.00024295126755187617,0.00010745043927836453,0.0013020833333333333,0.0,0.0,0802,1.6,0.00784313725490196,blur_noise
all,operator_spread_detail,0.9,1024,922,0.0003470425973647045,0.0001525053126674882,0.01735357917570499,0.0,0.0,0802,1.6,0.00784313725490196,blur_noise
all,operator_spread_detail,1.0,1024,1024,0.00048326205583445255,0.00021422436506305753,0.068359375,0.0009765625,0.0,0802,1.6,0.00784313725490196,blur_noise
all,image_transform_spread_detail,0.5,1024,512,0.00016037516940454555,7.207678721559029e-05,0.0,0.0,0.0,0802,1.6,0.00784313725490196,blur_noise
all,image_transform_spread_detail,0.75,1024,768,0.00024806066651654723,0.00010953976690264456,0.0026041666666666665,0.0,0.0,0802,1.6,0.00784313725490196,blur_noise
all,image_transform_spread_detail,0.9,1024,922,0.00035904948268208843,0.0001587067606543377,0.024945770065075923,0.0,0.0,0802,1.6,0.00784313725490196,blur_noise
all,image_transform_spread_detail,1.0,1024,1024,0.0004832620558344525,0.00021422436506305753,0.068359375,0.0009765625,0.0,0802,1.6,0.00784313725490196,blur_noise
all,operator_spread_rgb,0.5,1024,512,0.00016174672978292506,7.526653899705677e-05,0.0,0.0,0.0,0802,1.6,0.00784313725490196,blur_noise
all,operator_spread_rgb,0.75,1024,768,0.000244443112086577,0.00011000373329929148,0.0013020833333333333,0.0,0.0,0802,1.6,0.00784313725490196,blur_noise
all,operator_spread_rgb,0.9,1024,922,0.0003527207255921126,0.00015697490921360655,0.021691973969631236,0.0,0.0,0802,1.6,0.00784313725490196,blur_noise
all,operator_spread_rgb,1.0,1024,1024,0.00048326205583445244,0.00021422436506305756,0.068359375,0.0009765625,0.0,0802,1.6,0.00784313725490196,blur_noise
all,measurement_residual,0.5,1024,512,0.0006105979392089568,0.0002708027535886692,0.103515625,0.001953125,0.0,0802,1.6,0.00784313725490196,blur_noise
all,measurement_residual,0.75,1024,768,0.0005397135184226357,0.0002394141508233413,0.078125,0.0013020833333333333,0.0,0802,1.6,0.00784313725490196,blur_noise
all,measurement_residual,0.9,1024,922,0.0005103879468994555,0.00022656262988977717,0.0737527114967462,0.0010845986984815619,0.0,0802,1.6,0.00784313725490196,blur_noise
all,measurement_residual,1.0,1024,1024,0.00048326205583445255,0.00021422436506305756,0.068359375,0.0009765625,0.0,0802,1.6,0.00784313725490196,blur_noise
all,image_gradient,0.5,1024,512,0.0002244880436068014,0.00010422800209751334,0.001953125,0.0,0.0,0802,1.6,0.00784313725490196,blur_noise
all,image_gradient,0.75,1024,768,0.0003258580650966881,0.00015061546198551258,0.02734375,0.0,0.0,0802,1.6,0.00784313725490196,blur_noise
all,image_gradient,0.9,1024,922,0.00039896392752924407,0.00018027175885553965,0.04880694143167028,0.0,0.0,0802,1.6,0.00784313725490196,blur_noise
all,image_gradient,1.0,1024,1024,0.00048326205583445244,0.00021422436506305753,0.068359375,0.0009765625,0.0,0802,1.6,0.00784313725490196,blur_noise
all,random_expected,0.5,1024,512,0.0004832620558344525,0.00021422436506305756,0.068359375,0.0009765625,0.0,0802,1.6,0.00784313725490196,blur_noise
all,random_expected,0.75,1024,768,0.0004832620558344525,0.00021422436506305756,0.068359375,0.0009765625,0.0,0802,1.6,0.00784313725490196,blur_noise
all,random_expected,0.9,1024,922,0.0004832620558344525,0.00021422436506305756,0.068359375,0.0009765625,0.0,0802,1.6,0.00784313725490196,blur_noise
all,random_expected,1.0,1024,1024,0.0004832620558344525,0.00021422436506305756,0.068359375,0.0009765625,0.0,0802,1.6,0.00784313725490196,blur_noise
all,oracle_detail_error,0.5,1024,512,0.00014682027549822849,6.230341154804986e-05,0.0,0.0,0.0,0802,1.6,0.00784313725490196,blur_noise
all,oracle_detail_error,0.75,1024,768,0.00023565100913715482,9.941620542227226e-05,0.0,0.0,0.0,0802,1.6,0.00784313725490196,blur_noise
all,oracle_detail_error,0.9,1024,922,0.0003426555938279935,0.00014568489758919084,0.0,0.0,0.0,0802,1.6,0.00784313725490196,blur_noise
all,oracle_detail_error,1.0,1024,1024,0.0004832620558344525,0.00021422436506305753,0.068359375,0.0009765625,0.0,0802,1.6,0.00784313725490196,blur_noise
textured_quartile,operator_spread_detail,0.5,256,128,0.0007941799794597752,0.00034597100137601555,0.078125,0.0,0.0,0802,1.6,0.00784313725490196,blur_noise
textured_quartile,operator_spread_detail,0.75,256,192,0.0009503330154538754,0.0004181579159292219,0.15625,0.0,0.0,0802,1.6,0.00784313725490196,blur_noise
textured_quartile,operator_spread_detail,0.9,256,231,0.001072993730417351,0.0004734576969324894,0.22510822510822512,0.0,0.0,0802,1.6,0.00784313725490196,blur_noise
textured_quartile,operator_spread_detail,1.0,256,256,0.0011890707033704324,0.0005282781404620492,0.2734375,0.00390625,0.0,0802,1.6,0.00784313725490196,blur_noise
textured_quartile,image_transform_spread_detail,0.5,256,128,0.0008311334471800514,0.00036662090327362203,0.125,0.0,0.0,0802,1.6,0.00784313725490196,blur_noise
textured_quartile,image_transform_spread_detail,0.75,256,192,0.0009816431199583342,0.0004325925369296154,0.16666666666666666,0.0,0.0,0802,1.6,0.00784313725490196,blur_noise
textured_quartile,image_transform_spread_detail,0.9,256,231,0.0010894521421520823,0.0004762081635964594,0.21645021645021645,0.0,0.0,0802,1.6,0.00784313725490196,blur_noise
textured_quartile,image_transform_spread_detail,1.0,256,256,0.0011890707033704322,0.0005282781404620492,0.2734375,0.00390625,0.0,0802,1.6,0.00784313725490196,blur_noise
textured_quartile,operator_spread_rgb,0.5,256,128,0.0008185369193952534,0.0003686874676069157,0.1015625,0.0,0.0,0802,1.6,0.00784313725490196,blur_noise
textured_quartile,operator_spread_rgb,0.75,256,192,0.0009619324765319999,0.0004306129326109899,0.1875,0.0,0.0,0802,1.6,0.00784313725490196,blur_noise
textured_quartile,operator_spread_rgb,0.9,256,231,0.001077826947159665,0.00048013894983310585,0.24242424242424243,0.0,0.0,0802,1.6,0.00784313725490196,blur_noise
textured_quartile,operator_spread_rgb,1.0,256,256,0.0011890707033704322,0.0005282781404620492,0.2734375,0.00390625,0.0,0802,1.6,0.00784313725490196,blur_noise
textured_quartile,measurement_residual,0.5,256,128,0.0012644057761623442,0.0005612238795901932,0.3125,0.0078125,0.0,0802,1.6,0.00784313725490196,blur_noise
textured_quartile,measurement_residual,0.75,256,192,0.001218378563215322,0.0005406523377953594,0.2864583333333333,0.005208333333333333,0.0,0802,1.6,0.00784313725490196,blur_noise
textured_quartile,measurement_residual,0.9,256,231,0.0011958022261911456,0.0005317313574860857,0.2727272727272727,0.004329004329004329,0.0,0802,1.6,0.00784313725490196,blur_noise
textured_quartile,measurement_residual,1.0,256,256,0.0011890707033704322,0.0005282781404620492,0.2734375,0.00390625,0.0,0802,1.6,0.00784313725490196,blur_noise
textured_quartile,image_gradient,0.5,256,128,0.0011061419058767793,0.0005160386686783309,0.2578125,0.0,0.0,0802,1.6,0.00784313725490196,blur_noise
textured_quartile,image_gradient,0.75,256,192,0.0011538734554449642,0.0005293012585412358,0.2864583333333333,0.005208333333333333,0.0,0802,1.6,0.00784313725490196,blur_noise
textured_quartile,image_gradient,0.9,256,231,0.0011537004580609031,0.0005177232059881575,0.2727272727272727,0.004329004329004329,0.0,0802,1.6,0.00784313725490196,blur_noise
textured_quartile,image_gradient,1.0,256,256,0.0011890707033704322,0.0005282781404620492,0.2734375,0.00390625,0.0,0802,1.6,0.00784313725490196,blur_noise
textured_quartile,random_expected,0.5,256,128,0.0011890707033704322,0.0005282781404620492,0.2734375,0.00390625,0.0,0802,1.6,0.00784313725490196,blur_noise
textured_quartile,random_expected,0.75,256,192,0.0011890707033704322,0.0005282781404620492,0.2734375,0.00390625,0.0,0802,1.6,0.00784313725490196,blur_noise
textured_quartile,random_expected,0.9,256,231,0.0011890707033704322,0.0005282781404620492,0.2734375,0.00390625,0.0,0802,1.6,0.00784313725490196,blur_noise
textured_quartile,random_expected,1.0,256,256,0.0011890707033704322,0.0005282781404620492,0.2734375,0.00390625,0.0,0802,1.6,0.00784313725490196,blur_noise
textured_quartile,oracle_detail_error,0.5,256,128,0.0007400693576208897,0.00028881198431650876,0.0,0.0,0.0,0802,1.6,0.00784313725490196,blur_noise
textured_quartile,oracle_detail_error,0.75,256,192,0.0009238529056435785,0.0003780536596121443,0.03125,0.0,0.0,0802,1.6,0.00784313725490196,blur_noise
textured_quartile,oracle_detail_error,0.9,256,231,0.0010393511348891877,0.0004455080214470585,0.19480519480519481,0.0,0.0,0802,1.6,0.00784313725490196,blur_noise
textured_quartile,oracle_detail_error,1.0,256,256,0.0011890707033704322,0.0005282781404620492,0.2734375,0.00390625,0.0,0802,1.6,0.00784313725490196,blur_noise
all,operator_spread_detail,0.5,1024,512,0.000240970565242337,9.346409557716725e-05,0.0,0.0,0.0,0802,1.6,0.00784313725490196,blur_noise_jpeg
all,operator_spread_detail,0.75,1024,768,0.0003663467869531372,0.00014589090528130353,0.015625,0.0,0.0,0802,1.6,0.00784313725490196,blur_noise_jpeg
all,operator_spread_detail,0.9,1024,922,0.0004785781834975484,0.00019378465668445534,0.049891540130151846,0.0,0.0,0802,1.6,0.00784313725490196,blur_noise_jpeg
all,operator_spread_detail,1.0,1024,1024,0.0006022606107324954,0.00025932551139104483,0.0986328125,0.00390625,0.0,0802,1.6,0.00784313725490196,blur_noise_jpeg
all,image_transform_spread_detail,0.5,1024,512,0.00027197800502360266,0.00010594026972076805,0.0,0.0,0.0,0802,1.6,0.00784313725490196,blur_noise_jpeg
all,image_transform_spread_detail,0.75,1024,768,0.0003925614121562135,0.00015760510494241357,0.020833333333333332,0.0,0.0,0802,1.6,0.00784313725490196,blur_noise_jpeg
all,image_transform_spread_detail,0.9,1024,922,0.0005107077715789706,0.00020957893739504912,0.0650759219088937,0.0010845986984815619,0.0,0802,1.6,0.00784313725490196,blur_noise_jpeg
all,image_transform_spread_detail,1.0,1024,1024,0.0006022606107324953,0.0002593255113910449,0.0986328125,0.00390625,0.0,0802,1.6,0.00784313725490196,blur_noise_jpeg
all,operator_spread_rgb,0.5,1024,512,0.00023141665382483287,8.995532924924182e-05,0.0,0.0,0.0,0802,1.6,0.00784313725490196,blur_noise_jpeg
all,operator_spread_rgb,0.75,1024,768,0.0003353591457170913,0.0001339075632660873,0.005208333333333333,0.0,0.0,0802,1.6,0.00784313725490196,blur_noise_jpeg
all,operator_spread_rgb,0.9,1024,922,0.00045991068549912394,0.00018669221979562367,0.04338394793926247,0.0,0.0,0802,1.6,0.00784313725490196,blur_noise_jpeg
all,operator_spread_rgb,1.0,1024,1024,0.0006022606107324954,0.0002593255113910449,0.0986328125,0.00390625,0.0,0802,1.6,0.00784313725490196,blur_noise_jpeg
all,measurement_residual,0.5,1024,512,0.0003214134253913539,0.00013159290868999812,0.017578125,0.0,0.0,0802,1.6,0.00784313725490196,blur_noise_jpeg
all,measurement_residual,0.75,1024,768,0.0004121391682762642,0.00017113236784998783,0.037760416666666664,0.0,0.0,0802,1.6,0.00784313725490196,blur_noise_jpeg
all,measurement_residual,0.9,1024,922,0.0005173896295174525,0.00021839292964547888,0.06399132321041215,0.0021691973969631237,0.0,0802,1.6,0.00784313725490196,blur_noise_jpeg
all,measurement_residual,1.0,1024,1024,0.0006022606107324954,0.0002593255113910449,0.0986328125,0.00390625,0.0,0802,1.6,0.00784313725490196,blur_noise_jpeg
all,image_gradient,0.5,1024,512,0.0002817047727046141,0.00011517795060894147,0.001953125,0.0,0.0,0802,1.6,0.00784313725490196,blur_noise_jpeg
all,image_gradient,0.75,1024,768,0.0003954743212950072,0.0001657195096333277,0.03515625,0.0,0.0,0802,1.6,0.00784313725490196,blur_noise_jpeg
all,image_gradient,0.9,1024,922,0.0004897589490843221,0.00020531713006434252,0.0596529284164859,0.0,0.0,0802,1.6,0.00784313725490196,blur_noise_jpeg
all,image_gradient,1.0,1024,1024,0.0006022606107324954,0.00025932551139104483,0.0986328125,0.00390625,0.0,0802,1.6,0.00784313725490196,blur_noise_jpeg
all,random_expected,0.5,1024,512,0.0006022606107324954,0.0002593255113910448,0.0986328125,0.00390625,0.0,0802,1.6,0.00784313725490196,blur_noise_jpeg
all,random_expected,0.75,1024,768,0.0006022606107324954,0.0002593255113910448,0.0986328125,0.00390625,0.0,0802,1.6,0.00784313725490196,blur_noise_jpeg
all,random_expected,0.9,1024,922,0.0006022606107324954,0.0002593255113910448,0.0986328125,0.00390625,0.0,0802,1.6,0.00784313725490196,blur_noise_jpeg
all,random_expected,1.0,1024,1024,0.0006022606107324954,0.0002593255113910448,0.0986328125,0.00390625,0.0,0802,1.6,0.00784313725490196,blur_noise_jpeg
all,oracle_detail_error,0.5,1024,512,0.0001987687151061382,7.325670369514881e-05,0.0,0.0,0.0,0802,1.6,0.00784313725490196,blur_noise_jpeg
all,oracle_detail_error,0.75,1024,768,0.0003072070042755061,0.00011645687649575351,0.0,0.0,0.0,0802,1.6,0.00784313725490196,blur_noise_jpeg
all,oracle_detail_error,0.9,1024,922,0.00043107663530418504,0.0001700627993430756,0.0,0.0,0.0,0802,1.6,0.00784313725490196,blur_noise_jpeg
all,oracle_detail_error,1.0,1024,1024,0.0006022606107324953,0.00025932551139104483,0.0986328125,0.00390625,0.0,0802,1.6,0.00784313725490196,blur_noise_jpeg
textured_quartile,operator_spread_detail,0.5,256,128,0.0010852165707686762,0.0004461400254925545,0.203125,0.0,0.0,0802,1.6,0.00784313725490196,blur_noise_jpeg
textured_quartile,operator_spread_detail,0.75,256,192,0.0012327673626920386,0.0005171720796169193,0.28125,0.0,0.0,0802,1.6,0.00784313725490196,blur_noise_jpeg
textured_quartile,operator_spread_detail,0.9,256,231,0.0013322122581387046,0.000567230213801827,0.341991341991342,0.004329004329004329,0.0,0802,1.6,0.00784313725490196,blur_noise_jpeg
textured_quartile,operator_spread_detail,1.0,256,256,0.0014458840354762382,0.0006493450169342738,0.3828125,0.015625,0.0,0802,1.6,0.00784313725490196,blur_noise_jpeg
textured_quartile,image_transform_spread_detail,0.5,256,128,0.0011202757248462967,0.00046293783754255063,0.203125,0.0,0.0,0802,1.6,0.00784313725490196,blur_noise_jpeg
textured_quartile,image_transform_spread_detail,0.75,256,192,0.00132152594077313,0.0005590945043371106,0.3177083333333333,0.005208333333333333,0.0,0802,1.6,0.00784313725490196,blur_noise_jpeg
textured_quartile,image_transform_spread_detail,0.9,256,231,0.0013505539803395767,0.0005741580523137006,0.341991341991342,0.004329004329004329,0.0,0802,1.6,0.00784313725490196,blur_noise_jpeg
textured_quartile,image_transform_spread_detail,1.0,256,256,0.0014458840354762384,0.0006493450169342738,0.3828125,0.015625,0.0,0802,1.6,0.00784313725490196,blur_noise_jpeg
textured_quartile,operator_spread_rgb,0.5,256,128,0.0010727572217412295,0.0004507722791489388,0.203125,0.0,0.0,0802,1.6,0.00784313725490196,blur_noise_jpeg
textured_quartile,operator_spread_rgb,0.75,256,192,0.0011950351731654211,0.0005001058318348006,0.2708333333333333,0.0,0.0,0802,1.6,0.00784313725490196,blur_noise_jpeg
textured_quartile,operator_spread_rgb,0.9,256,231,0.0013295493003879734,0.0005669610884873078,0.33766233766233766,0.004329004329004329,0.0,0802,1.6,0.00784313725490196,blur_noise_jpeg
textured_quartile,operator_spread_rgb,1.0,256,256,0.0014458840354762382,0.0006493450169342738,0.3828125,0.015625,0.0,0802,1.6,0.00784313725490196,blur_noise_jpeg
textured_quartile,measurement_residual,0.5,256,128,0.0012527451172881679,0.0005518488772912938,0.28125,0.0078125,0.0,0802,1.6,0.00784313725490196,blur_noise_jpeg
textured_quartile,measurement_residual,0.75,256,192,0.0013484049865392321,0.0005960069597011932,0.3125,0.015625,0.0,0802,1.6,0.00784313725490196,blur_noise_jpeg
textured_quartile,measurement_residual,0.9,256,231,0.0014181351668304605,0.0006278232013926763,0.36796536796536794,0.012987012987012988,0.0,0802,1.6,0.00784313725490196,blur_noise_jpeg
textured_quartile,measurement_residual,1.0,256,256,0.0014458840354762382,0.0006493450169342738,0.3828125,0.015625,0.0,0802,1.6,0.00784313725490196,blur_noise_jpeg
textured_quartile,image_gradient,0.5,256,128,0.0012883306447048475,0.0005701982859127749,0.3125,0.0,0.0,0802,1.6,0.00784313725490196,blur_noise_jpeg
textured_quartile,image_gradient,0.75,256,192,0.0013054177564798197,0.0005668443221624499,0.3385416666666667,0.0,0.0,0802,1.6,0.00784313725490196,blur_noise_jpeg
textured_quartile,image_gradient,0.9,256,231,0.0013383078277521359,0.0005776800451762232,0.3463203463203463,0.004329004329004329,0.0,0802,1.6,0.00784313725490196,blur_noise_jpeg
textured_quartile,image_gradient,1.0,256,256,0.0014458840354762382,0.0006493450169342738,0.3828125,0.015625,0.0,0802,1.6,0.00784313725490196,blur_noise_jpeg
textured_quartile,random_expected,0.5,256,128,0.0014458840354762382,0.0006493450169342738,0.3828125,0.015625,0.0,0802,1.6,0.00784313725490196,blur_noise_jpeg
textured_quartile,random_expected,0.75,256,192,0.0014458840354762382,0.0006493450169342738,0.3828125,0.015625,0.0,0802,1.6,0.00784313725490196,blur_noise_jpeg
textured_quartile,random_expected,0.9,256,231,0.0014458840354762382,0.0006493450169342738,0.3828125,0.015625,0.0,0802,1.6,0.00784313725490196,blur_noise_jpeg
textured_quartile,random_expected,1.0,256,256,0.0014458840354762382,0.0006493450169342738,0.3828125,0.015625,0.0,0802,1.6,0.00784313725490196,blur_noise_jpeg
textured_quartile,oracle_detail_error,0.5,256,128,0.0009027714275204675,0.00034063863223757326,0.0,0.0,0.0,0802,1.6,0.00784313725490196,blur_noise_jpeg
textured_quartile,oracle_detail_error,0.75,256,192,0.0010984442032145835,0.00043864279035053815,0.17708333333333334,0.0,0.0,0802,1.6,0.00784313725490196,blur_noise_jpeg
textured_quartile,oracle_detail_error,0.9,256,231,0.0012427955888072743,0.0005166572535814887,0.31601731601731603,0.0,0.0,0802,1.6,0.00784313725490196,blur_noise_jpeg
textured_quartile,oracle_detail_error,1.0,256,256,0.0014458840354762382,0.0006493450169342738,0.3828125,0.015625,0.0,0802,1.6,0.00784313725490196,blur_noise_jpeg
all,operator_spread_detail,0.5,1024,512,0.00010848172181871388,3.4326406325926976e-05,0.0,0.0,0.0,0803,1.6,0.00784313725490196,blur_noise
all,operator_spread_detail,0.75,1024,768,0.0001955713717599555,6.305532032043567e-05,0.0,0.0,0.0,0803,1.6,0.00784313725490196,blur_noise
all,operator_spread_detail,0.9,1024,922,0.0002906849859397441,9.36034132545977e-05,0.0010845986984815619,0.0,0.0,0803,1.6,0.00784313725490196,blur_noise
all,operator_spread_detail,1.0,1024,1024,0.00047269585539494956,0.00015504588200710768,0.0517578125,0.0009765625,0.0,0803,1.6,0.00784313725490196,blur_noise
all,image_transform_spread_detail,0.5,1024,512,0.00013739114371639106,4.718828798006065e-05,0.0,0.0,0.0,0803,1.6,0.00784313725490196,blur_noise
all,image_transform_spread_detail,0.75,1024,768,0.0002341539339128666,7.97641497571796e-05,0.009114583333333334,0.0,0.0,0803,1.6,0.00784313725490196,blur_noise
all,image_transform_spread_detail,0.9,1024,922,0.00032907371819123135,0.000108188119706639,0.019522776572668113,0.0,0.0,0803,1.6,0.00784313725490196,blur_noise
all,image_transform_spread_detail,1.0,1024,1024,0.00047269585539494956,0.00015504588200710768,0.0517578125,0.0009765625,0.0,0803,1.6,0.00784313725490196,blur_noise
all,operator_spread_rgb,0.5,1024,512,0.000113090086909493,3.923008983187273e-05,0.0,0.0,0.0,0803,1.6,0.00784313725490196,blur_noise
all,operator_spread_rgb,0.75,1024,768,0.00020682735765026978,6.978556770283251e-05,0.0,0.0,0.0,0803,1.6,0.00784313725490196,blur_noise
all,operator_spread_rgb,0.9,1024,922,0.00029884266616451635,9.823313107386391e-05,0.008676789587852495,0.0,0.0,0803,1.6,0.00784313725490196,blur_noise
all,operator_spread_rgb,1.0,1024,1024,0.0004726958553949495,0.00015504588200710768,0.0517578125,0.0009765625,0.0,0803,1.6,0.00784313725490196,blur_noise
all,measurement_residual,0.5,1024,512,0.0005413172849909114,0.00017736916108381515,0.064453125,0.001953125,0.0,0803,1.6,0.00784313725490196,blur_noise
all,measurement_residual,0.75,1024,768,0.0005101681355791494,0.00016739691434502582,0.059895833333333336,0.0013020833333333333,0.0,0803,1.6,0.00784313725490196,blur_noise
all,measurement_residual,0.9,1024,922,0.0004885069899789288,0.0001602681639658489,0.05422993492407809,0.0010845986984815619,0.0,0803,1.6,0.00784313725490196,blur_noise
all,measurement_residual,1.0,1024,1024,0.00047269585539494956,0.00015504588200710765,0.0517578125,0.0009765625,0.0,0803,1.6,0.00784313725490196,blur_noise
all,image_gradient,0.5,1024,512,0.000128815364287754,4.531157685838922e-05,0.0,0.0,0.0,0803,1.6,0.00784313725490196,blur_noise
all,image_gradient,0.75,1024,768,0.00022872564048192535,7.825458541232162e-05,0.00390625,0.0,0.0,0803,1.6,0.00784313725490196,blur_noise
all,image_gradient,0.9,1024,922,0.000325310424168727,0.00010839745726001387,0.01843817787418655,0.0,0.0,0803,1.6,0.00784313725490196,blur_noise
all,image_gradient,1.0,1024,1024,0.0004726958553949495,0.00015504588200710768,0.0517578125,0.0009765625,0.0,0803,1.6,0.00784313725490196,blur_noise
all,random_expected,0.5,1024,512,0.0004726958553949495,0.00015504588200710768,0.0517578125,0.0009765625,0.0,0803,1.6,0.00784313725490196,blur_noise
all,random_expected,0.75,1024,768,0.0004726958553949495,0.00015504588200710768,0.0517578125,0.0009765625,0.0,0803,1.6,0.00784313725490196,blur_noise
all,random_expected,0.9,1024,922,0.0004726958553949495,0.00015504588200710768,0.0517578125,0.0009765625,0.0,0803,1.6,0.00784313725490196,blur_noise
all,random_expected,1.0,1024,1024,0.0004726958553949495,0.00015504588200710768,0.0517578125,0.0009765625,0.0,0803,1.6,0.00784313725490196,blur_noise
all,oracle_detail_error,0.5,1024,512,0.00010432553576428313,2.9270574342331113e-05,0.0,0.0,0.0,0803,1.6,0.00784313725490196,blur_noise
all,oracle_detail_error,0.75,1024,768,0.00019084961686182756,5.6003945673751925e-05,0.0,0.0,0.0,0803,1.6,0.00784313725490196,blur_noise
all,oracle_detail_error,0.9,1024,922,0.0002913705522416489,8.979513497372854e-05,0.0,0.0,0.0,0803,1.6,0.00784313725490196,blur_noise
all,oracle_detail_error,1.0,1024,1024,0.0004726958553949495,0.00015504588200710765,0.0517578125,0.0009765625,0.0,0803,1.6,0.00784313725490196,blur_noise
textured_quartile,operator_spread_detail,0.5,256,128,0.000639965772038224,0.00019589208351389927,0.0,0.0,0.0,0803,1.6,0.00784313725490196,blur_noise
textured_quartile,operator_spread_detail,0.75,256,192,0.0008773135394421547,0.00028158408345041594,0.07291666666666667,0.0,0.0,0803,1.6,0.00784313725490196,blur_noise
textured_quartile,operator_spread_detail,0.9,256,231,0.001065827642190747,0.00034726748869553695,0.14285714285714285,0.0,0.0,0803,1.6,0.00784313725490196,blur_noise
textured_quartile,operator_spread_detail,1.0,256,256,0.0012744521221580713,0.0004171863944471193,0.20703125,0.00390625,0.0,0803,1.6,0.00784313725490196,blur_noise
textured_quartile,image_transform_spread_detail,0.5,256,128,0.0008829611318836828,0.00029246054426471156,0.1015625,0.0,0.0,0803,1.6,0.00784313725490196,blur_noise
textured_quartile,image_transform_spread_detail,0.75,256,192,0.00100709007548393,0.0003332487516109102,0.14583333333333334,0.0,0.0,0803,1.6,0.00784313725490196,blur_noise
textured_quartile,image_transform_spread_detail,0.9,256,231,0.0011429432048655824,0.00037756984686790996,0.18181818181818182,0.0,0.0,0803,1.6,0.00784313725490196,blur_noise
textured_quartile,image_transform_spread_detail,1.0,256,256,0.0012744521221580711,0.0004171863944471193,0.20703125,0.00390625,0.0,0803,1.6,0.00784313725490196,blur_noise
textured_quartile,operator_spread_rgb,0.5,256,128,0.0006941911464552553,0.0002260814869895003,0.0234375,0.0,0.0,0803,1.6,0.00784313725490196,blur_noise
textured_quartile,operator_spread_rgb,0.75,256,192,0.0009173810227625262,0.0003027460282573567,0.109375,0.0,0.0,0803,1.6,0.00784313725490196,blur_noise
textured_quartile,operator_spread_rgb,0.9,256,231,0.0010834491068075628,0.0003555654416279169,0.15584415584415584,0.0,0.0,0803,1.6,0.00784313725490196,blur_noise
textured_quartile,operator_spread_rgb,1.0,256,256,0.0012744521221580713,0.00041718639444711934,0.20703125,0.00390625,0.0,0803,1.6,0.00784313725490196,blur_noise
textured_quartile,measurement_residual,0.5,256,128,0.0013032652455864681,0.00042989973169664227,0.21875,0.0078125,0.0,0803,1.6,0.00784313725490196,blur_noise
textured_quartile,measurement_residual,0.75,256,192,0.001270591187114258,0.0004172309613651697,0.21354166666666666,0.005208333333333333,0.0,0803,1.6,0.00784313725490196,blur_noise
textured_quartile,measurement_residual,0.9,256,231,0.0012683144139153662,0.0004171036514298906,0.21212121212121213,0.004329004329004329,0.0,0803,1.6,0.00784313725490196,blur_noise
textured_quartile,measurement_residual,1.0,256,256,0.0012744521221580716,0.00041718639444711934,0.20703125,0.00390625,0.0,0803,1.6,0.00784313725490196,blur_noise
textured_quartile,image_gradient,0.5,256,128,0.0008800117412514728,0.0003006596601663659,0.09375,0.0,0.0,0803,1.6,0.00784313725490196,blur_noise
textured_quartile,image_gradient,0.75,256,192,0.000985175839715799,0.00032735829997267157,0.13020833333333334,0.0,0.0,0803,1.6,0.00784313725490196,blur_noise
textured_quartile,image_gradient,0.9,256,231,0.0011423182243536104,0.00037548090710803065,0.17316017316017315,0.0,0.0,0803,1.6,0.00784313725490196,blur_noise
textured_quartile,image_gradient,1.0,256,256,0.0012744521221580713,0.0004171863944471193,0.20703125,0.00390625,0.0,0803,1.6,0.00784313725490196,blur_noise
textured_quartile,random_expected,0.5,256,128,0.0012744521221580713,0.00041718639444711923,0.20703125,0.00390625,0.0,0803,1.6,0.00784313725490196,blur_noise
textured_quartile,random_expected,0.75,256,192,0.0012744521221580713,0.00041718639444711923,0.20703125,0.00390625,0.0,0803,1.6,0.00784313725490196,blur_noise
textured_quartile,random_expected,0.9,256,231,0.0012744521221580713,0.00041718639444711923,0.20703125,0.00390625,0.0,0803,1.6,0.00784313725490196,blur_noise
textured_quartile,random_expected,1.0,256,256,0.0012744521221580713,0.00041718639444711923,0.20703125,0.00390625,0.0,0803,1.6,0.00784313725490196,blur_noise
textured_quartile,oracle_detail_error,0.5,256,128,0.0006279628008675124,0.00017423896194471335,0.0,0.0,0.0,0803,1.6,0.00784313725490196,blur_noise
textured_quartile,oracle_detail_error,0.75,256,192,0.0008507444240920232,0.00025167580945825187,0.0,0.0,0.0,0803,1.6,0.00784313725490196,blur_noise
textured_quartile,oracle_detail_error,0.9,256,231,0.001054090451952843,0.0003290594207093405,0.12121212121212122,0.0,0.0,0803,1.6,0.00784313725490196,blur_noise
textured_quartile,oracle_detail_error,1.0,256,256,0.0012744521221580716,0.00041718639444711923,0.20703125,0.00390625,0.0,0803,1.6,0.00784313725490196,blur_noise
all,operator_spread_detail,0.5,1024,512,0.00019480927248262934,5.9429201373258e-05,0.0,0.0,0.0,0803,1.6,0.00784313725490196,blur_noise_jpeg
all,operator_spread_detail,0.75,1024,768,0.0003196969334640888,0.00010178958621741925,0.00390625,0.0,0.0,0803,1.6,0.00784313725490196,blur_noise_jpeg
all,operator_spread_detail,0.9,1024,922,0.0004774333963479947,0.00015916390074145105,0.03579175704989154,0.0,0.0,0803,1.6,0.00784313725490196,blur_noise_jpeg
all,operator_spread_detail,1.0,1024,1024,0.0007145918585761844,0.0003195226655208012,0.10546875,0.0185546875,0.0009765625,0803,1.6,0.00784313725490196,blur_noise_jpeg
all,image_transform_spread_detail,0.5,1024,512,0.0002019243332158583,6.304166028856803e-05,0.0,0.0,0.0,0803,1.6,0.00784313725490196,blur_noise_jpeg
all,image_transform_spread_detail,0.75,1024,768,0.0003530927258463695,0.00011510257231678584,0.015625,0.0,0.0,0803,1.6,0.00784313725490196,blur_noise_jpeg
all,image_transform_spread_detail,0.9,1024,922,0.0005109250372545557,0.00016987138822650738,0.0509761388286334,0.0,0.0,0803,1.6,0.00784313725490196,blur_noise_jpeg
all,image_transform_spread_detail,1.0,1024,1024,0.0007145918585761844,0.00031952266552080126,0.10546875,0.0185546875,0.0009765625,0803,1.6,0.00784313725490196,blur_noise_jpeg
all,operator_spread_rgb,0.5,1024,512,0.00017714318894951906,5.5215058280065045e-05,0.0,0.0,0.0,0803,1.6,0.00784313725490196,blur_noise_jpeg
all,operator_spread_rgb,0.75,1024,768,0.00030448222078605894,9.854957510172516e-05,0.0013020833333333333,0.0,0.0,0803,1.6,0.00784313725490196,blur_noise_jpeg
all,operator_spread_rgb,0.9,1024,922,0.0004534382516939646,0.00015386744370149503,0.03036876355748373,0.0,0.0,0803,1.6,0.00784313725490196,blur_noise_jpeg
all,operator_spread_rgb,1.0,1024,1024,0.0007145918585761844,0.00031952266552080126,0.10546875,0.0185546875,0.0009765625,0803,1.6,0.00784313725490196,blur_noise_jpeg
all,measurement_residual,0.5,1024,512,0.00026322731952390635,0.00011124118140374767,0.02734375,0.001953125,0.0,0803,1.6,0.00784313725490196,blur_noise_jpeg
all,measurement_residual,0.75,1024,768,0.00044609582498471696,0.00020764171996428456,0.05078125,0.010416666666666666,0.0,0803,1.6,0.00784313725490196,blur_noise_jpeg
all,measurement_residual,0.9,1024,922,0.0005769416519420522,0.00026720424847026834,0.07266811279826464,0.016268980477223426,0.0010845986984815619,0803,1.6,0.00784313725490196,blur_noise_jpeg
all,measurement_residual,1.0,1024,1024,0.0007145918585761844,0.00031952266552080126,0.10546875,0.0185546875,0.0009765625,0803,1.6,0.00784313725490196,blur_noise_jpeg
all,image_gradient,0.5,1024,512,0.00019219949946628929,6.923570816374955e-05,0.005859375,0.0,0.0,0803,1.6,0.00784313725490196,blur_noise_jpeg
all,image_gradient,0.75,1024,768,0.0003225529265421433,0.00012118923973214716,0.018229166666666668,0.0,0.0,0803,1.6,0.00784313725490196,blur_noise_jpeg
all,image_gradient,0.9,1024,922,0.00048258990001571106,0.0001974332140303293,0.05314533622559653,0.005422993492407809,0.0,0803,1.6,0.00784313725490196,blur_noise_jpeg
all,image_gradient,1.0,1024,1024,0.0007145918585761844,0.00031952266552080126,0.10546875,0.0185546875,0.0009765625,0803,1.6,0.00784313725490196,blur_noise_jpeg
all,random_expected,0.5,1024,512,0.0007145918585761844,0.00031952266552080126,0.10546875,0.0185546875,0.0009765625,0803,1.6,0.00784313725490196,blur_noise_jpeg
all,random_expected,0.75,1024,768,0.0007145918585761844,0.00031952266552080126,0.10546875,0.0185546875,0.0009765625,0803,1.6,0.00784313725490196,blur_noise_jpeg
all,random_expected,0.9,1024,922,0.0007145918585761844,0.00031952266552080126,0.10546875,0.0185546875,0.0009765625,0803,1.6,0.00784313725490196,blur_noise_jpeg
all,random_expected,1.0,1024,1024,0.0007145918585761844,0.00031952266552080126,0.10546875,0.0185546875,0.0009765625,0803,1.6,0.00784313725490196,blur_noise_jpeg
all,oracle_detail_error,0.5,1024,512,0.0001559713096624728,4.282130477864834e-05,0.0,0.0,0.0,0803,1.6,0.00784313725490196,blur_noise_jpeg
all,oracle_detail_error,0.75,1024,768,0.00028248404685803064,8.692916473853367e-05,0.0,0.0,0.0,0803,1.6,0.00784313725490196,blur_noise_jpeg
all,oracle_detail_error,0.9,1024,922,0.0004327342606837338,0.0001429770747178064,0.006507592190889371,0.0,0.0,0803,1.6,0.00784313725490196,blur_noise_jpeg
all,oracle_detail_error,1.0,1024,1024,0.0007145918585761843,0.0003195226655208013,0.10546875,0.0185546875,0.0009765625,0803,1.6,0.00784313725490196,blur_noise_jpeg
textured_quartile,operator_spread_detail,0.5,256,128,0.0010713130959863532,0.0003547819633419885,0.109375,0.0,0.0,0803,1.6,0.00784313725490196,blur_noise_jpeg
textured_quartile,operator_spread_detail,0.75,256,192,0.0012635603366196776,0.00042737940797379583,0.171875,0.0,0.0,0803,1.6,0.00784313725490196,blur_noise_jpeg
textured_quartile,operator_spread_detail,0.9,256,231,0.0014686815683886921,0.0005113982667744446,0.26406926406926406,0.0,0.0,0803,1.6,0.00784313725490196,blur_noise_jpeg
textured_quartile,operator_spread_detail,1.0,256,256,0.0018061377217140516,0.0008106958297001432,0.3359375,0.05859375,0.0,0803,1.6,0.00784313725490196,blur_noise_jpeg
textured_quartile,image_transform_spread_detail,0.5,256,128,0.00113928723144606,0.00038933206669123114,0.140625,0.0,0.0,0803,1.6,0.00784313725490196,blur_noise_jpeg
textured_quartile,image_transform_spread_detail,0.75,256,192,0.0013309275722919664,0.0004505032203501007,0.21354166666666666,0.0,0.0,0803,1.6,0.00784313725490196,blur_noise_jpeg
textured_quartile,image_transform_spread_detail,0.9,256,231,0.0015260428593305536,0.0005625745226654887,0.2727272727272727,0.008658008658008658,0.0,0803,1.6,0.00784313725490196,blur_noise_jpeg
textured_quartile,image_transform_spread_detail,1.0,256,256,0.0018061377217140516,0.0008106958297001432,0.3359375,0.05859375,0.0,0803,1.6,0.00784313725490196,blur_noise_jpeg
textured_quartile,operator_spread_rgb,0.5,256,128,0.0009578212277671234,0.0003160750164115881,0.0625,0.0,0.0,0803,1.6,0.00784313725490196,blur_noise_jpeg
textured_quartile,operator_spread_rgb,0.75,256,192,0.0012385391419655965,0.0004230601496208938,0.17708333333333334,0.0,0.0,0803,1.6,0.00784313725490196,blur_noise_jpeg
textured_quartile,operator_spread_rgb,0.9,256,231,0.0014594947751343389,0.0005097065607686039,0.26406926406926406,0.0,0.0,0803,1.6,0.00784313725490196,blur_noise_jpeg
textured_quartile,operator_spread_rgb,1.0,256,256,0.0018061377217140518,0.0008106958297001433,0.3359375,0.05859375,0.0,0803,1.6,0.00784313725490196,blur_noise_jpeg
textured_quartile,measurement_residual,0.5,256,128,0.0016054441234975598,0.0007933380418400284,0.2890625,0.0703125,0.0,0803,1.6,0.00784313725490196,blur_noise_jpeg
textured_quartile,measurement_residual,0.75,256,192,0.001652664235823946,0.0007672759570728557,0.28125,0.0625,0.0,0803,1.6,0.00784313725490196,blur_noise_jpeg
textured_quartile,measurement_residual,0.9,256,231,0.001713471514165886,0.0007589990023920435,0.31601731601731603,0.05194805194805195,0.0,0803,1.6,0.00784313725490196,blur_noise_jpeg
textured_quartile,measurement_residual,1.0,256,256,0.0018061377217140516,0.0008106958297001434,0.3359375,0.05859375,0.0,0803,1.6,0.00784313725490196,blur_noise_jpeg
textured_quartile,image_gradient,0.5,256,128,0.0011298037127434719,0.0004359239168717204,0.1484375,0.0078125,0.0,0803,1.6,0.00784313725490196,blur_noise_jpeg
textured_quartile,image_gradient,0.75,256,192,0.0014687346954249123,0.0006936447980157443,0.22916666666666666,0.057291666666666664,0.0,0803,1.6,0.00784313725490196,blur_noise_jpeg
textured_quartile,image_gradient,0.9,256,231,0.0016550725361253495,0.0007607743430690671,0.30735930735930733,0.05627705627705628,0.0,0803,1.6,0.00784313725490196,blur_noise_jpeg
textured_quartile,image_gradient,1.0,256,256,0.0018061377217140518,0.0008106958297001433,0.3359375,0.05859375,0.0,0803,1.6,0.00784313725490196,blur_noise_jpeg
textured_quartile,random_expected,0.5,256,128,0.0018061377217140516,0.0008106958297001433,0.3359375,0.05859375,0.0,0803,1.6,0.00784313725490196,blur_noise_jpeg
textured_quartile,random_expected,0.75,256,192,0.0018061377217140516,0.0008106958297001433,0.3359375,0.05859375,0.0,0803,1.6,0.00784313725490196,blur_noise_jpeg
textured_quartile,random_expected,0.9,256,231,0.0018061377217140516,0.0008106958297001433,0.3359375,0.05859375,0.0,0803,1.6,0.00784313725490196,blur_noise_jpeg
textured_quartile,random_expected,1.0,256,256,0.0018061377217140516,0.0008106958297001433,0.3359375,0.05859375,0.0,0803,1.6,0.00784313725490196,blur_noise_jpeg
textured_quartile,oracle_detail_error,0.5,256,128,0.0008769124924236874,0.0002692092766248117,0.0,0.0,0.0,0803,1.6,0.00784313725490196,blur_noise_jpeg
textured_quartile,oracle_detail_error,0.75,256,192,0.0011554793858056809,0.0003787520485974588,0.11458333333333333,0.0,0.0,0803,1.6,0.00784313725490196,blur_noise_jpeg
textured_quartile,oracle_detail_error,0.9,256,231,0.001439295685342765,0.0005007982558336607,0.26406926406926406,0.0,0.0,0803,1.6,0.00784313725490196,blur_noise_jpeg
textured_quartile,oracle_detail_error,1.0,256,256,0.0018061377217140516,0.0008106958297001433,0.3359375,0.05859375,0.0,0803,1.6,0.00784313725490196,blur_noise_jpeg
all,operator_spread_detail,0.5,1024,512,0.0004174773850903607,0.00023082635832032402,0.037109375,0.0,0.0,0804,1.6,0.00784313725490196,blur_noise
all,operator_spread_detail,0.75,1024,768,0.0008429385268568659,0.00044051416417579327,0.2526041666666667,0.0013020833333333333,0.0,0804,1.6,0.00784313725490196,blur_noise
all,operator_spread_detail,0.9,1024,922,0.0012295224758523495,0.0006411335261573003,0.37635574837310193,0.01843817787418655,0.0,0804,1.6,0.00784313725490196,blur_noise
all,operator_spread_detail,1.0,1024,1024,0.0016508863279263556,0.0008442803568146345,0.4384765625,0.06640625,0.0,0804,1.6,0.00784313725490196,blur_noise
all,image_transform_spread_detail,0.5,1024,512,0.0004743208008212683,0.00025483401703102926,0.072265625,0.0,0.0,0804,1.6,0.00784313725490196,blur_noise
all,image_transform_spread_detail,0.75,1024,768,0.0009020020802838324,0.0004676174079510362,0.2604166666666667,0.0013020833333333333,0.0,0804,1.6,0.00784313725490196,blur_noise
all,image_transform_spread_detail,0.9,1024,922,0.0012532626605007075,0.0006445531132348432,0.37635574837310193,0.015184381778741865,0.0,0804,1.6,0.00784313725490196,blur_noise
all,image_transform_spread_detail,1.0,1024,1024,0.0016508863279263556,0.0008442803568146345,0.4384765625,0.06640625,0.0,0804,1.6,0.00784313725490196,blur_noise
all,operator_spread_rgb,0.5,1024,512,0.00044893615359878445,0.00025299254625623036,0.05859375,0.0,0.0,0804,1.6,0.00784313725490196,blur_noise
all,operator_spread_rgb,0.75,1024,768,0.0008772738922020485,0.00046823979633548986,0.2552083333333333,0.00390625,0.0,0804,1.6,0.00784313725490196,blur_noise
all,operator_spread_rgb,0.9,1024,922,0.001249827621291041,0.0006547735504919687,0.37635574837310193,0.0227765726681128,0.0,0804,1.6,0.00784313725490196,blur_noise
all,operator_spread_rgb,1.0,1024,1024,0.0016508863279263554,0.0008442803568146346,0.4384765625,0.06640625,0.0,0804,1.6,0.00784313725490196,blur_noise
all,measurement_residual,0.5,1024,512,0.0020681732069058817,0.0010588586101947536,0.552734375,0.10546875,0.0,0804,1.6,0.00784313725490196,blur_noise
all,measurement_residual,0.75,1024,768,0.0018460230041966571,0.0009443780508097335,0.4947916666666667,0.08333333333333333,0.0,0804,1.6,0.00784313725490196,blur_noise
all,measurement_residual,0.9,1024,922,0.0017317404947481546,0.0008860419095046072,0.46203904555314534,0.07158351409978309,0.0,0804,1.6,0.00784313725490196,blur_noise
all,measurement_residual,1.0,1024,1024,0.0016508863279263556,0.0008442803568146345,0.4384765625,0.06640625,0.0,0804,1.6,0.00784313725490196,blur_noise
all,image_gradient,0.5,1024,512,0.0005871505298168537,0.00033827986158408666,0.130859375,0.0078125,0.0,0804,1.6,0.00784313725490196,blur_noise
all,image_gradient,0.75,1024,768,0.0010783314543853664,0.0005875252473816355,0.2955729166666667,0.026041666666666668,0.0,0804,1.6,0.00784313725490196,blur_noise
all,image_gradient,0.9,1024,922,0.0013592392106626524,0.0007146339139931484,0.3806941431670282,0.03796095444685466,0.0,0804,1.6,0.00784313725490196,blur_noise
all,image_gradient,1.0,1024,1024,0.0016508863279263556,0.0008442803568146345,0.4384765625,0.06640625,0.0,0804,1.6,0.00784313725490196,blur_noise
all,random_expected,0.5,1024,512,0.0016508863279263554,0.0008442803568146345,0.4384765625,0.06640625,0.0,0804,1.6,0.00784313725490196,blur_noise
all,random_expected,0.75,1024,768,0.0016508863279263554,0.0008442803568146345,0.4384765625,0.06640625,0.0,0804,1.6,0.00784313725490196,blur_noise
all,random_expected,0.9,1024,922,0.0016508863279263554,0.0008442803568146345,0.4384765625,0.06640625,0.0,0804,1.6,0.00784313725490196,blur_noise
all,random_expected,1.0,1024,1024,0.0016508863279263554,0.0008442803568146345,0.4384765625,0.06640625,0.0,0804,1.6,0.00784313725490196,blur_noise
all,oracle_detail_error,0.5,1024,512,0.00039918446511419273,0.0002091732044106547,0.0,0.0,0.0,0804,1.6,0.00784313725490196,blur_noise
all,oracle_detail_error,0.75,1024,768,0.0008268289340155598,0.00041115137635649,0.2513020833333333,0.0,0.0,0804,1.6,0.00784313725490196,blur_noise
all,oracle_detail_error,0.9,1024,922,0.0012131029650483676,0.0006114197310980866,0.37635574837310193,0.0,0.0,0804,1.6,0.00784313725490196,blur_noise
all,oracle_detail_error,1.0,1024,1024,0.0016508863279263556,0.0008442803568146345,0.4384765625,0.06640625,0.0,0804,1.6,0.00784313725490196,blur_noise
textured_quartile,operator_spread_detail,0.5,256,128,0.0030185857556941998,0.0015959215383650758,0.96875,0.125,0.0,0804,1.6,0.00784313725490196,blur_noise
textured_quartile,operator_spread_detail,0.75,256,192,0.0033551560333634923,0.0017611315677994715,0.9791666666666666,0.15104166666666666,0.0,0804,1.6,0.00784313725490196,blur_noise
textured_quartile,operator_spread_detail,0.9,256,231,0.003631395806318031,0.0018687228808940695,0.9826839826839827,0.19480519480519481,0.0,0804,1.6,0.00784313725490196,blur_noise
textured_quartile,operator_spread_detail,1.0,256,256,0.0040375671233275215,0.0020478469062293935,0.984375,0.265625,0.0,0804,1.6,0.00784313725490196,blur_noise
textured_quartile,image_transform_spread_detail,0.5,256,128,0.00311988022027125,0.001588896975518712,0.96875,0.078125,0.0,0804,1.6,0.00784313725490196,blur_noise
textured_quartile,image_transform_spread_detail,0.75,256,192,0.00342383688794432,0.0017491193467659173,0.9791666666666666,0.13541666666666666,0.0,0804,1.6,0.00784313725490196,blur_noise
textured_quartile,image_transform_spread_detail,0.9,256,231,0.003720269485207695,0.0019111328126313067,0.9826839826839827,0.21212121212121213,0.0,0804,1.6,0.00784313725490196,blur_noise
textured_quartile,image_transform_spread_detail,1.0,256,256,0.0040375671233275215,0.002047846906229394,0.984375,0.265625,0.0,0804,1.6,0.00784313725490196,blur_noise
textured_quartile,operator_spread_rgb,0.5,256,128,0.0031302419228835515,0.0016898153625458279,0.96875,0.140625,0.0,0804,1.6,0.00784313725490196,blur_noise
textured_quartile,operator_spread_rgb,0.75,256,192,0.0033525210365488623,0.00175407227424066,0.9791666666666666,0.140625,0.0,0804,1.6,0.00784313725490196,blur_noise
textured_quartile,operator_spread_rgb,0.9,256,231,0.003706076561381345,0.0019232379863318037,0.9826839826839827,0.21212121212121213,0.0,0804,1.6,0.00784313725490196,blur_noise
textured_quartile,operator_spread_rgb,1.0,256,256,0.004037567123327522,0.0020478469062293935,0.984375,0.265625,0.0,0804,1.6,0.00784313725490196,blur_noise
textured_quartile,measurement_residual,0.5,256,128,0.004344092747260812,0.0022158844402044905,0.984375,0.359375,0.0,0804,1.6,0.00784313725490196,blur_noise
textured_quartile,measurement_residual,0.75,256,192,0.004070594937577876,0.0020637211285107495,0.9791666666666666,0.2916666666666667,0.0,0804,1.6,0.00784313725490196,blur_noise
textured_quartile,measurement_residual,0.9,256,231,0.004057182908744545,0.0020586105731392294,0.9826839826839827,0.2813852813852814,0.0,0804,1.6,0.00784313725490196,blur_noise
textured_quartile,measurement_residual,1.0,256,256,0.004037567123327522,0.002047846906229394,0.984375,0.265625,0.0,0804,1.6,0.00784313725490196,blur_noise
textured_quartile,image_gradient,0.5,256,128,0.003773511073466007,0.002046031383785833,0.9921875,0.21875,0.0,0804,1.6,0.00784313725490196,blur_noise
textured_quartile,image_gradient,0.75,256,192,0.003847601975341917,0.0020189609227712862,0.984375,0.22916666666666666,0.0,0804,1.6,0.00784313725490196,blur_noise
textured_quartile,image_gradient,0.9,256,231,0.0039414472310927194,0.002025923911981649,0.9826839826839827,0.24242424242424243,0.0,0804,1.6,0.00784313725490196,blur_noise
textured_quartile,image_gradient,1.0,256,256,0.004037567123327522,0.002047846906229394,0.984375,0.265625,0.0,0804,1.6,0.00784313725490196,blur_noise
textured_quartile,random_expected,0.5,256,128,0.004037567123327522,0.0020478469062293935,0.984375,0.265625,0.0,0804,1.6,0.00784313725490196,blur_noise
textured_quartile,random_expected,0.75,256,192,0.004037567123327522,0.0020478469062293935,0.984375,0.265625,0.0,0804,1.6,0.00784313725490196,blur_noise
textured_quartile,random_expected,0.9,256,231,0.004037567123327522,0.0020478469062293935,0.984375,0.265625,0.0,0804,1.6,0.00784313725490196,blur_noise
textured_quartile,random_expected,1.0,256,256,0.004037567123327522,0.0020478469062293935,0.984375,0.265625,0.0,0804,1.6,0.00784313725490196,blur_noise
textured_quartile,oracle_detail_error,0.5,256,128,0.002815278603353494,0.0013393444625525264,0.96875,0.0,0.0,0804,1.6,0.00784313725490196,blur_noise
textured_quartile,oracle_detail_error,0.75,256,192,0.003284603331215563,0.0016263305667861348,0.9791666666666666,0.020833333333333332,0.0,0804,1.6,0.00784313725490196,blur_noise
textured_quartile,oracle_detail_error,0.9,256,231,0.0036410954221220244,0.0018287911822626385,0.9826839826839827,0.18614718614718614,0.0,0804,1.6,0.00784313725490196,blur_noise
textured_quartile,oracle_detail_error,1.0,256,256,0.004037567123327522,0.0020478469062293935,0.984375,0.265625,0.0,0804,1.6,0.00784313725490196,blur_noise
all,operator_spread_detail,0.5,1024,512,0.000629881516505721,0.00033612510380629396,0.142578125,0.005859375,0.0,0804,1.6,0.00784313725490196,blur_noise_jpeg
all,operator_spread_detail,0.75,1024,768,0.0012752061715563124,0.0006707597690655205,0.3580729166666667,0.032552083333333336,0.0,0804,1.6,0.00784313725490196,blur_noise_jpeg
all,operator_spread_detail,0.9,1024,922,0.001642583007596912,0.0008718368317030717,0.45770065075921906,0.07266811279826464,0.0,0804,1.6,0.00784313725490196,blur_noise_jpeg
all,operator_spread_detail,1.0,1024,1024,0.00207192206913647,0.0011707146860625438,0.5087890625,0.138671875,0.001953125,0804,1.6,0.00784313725490196,blur_noise_jpeg
all,image_transform_spread_detail,0.5,1024,512,0.0006570223429566243,0.0003516623227387819,0.15234375,0.00390625,0.0,0804,1.6,0.00784313725490196,blur_noise_jpeg
all,image_transform_spread_detail,0.75,1024,768,0.0013464653240204897,0.0007155157770905867,0.37109375,0.046875,0.0,0804,1.6,0.00784313725490196,blur_noise_jpeg
all,image_transform_spread_detail,0.9,1024,922,0.0017304316205332044,0.0009432784969439726,0.4544468546637744,0.09327548806941431,0.0010845986984815619,0804,1.6,0.00784313725490196,blur_noise_jpeg
all,image_transform_spread_detail,1.0,1024,1024,0.0020719220691364703,0.0011707146860625438,0.5087890625,0.138671875,0.001953125,0804,1.6,0.00784313725490196,blur_noise_jpeg
all,operator_spread_rgb,0.5,1024,512,0.0005989383925441107,0.0003241523338769998,0.12109375,0.005859375,0.0,0804,1.6,0.00784313725490196,blur_noise_jpeg
all,operator_spread_rgb,0.75,1024,768,0.0012158610067541538,0.0006433033219090853,0.3541666666666667,0.024739583333333332,0.0,0804,1.6,0.00784313725490196,blur_noise_jpeg
all,operator_spread_rgb,0.9,1024,922,0.001612310476854946,0.0008662834850075663,0.4566160520607375,0.07049891540130152,0.0,0804,1.6,0.00784313725490196,blur_noise_jpeg
all,operator_spread_rgb,1.0,1024,1024,0.00207192206913647,0.0011707146860625436,0.5087890625,0.138671875,0.001953125,0804,1.6,0.00784313725490196,blur_noise_jpeg
all,measurement_residual,0.5,1024,512,0.0008464618539074329,0.0004861956362537795,0.21875,0.029296875,0.0,0804,1.6,0.00784313725490196,blur_noise_jpeg
all,measurement_residual,0.75,1024,768,0.0014574171457980359,0.0008328244828002939,0.3854166666666667,0.078125,0.0,0804,1.6,0.00784313725490196,blur_noise_jpeg
all,measurement_residual,0.9,1024,922,0.0018046922673681672,0.0010294207972016095,0.46637744034707157,0.10629067245119306,0.0010845986984815619,0804,1.6,0.00784313725490196,blur_noise_jpeg
all,measurement_residual,1.0,1024,1024,0.0020719220691364703,0.0011707146860625438,0.5087890625,0.138671875,0.001953125,0804,1.6,0.00784313725490196,blur_noise_jpeg
all,image_gradient,0.5,1024,512,0.0007146608839950175,0.00041133633849191375,0.171875,0.017578125,0.0,0804,1.6,0.00784313725490196,blur_noise_jpeg
all,image_gradient,0.75,1024,768,0.001282145141644429,0.0007224905910960803,0.3658854166666667,0.052083333333333336,0.0,0804,1.6,0.00784313725490196,blur_noise_jpeg
all,image_gradient,0.9,1024,922,0.0016289462725566147,0.0009069440316650417,0.455531453362256,0.08134490238611713,0.0,0804,1.6,0.00784313725490196,blur_noise_jpeg
all,image_gradient,1.0,1024,1024,0.0020719220691364703,0.0011707146860625438,0.5087890625,0.138671875,0.001953125,0804,1.6,0.00784313725490196,blur_noise_jpeg
all,random_expected,0.5,1024,512,0.0020719220691364703,0.0011707146860625438,0.5087890625,0.138671875,0.001953125,0804,1.6,0.00784313725490196,blur_noise_jpeg
all,random_expected,0.75,1024,768,0.0020719220691364703,0.0011707146860625438,0.5087890625,0.138671875,0.001953125,0804,1.6,0.00784313725490196,blur_noise_jpeg
all,random_expected,0.9,1024,922,0.0020719220691364703,0.0011707146860625438,0.5087890625,0.138671875,0.001953125,0804,1.6,0.00784313725490196,blur_noise_jpeg
all,random_expected,1.0,1024,1024,0.0020719220691364703,0.0011707146860625438,0.5087890625,0.138671875,0.001953125,0804,1.6,0.00784313725490196,blur_noise_jpeg
all,oracle_detail_error,0.5,1024,512,0.0004883739889983997,0.0002478600727736102,0.017578125,0.0,0.0,0804,1.6,0.00784313725490196,blur_noise_jpeg
all,oracle_detail_error,0.75,1024,768,0.0010185900073474757,0.0005295326867457063,0.3450520833333333,0.0,0.0,0804,1.6,0.00784313725490196,blur_noise_jpeg
all,oracle_detail_error,0.9,1024,922,0.0015123506156164382,0.0008090706362050427,0.4544468546637744,0.04338394793926247,0.0,0804,1.6,0.00784313725490196,blur_noise_jpeg
all,oracle_detail_error,1.0,1024,1024,0.0020719220691364703,0.0011707146860625438,0.5087890625,0.138671875,0.001953125,0804,1.6,0.00784313725490196,blur_noise_jpeg
textured_quartile,operator_spread_detail,0.5,256,128,0.0038837369148384997,0.0020711770169802696,0.96875,0.2578125,0.0,0804,1.6,0.00784313725490196,blur_noise_jpeg
textured_quartile,operator_spread_detail,0.75,256,192,0.004123663801881459,0.0021791574411821417,0.9791666666666666,0.3125,0.0,0804,1.6,0.00784313725490196,blur_noise_jpeg
textured_quartile,operator_spread_detail,0.9,256,231,0.004459229654186794,0.0023771033592122227,0.9826839826839827,0.38961038961038963,0.0,0804,1.6,0.00784313725490196,blur_noise_jpeg
textured_quartile,operator_spread_detail,1.0,256,256,0.004869772468863452,0.002699742127278511,0.984375,0.44921875,0.00390625,0804,1.6,0.00784313725490196,blur_noise_jpeg
textured_quartile,image_transform_spread_detail,0.5,256,128,0.00394516940604842,0.00210795707387722,0.9765625,0.2734375,0.0,0804,1.6,0.00784313725490196,blur_noise_jpeg
textured_quartile,image_transform_spread_detail,0.75,256,192,0.004405166462682776,0.0023567994786028094,0.9791666666666666,0.3645833333333333,0.0,0804,1.6,0.00784313725490196,blur_noise_jpeg
textured_quartile,image_transform_spread_detail,0.9,256,231,0.0046294878821942055,0.0025136749722682217,0.9826839826839827,0.4155844155844156,0.0,0804,1.6,0.00784313725490196,blur_noise_jpeg
textured_quartile,image_transform_spread_detail,1.0,256,256,0.004869772468863453,0.0026997421272785104,0.984375,0.44921875,0.00390625,0804,1.6,0.00784313725490196,blur_noise_jpeg
textured_quartile,operator_spread_rgb,0.5,256,128,0.0037418528485148365,0.0020004094542975604,0.96875,0.2421875,0.0,0804,1.6,0.00784313725490196,blur_noise_jpeg
textured_quartile,operator_spread_rgb,0.75,256,192,0.0040708952623424175,0.0021671563490089593,0.9791666666666666,0.3072916666666667,0.0,0804,1.6,0.00784313725490196,blur_noise_jpeg
textured_quartile,operator_spread_rgb,0.9,256,231,0.004465023142502992,0.002382202180171773,0.9826839826839827,0.38961038961038963,0.0,0804,1.6,0.00784313725490196,blur_noise_jpeg
textured_quartile,operator_spread_rgb,1.0,256,256,0.004869772468863452,0.002699742127278511,0.984375,0.44921875,0.00390625,0804,1.6,0.00784313725490196,blur_noise_jpeg
textured_quartile,measurement_residual,0.5,256,128,0.004657106475640693,0.0026354660911701603,0.984375,0.421875,0.0,0804,1.6,0.00784313725490196,blur_noise_jpeg
textured_quartile,measurement_residual,0.75,256,192,0.004701835010701787,0.0026332001234928766,0.984375,0.4114583333333333,0.0,0804,1.6,0.00784313725490196,blur_noise_jpeg
textured_quartile,measurement_residual,0.9,256,231,0.004735270966673359,0.0026375629914988244,0.9826839826839827,0.42424242424242425,0.0,0804,1.6,0.00784313725490196,blur_noise_jpeg
textured_quartile,measurement_residual,1.0,256,256,0.004869772468863453,0.002699742127278511,0.984375,0.44921875,0.00390625,0804,1.6,0.00784313725490196,blur_noise_jpeg
textured_quartile,image_gradient,0.5,256,128,0.004154100002060125,0.0022666058135280545,0.9921875,0.3359375,0.0,0804,1.6,0.00784313725490196,blur_noise_jpeg
textured_quartile,image_gradient,0.75,256,192,0.004290819351437183,0.0023455700154629325,0.984375,0.3541666666666667,0.0,0804,1.6,0.00784313725490196,blur_noise_jpeg
textured_quartile,image_gradient,0.9,256,231,0.004638627371873281,0.0025582507108093617,0.9826839826839827,0.4069264069264069,0.0,0804,1.6,0.00784313725490196,blur_noise_jpeg
textured_quartile,image_gradient,1.0,256,256,0.004869772468863452,0.002699742127278511,0.984375,0.44921875,0.00390625,0804,1.6,0.00784313725490196,blur_noise_jpeg
textured_quartile,random_expected,0.5,256,128,0.004869772468863452,0.002699742127278511,0.984375,0.44921875,0.00390625,0804,1.6,0.00784313725490196,blur_noise_jpeg
textured_quartile,random_expected,0.75,256,192,0.004869772468863452,0.002699742127278511,0.984375,0.44921875,0.00390625,0804,1.6,0.00784313725490196,blur_noise_jpeg
textured_quartile,random_expected,0.9,256,231,0.004869772468863452,0.002699742127278511,0.984375,0.44921875,0.00390625,0804,1.6,0.00784313725490196,blur_noise_jpeg
textured_quartile,random_expected,1.0,256,256,0.004869772468863452,0.002699742127278511,0.984375,0.44921875,0.00390625,0804,1.6,0.00784313725490196,blur_noise_jpeg
textured_quartile,oracle_detail_error,0.5,256,128,0.003226761316375391,0.0016519674454587158,0.96875,0.0,0.0,0804,1.6,0.00784313725490196,blur_noise_jpeg
textured_quartile,oracle_detail_error,0.75,256,192,0.0038673618279795145,0.002023219872406334,0.9791666666666666,0.265625,0.0,0804,1.6,0.00784313725490196,blur_noise_jpeg
textured_quartile,oracle_detail_error,0.9,256,231,0.004341744905034301,0.002323912585836743,0.9826839826839827,0.38961038961038963,0.0,0804,1.6,0.00784313725490196,blur_noise_jpeg
textured_quartile,oracle_detail_error,1.0,256,256,0.004869772468863452,0.002699742127278511,0.984375,0.44921875,0.00390625,0804,1.6,0.00784313725490196,blur_noise_jpeg
