source_id,true_sigma,noise_std,scenario,variant,iteration,rho,denoiser_sigma,iterate_change_mse,measurement_residual_mse
0801,1.6,0.00784313725490196,blur_noise,nominal,1,0.0003831736685242504,0.1921568661928177,0.00026246471679769456,0.0002593221142888069
0801,1.6,0.00784313725490196,blur_noise,nominal,2,0.0009556531440466642,0.12167562544345856,5.125744792167097e-05,0.00015894492389634252
0801,1.6,0.00784313725490196,blur_noise,nominal,3,0.0023834437597543,0.07704620808362961,2.7494092137203552e-05,0.0001075098043656908
0801,1.6,0.00784313725490196,blur_noise,nominal,4,0.005944420117884874,0.04878642410039902,1.4448361071117688e-05,8.166291081579402e-05
0801,1.6,0.00784313725490196,blur_noise,nominal,5,0.014825660735368729,0.03089204803109169,7.752440978947561e-06,6.905529153300449e-05
0801,1.6,0.00784313725490196,blur_noise,nominal,6,0.03697589039802551,0.019561151042580605,4.153207555646077e-06,6.268099969020113e-05
0801,1.6,0.00784313725490196,blur_noise,nominal,7,0.09221960604190826,0.012386314570903778,1.982902858799207e-06,5.950075501459651e-05
0801,1.6,0.00784313725490196,blur_noise,nominal,8,0.22999997437000275,0.007843137718737125,7.629603260284057e-07,5.793322270619683e-05
0801,1.6,0.00784313725490196,blur_noise,oracle_blur,1,0.0003831736685242504,0.1921568661928177,0.0004395657160785049,0.0002159321738872677
0801,1.6,0.00784313725490196,blur_noise,oracle_blur,2,0.0009556531440466642,0.12167562544345856,8.20260465843603e-05,0.00013255843077786267
0801,1.6,0.00784313725490196,blur_noise,oracle_blur,3,0.0023834437597543,0.07704620808362961,4.3268180888844654e-05,9.207426774082705e-05
0801,1.6,0.00784313725490196,blur_noise,oracle_blur,4,0.005944420117884874,0.04878642410039902,2.3729351596557535e-05,7.299673598026857e-05
0801,1.6,0.00784313725490196,blur_noise,oracle_blur,5,0.014825660735368729,0.03089204803109169,1.0498302799533121e-05,6.491816748166457e-05
0801,1.6,0.00784313725490196,blur_noise,oracle_blur,6,0.03697589039802551,0.019561151042580605,4.0750928747002035e-06,6.148347165435553e-05
0801,1.6,0.00784313725490196,blur_noise,oracle_blur,7,0.09221960604190826,0.012386314570903778,1.7078297105399542e-06,5.9970356232952327e-05
0801,1.6,0.00784313725490196,blur_noise,oracle_blur,8,0.22999997437000275,0.007843137718737125,7.752591386633867e-07,5.9159548982279375e-05
0801,1.6,0.00784313725490196,blur_noise,operator_0.8,1,0.0003831736685242504,0.1921568661928177,0.0002697026066016406,0.00027210311964154243
0801,1.6,0.00784313725490196,blur_noise,operator_0.8,2,0.0009556531440466642,0.12167562544345856,4.932239608024247e-05,0.00016675789083819836
0801,1.6,0.00784313725490196,blur_noise,operator_0.8,3,0.0023834437597543,0.07704620808362961,2.6194489691988565e-05,0.0001118067157221958
0801,1.6,0.00784313725490196,blur_noise,operator_0.8,4,0.005944420117884874,0.04878642410039902,1.3386218597588595e-05,8.419715595664456e-05
0801,1.6,0.00784313725490196,blur_noise,operator_0.8,5,0.014825660735368729,0.03089204803109169,6.802072221034905e-06,7.072368316585198e-05
0801,1.6,0.00784313725490196,blur_noise,operator_0.8,6,0.03697589039802551,0.019561151042580605,3.6977137369831325e-06,6.3659819716122e-05
0801,1.6,0.00784313725490196,blur_noise,operator_0.8,7,0.09221960604190826,0.012386314570903778,2.034503040704294e-06,5.968863843008876e-05
0801,1.6,0.00784313725490196,blur_noise,operator_0.8,8,0.22999997437000275,0.007843137718737125,8.3936345163238e-07,5.7550267229089513e-05
0801,1.6,0.00784313725490196,blur_noise,operator_1.2,1,0.0003831736685242504,0.1921568661928177,0.00027183571364730597,0.0002468715247232467
0801,1.6,0.00784313725490196,blur_noise,operator_1.2,2,0.0009556531440466642,0.12167562544345856,5.604052057606168e-05,0.00015090567467268556
0801,1.6,0.00784313725490196,blur_noise,operator_1.2,3,0.0023834437597543,0.07704620808362961,3.042916978301946e-05,0.00010271414794260636
0801,1.6,0.00784313725490196,blur_noise,operator_1.2,4,0.005944420117884874,0.04878642410039902,1.664541741774883e-05,7.874914444983006e-05
0801,1.6,0.00784313725490196,blur_noise,operator_1.2,5,0.014825660735368729,0.03089204803109169,8.986808097688481e-06,6.735517672495916e-05
0801,1.6,0.00784313725490196,blur_noise,operator_1.2,6,0.03697589039802551,0.019561151042580605,4.29751844421844e-06,6.20205610175617e-05
0801,1.6,0.00784313725490196,blur_noise,operator_1.2,7,0.09221960604190826,0.012386314570903778,1.8650991933100158e-06,5.956981476629153e-05
0801,1.6,0.00784313725490196,blur_noise,operator_1.2,8,0.22999997437000275,0.007843137718737125,7.368906267402053e-07,5.836255877511576e-05
0801,1.6,0.00784313725490196,blur_noise,rotation_90,1,0.0003831736685242504,0.1921568661928177,0.00026192504446953535,0.0002588422503322363
0801,1.6,0.00784313725490196,blur_noise,rotation_90,2,0.0009556531440466642,0.12167562544345856,5.0548984290799126e-05,0.00015866571629885584
0801,1.6,0.00784313725490196,blur_noise,rotation_90,3,0.0023834437597543,0.07704620808362961,2.746667632891331e-05,0.0001072042141458951
0801,1.6,0.00784313725490196,blur_noise,rotation_90,4,0.005944420117884874,0.04878642410039902,1.449630144634284e-05,8.153238013619557e-05
0801,1.6,0.00784313725490196,blur_noise,rotation_90,5,0.014825660735368729,0.03089204803109169,7.761901542835403e-06,6.896288687130436e-05
0801,1.6,0.00784313725490196,blur_noise,rotation_90,6,0.03697589039802551,0.019561151042580605,4.243984221830033e-06,6.261088128667325e-05
0801,1.6,0.00784313725490196,blur_noise,rotation_90,7,0.09221960604190826,0.012386314570903778,1.805732722459652e-06,5.958029942121357e-05
0801,1.6,0.00784313725490196,blur_noise,rotation_90,8,0.22999997437000275,0.007843137718737125,7.288105621228169e-07,5.801963197882287e-05
0801,1.6,0.00784313725490196,blur_noise,rotation_180,1,0.0003831736685242504,0.1921568661928177,0.00026340913609601557,0.00026128959143534303
0801,1.6,0.00784313725490196,blur_noise,rotation_180,2,0.0009556531440466642,0.12167562544345856,5.1642145990626886e-05,0.00015919147699605674
0801,1.6,0.00784313725490196,blur_noise,rotation_180,3,0.0023834437597543,0.07704620808362961,2.7376037905924022e-05,0.00010775236296467483
0801,1.6,0.00784313725490196,blur_noise,rotation_180,4,0.005944420117884874,0.04878642410039902,1.4646589988842607e-05,8.178048301488161e-05
0801,1.6,0.00784313725490196,blur_noise,rotation_180,5,0.014825660735368729,0.03089204803109169,7.774885489197914e-06,6.899337313370779e-05
0801,1.6,0.00784313725490196,blur_noise,rotation_180,6,0.03697589039802551,0.019561151042580605,4.144443209952442e-06,6.266096170293167e-05
0801,1.6,0.00784313725490196,blur_noise,rotation_180,7,0.09221960604190826,0.012386314570903778,1.847303110480425e-06,5.958720430498943e-05
0801,1.6,0.00784313725490196,blur_noise,rotation_180,8,0.22999997437000275,0.007843137718737125,8.126004900077533e-07,5.791811054223217e-05
0801,1.6,0.00784313725490196,blur_noise_jpeg,nominal,1,0.0003831736685242504,0.1921568661928177,0.000393130409065634,0.00023068934387993068
0801,1.6,0.00784313725490196,blur_noise_jpeg,nominal,2,0.0009556531440466642,0.12167562544345856,8.528991020284593e-05,0.00012777345546055585
0801,1.6,0.00784313725490196,blur_noise_jpeg,nominal,3,0.0023834437597543,0.07704620808362961,3.743403431144543e-05,7.431523408740759e-05
0801,1.6,0.00784313725490196,blur_noise_jpeg,nominal,4,0.005944420117884874,0.04878642410039902,2.0558571122819558e-05,4.5352579036261886e-05
0801,1.6,0.00784313725490196,blur_noise_jpeg,nominal,5,0.014825660735368729,0.03089204803109169,1.2793311725545209e-05,2.9479673685273156e-05
0801,1.6,0.00784313725490196,blur_noise_jpeg,nominal,6,0.03697589039802551,0.019561151042580605,7.5044467848783825e-06,2.0446768758120015e-05
0801,1.6,0.00784313725490196,blur_noise_jpeg,nominal,7,0.09221960604190826,0.012386314570903778,3.478139888102305e-06,1.5722211173851974e-05
0801,1.6,0.00784313725490196,blur_noise_jpeg,nominal,8,0.22999997437000275,0.007843137718737125,1.258464067177556e-06,1.3651745575771201e-05
0801,1.6,0.00784313725490196,blur_noise_jpeg,oracle_blur,1,0.0003831736685242504,0.1921568661928177,0.0005375852924771607,0.00018092904065269977
0801,1.6,0.00784313725490196,blur_noise_jpeg,oracle_blur,2,0.0009556531440466642,0.12167562544345856,0.00011785493552451953,9.594833682058379e-05
0801,1.6,0.00784313725490196,blur_noise_jpeg,oracle_blur,3,0.0023834437597543,0.07704620808362961,6.709278386551887e-05,5.4403124522650614e-05
0801,1.6,0.00784313725490196,blur_noise_jpeg,oracle_blur,4,0.005944420117884874,0.04878642410039902,3.6286703107180074e-05,3.3744847314665094e-05
0801,1.6,0.00784313725490196,blur_noise_jpeg,oracle_blur,5,0.014825660735368729,0.03089204803109169,1.5645309758838266e-05,2.46662075369386e-05
0801,1.6,0.00784313725490196,blur_noise_jpeg,oracle_blur,6,0.03697589039802551,0.019561151042580605,6.214061613718513e-06,2.033134296652861e-05
0801,1.6,0.00784313725490196,blur_noise_jpeg,oracle_blur,7,0.09221960604190826,0.012386314570903778,2.6406041797599755e-06,1.8123400877811946e-05
0801,1.6,0.00784313725490196,blur_noise_jpeg,oracle_blur,8,0.22999997437000275,0.007843137718737125,1.1207166608073749e-06,1.7189733625855297e-05
0801,1.6,0.00784313725490196,blur_noise_jpeg,operator_0.8,1,0.0003831736685242504,0.1921568661928177,0.0002478702226653695,0.00023976329248398542
0801,1.6,0.00784313725490196,blur_noise_jpeg,operator_0.8,2,0.0009556531440466642,0.12167562544345856,5.916327427257784e-05,0.00013444825890474021
0801,1.6,0.00784313725490196,blur_noise_jpeg,operator_0.8,3,0.0023834437597543,0.07704620808362961,3.7213256291579455e-05,7.927909609861672e-05
0801,1.6,0.00784313725490196,blur_noise_jpeg,operator_0.8,4,0.005944420117884874,0.04878642410039902,1.8421089407638647e-05,4.906756294076331e-05
0801,1.6,0.00784313725490196,blur_noise_jpeg,operator_0.8,5,0.014825660735368729,0.03089204803109169,1.0347444003855344e-05,3.2511583412997425e-05
0801,1.6,0.00784313725490196,blur_noise_jpeg,operator_0.8,6,0.03697589039802551,0.019561151042580605,6.670123184449039e-06,2.20390302274609e-05
0801,1.6,0.00784313725490196,blur_noise_jpeg,operator_0.8,7,0.09221960604190826,0.012386314570903778,3.6344129057397367e-06,1.58164602908073e-05
0801,1.6,0.00784313725490196,blur_noise_jpeg,operator_0.8,8,0.22999997437000275,0.007843137718737125,1.4091973525864887e-06,1.2888867786386982e-05
0801,1.6,0.00784313725490196,blur_noise_jpeg,operator_1.2,1,0.0003831736685242504,0.1921568661928177,0.00038071320159360766,0.00021598579769488424
0801,1.6,0.00784313725490196,blur_noise_jpeg,operator_1.2,2,0.0009556531440466642,0.12167562544345856,8.607644122093916e-05,0.0001183622662210837
0801,1.6,0.00784313725490196,blur_noise_jpeg,operator_1.2,3,0.0023834437597543,0.07704620808362961,4.2116811528103426e-05,6.781081174267456e-05
0801,1.6,0.00784313725490196,blur_noise_jpeg,operator_1.2,4,0.005944420117884874,0.04878642410039902,2.6411213184474036e-05,4.077670382685028e-05
0801,1.6,0.00784313725490196,blur_noise_jpeg,operator_1.2,5,0.014825660735368729,0.03089204803109169,1.5306695786421187e-05,2.684777973627206e-05
0801,1.6,0.00784313725490196,blur_noise_jpeg,operator_1.2,6,0.03697589039802551,0.019561151042580605,7.388503036054317e-06,1.9851531760650687e-05
0801,1.6,0.00784313725490196,blur_noise_jpeg,operator_1.2,7,0.09221960604190826,0.012386314570903778,3.080534042965155e-06,1.632245948712807e-05
0801,1.6,0.00784313725490196,blur_noise_jpeg,operator_1.2,8,0.22999997437000275,0.007843137718737125,1.1470596064100391e-06,1.4815306712989695e-05
0801,1.6,0.00784313725490196,blur_noise_jpeg,rotation_90,1,0.0003831736685242504,0.1921568661928177,0.00039529826608486474,0.00023060482635628432
0801,1.6,0.00784313725490196,blur_noise_jpeg,rotation_90,2,0.0009556531440466642,0.12167562544345856,8.19680790300481e-05,0.00012789282482117414
0801,1.6,0.00784313725490196,blur_noise_jpeg,rotation_90,3,0.0023834437597543,0.07704620808362961,3.823111183010042e-05,7.425501098623499e-05
0801,1.6,0.00784313725490196,blur_noise_jpeg,rotation_90,4,0.005944420117884874,0.04878642410039902,2.038447928498499e-05,4.5303931983653456e-05
0801,1.6,0.00784313725490196,blur_noise_jpeg,rotation_90,5,0.014825660735368729,0.03089204803109169,1.273291763936868e-05,2.9445429390762e-05
0801,1.6,0.00784313725490196,blur_noise_jpeg,rotation_90,6,0.03697589039802551,0.019561151042580605,7.586991159769241e-06,2.0406821931828745e-05
0801,1.6,0.00784313725490196,blur_noise_jpeg,rotation_90,7,0.09221960604190826,0.012386314570903778,3.36304537995602e-06,1.5786714357091114e-05
0801,1.6,0.00784313725490196,blur_noise_jpeg,rotation_90,8,0.22999997437000275,0.007843137718737125,1.301176666856918e-06,1.3680211850441992e-05
0801,1.6,0.00784313725490196,blur_noise_jpeg,rotation_180,1,0.0003831736685242504,0.1921568661928177,0.0003893272078130394,0.00023208300990518183
0801,1.6,0.00784313725490196,blur_noise_jpeg,rotation_180,2,0.0009556531440466642,0.12167562544345856,8.56375991133973e-05,0.0001283435703953728
0801,1.6,0.00784313725490196,blur_noise_jpeg,rotation_180,3,0.0023834437597543,0.07704620808362961,3.7350218917708844e-05,7.46394507586956e-05
0801,1.6,0.00784313725490196,blur_noise_jpeg,rotation_180,4,0.005944420117884874,0.04878642410039902,2.0273044356144965e-05,4.5637098082806915e-05
0801,1.6,0.00784313725490196,blur_noise_jpeg,rotation_180,5,0.014825660735368729,0.03089204803109169,1.3212570593168493e-05,2.9372611606959254e-05
0801,1.6,0.00784313725490196,blur_noise_jpeg,rotation_180,6,0.03697589039802551,0.019561151042580605,7.4818885877903085e-06,2.0395362298586406e-05
0801,1.6,0.00784313725490196,blur_noise_jpeg,rotation_180,7,0.09221960604190826,0.012386314570903778,3.442331035330426e-06,1.5737148714833893e-05
0801,1.6,0.00784313725490196,blur_noise_jpeg,rotation_180,8,0.22999997437000275,0.007843137718737125,1.3002046443943982e-06,1.3629743989440612e-05
0802,1.6,0.00784313725490196,blur_noise,nominal,1,0.0003831736685242504,0.1921568661928177,0.00030835604411549866,0.00029601226560771465
0802,1.6,0.00784313725490196,blur_noise,nominal,2,0.0009556531440466642,0.12167562544345856,5.235820572124794e-05,0.00019827191135846078
0802,1.6,0.00784313725490196,blur_noise,nominal,3,0.0023834437597543,0.07704620808362961,3.824313171207905e-05,0.00013236567610874772
0802,1.6,0.00784313725490196,blur_noise,nominal,4,0.005944420117884874,0.04878642410039902,2.441903416183777e-05,9.306640276918188e-05
0802,1.6,0.00784313725490196,blur_noise,nominal,5,0.014825660735368729,0.03089204803109169,1.3601547834696248e-05,7.332189852604643e-05
0802,1.6,0.00784313725490196,blur_noise,nominal,6,0.03697589039802551,0.019561151042580605,6.604180725844344e-06,6.371470226440579e-05
0802,1.6,0.00784313725490196,blur_noise,nominal,7,0.09221960604190826,0.012386314570903778,3.152313183818478e-06,5.893634079257026e-05
0802,1.6,0.00784313725490196,blur_noise,nominal,8,0.22999997437000275,0.007843137718737125,1.2978238146388321e-06,5.6695400417083874e-05
0802,1.6,0.00784313725490196,blur_noise,oracle_blur,1,0.0003831736685242504,0.1921568661928177,0.0004184133722446859,0.00025590689620003104
0802,1.6,0.00784313725490196,blur_noise,oracle_blur,2,0.0009556531440466642,0.12167562544345856,0.00010593543265713379,0.00016069102275650948
0802,1.6,0.00784313725490196,blur_noise,oracle_blur,3,0.0023834437597543,0.07704620808362961,7.857220771256834e-05,0.00010453166032675654
0802,1.6,0.00784313725490196,blur_noise,oracle_blur,4,0.005944420117884874,0.04878642410039902,3.933670450351201e-05,7.861349877202883e-05
0802,1.6,0.00784313725490196,blur_noise,oracle_blur,5,0.014825660735368729,0.03089204803109169,1.6389765733038075e-05,6.718792428728193e-05
0802,1.6,0.00784313725490196,blur_noise,oracle_blur,6,0.03697589039802551,0.019561151042580605,6.859903805889189e-06,6.200292409630492e-05
0802,1.6,0.00784313725490196,blur_noise,oracle_blur,7,0.09221960604190826,0.012386314570903778,3.1231365937856026e-06,5.9637106460286304e-05
0802,1.6,0.00784313725490196,blur_noise,oracle_blur,8,0.22999997437000275,0.007843137718737125,1.3176877473597415e-06,5.863741534994915e-05
0802,1.6,0.00784313725490196,blur_noise,operator_0.8,1,0.0003831736685242504,0.1921568661928177,0.00031499951728619635,0.00030822516418993473
0802,1.6,0.00784313725490196,blur_noise,operator_0.8,2,0.0009556531440466642,0.12167562544345856,5.231805334915407e-05,0.00020633470558095723
0802,1.6,0.00784313725490196,blur_noise,operator_0.8,3,0.0023834437597543,0.07704620808362961,3.410373392398469e-05,0.00013925971870776266
0802,1.6,0.00784313725490196,blur_noise,operator_0.8,4,0.005944420117884874,0.04878642410039902,2.182034768338781e-05,9.787683666218072e-05
0802,1.6,0.00784313725490196,blur_noise,operator_0.8,5,0.014825660735368729,0.03089204803109169,1.1998527043033391e-05,7.613174966536462e-05
0802,1.6,0.00784313725490196,blur_noise,operator_0.8,6,0.03697589039802551,0.019561151042580605,6.130925612524152e-06,6.50745932944119e-05
0802,1.6,0.00784313725490196,blur_noise,operator_0.8,7,0.09221960604190826,0.012386314570903778,3.1963238598109456e-06,5.91150346735958e-05
0802,1.6,0.00784313725490196,blur_noise,operator_0.8,8,0.22999997437000275,0.007843137718737125,1.3846283763996325e-06,5.605614205705933e-05
0802,1.6,0.00784313725490196,blur_noise,operator_1.2,1,0.0003831736685242504,0.1921568661928177,0.0003141509951092303,0.0002845579001586884
0802,1.6,0.00784313725490196,blur_noise,operator_1.2,2,0.0009556531440466642,0.12167562544345856,5.676896762452088e-05,0.0001889072882477194
0802,1.6,0.00784313725490196,blur_noise,operator_1.2,3,0.0023834437597543,0.07704620808362961,4.5024607970844954e-05,0.00012431276263669133
0802,1.6,0.00784313725490196,blur_noise,operator_1.2,4,0.005944420117884874,0.04878642410039902,2.9967641239636578e-05,8.760175114730373e-05
0802,1.6,0.00784313725490196,blur_noise,operator_1.2,5,0.014825660735368729,0.03089204803109169,1.4930096767784562e-05,7.074081077007577e-05
0802,1.6,0.00784313725490196,blur_noise,operator_1.2,6,0.03697589039802551,0.019561151042580605,6.794702130719088e-06,6.281053356360644e-05
0802,1.6,0.00784313725490196,blur_noise,operator_1.2,7,0.09221960604190826,0.012386314570903778,3.0843232252664166e-06,5.904118006583303e-05
0802,1.6,0.00784313725490196,blur_noise,operator_1.2,8,0.22999997437000275,0.007843137718737125,1.2429491107468493e-06,5.737090395996347e-05
0802,1.6,0.00784313725490196,blur_noise,rotation_90,1,0.0003831736685242504,0.1921568661928177,0.000307377427816391,0.00029497576178982854
0802,1.6,0.00784313725490196,blur_noise,rotation_90,2,0.0009556531440466642,0.12167562544345856,5.125836105435155e-05,0.00019898203026968986
0802,1.6,0.00784313725490196,blur_noise,rotation_90,3,0.0023834437597543,0.07704620808362961,3.933117841370404e-05,0.0001319965667789802
0802,1.6,0.00784313725490196,blur_noise,rotation_90,4,0.005944420117884874,0.04878642410039902,2.411989407846704e-05,9.311035682912916e-05
0802,1.6,0.00784313725490196,blur_noise,rotation_90,5,0.014825660735368729,0.03089204803109169,1.3760948604613077e-05,7.317092240555212e-05
0802,1.6,0.00784313725490196,blur_noise,rotation_90,6,0.03697589039802551,0.019561151042580605,6.558912900800351e-06,6.368281901814044e-05
0802,1.6,0.00784313725490196,blur_noise,rotation_90,7,0.09221960604190826,0.012386314570903778,3.1703527838544687e-06,5.8914047258440405e-05
0802,1.6,0.00784313725490196,blur_noise,rotation_90,8,0.22999997437000275,0.007843137718737125,1.30649220864143e-06,5.6666467571631074e-05
0802,1.6,0.00784313725490196,blur_noise,rotation_180,1,0.0003831736685242504,0.1921568661928177,0.00030897895339876413,0.0002965441672131419
0802,1.6,0.00784313725490196,blur_noise,rotation_180,2,0.0009556531440466642,0.12167562544345856,5.308786785462871e-05,0.00019904049986507744
0802,1.6,0.00784313725490196,blur_noise,rotation_180,3,0.0023834437597543,0.07704620808362961,3.8675036194035783e-05,0.00013231644697953016
0802,1.6,0.00784313725490196,blur_noise,rotation_180,4,0.005944420117884874,0.04878642410039902,2.4073922759271227e-05,9.332396439276636e-05
0802,1.6,0.00784313725490196,blur_noise,rotation_180,5,0.014825660735368729,0.03089204803109169,1.3753015082329512e-05,7.326802733587101e-05
0802,1.6,0.00784313725490196,blur_noise,rotation_180,6,0.03697589039802551,0.019561151042580605,6.762783868907718e-06,6.360188126564026e-05
0802,1.6,0.00784313725490196,blur_noise,rotation_180,7,0.09221960604190826,0.012386314570903778,3.094675548709347e-06,5.895710637560114e-05
0802,1.6,0.00784313725490196,blur_noise,rotation_180,8,0.22999997437000275,0.007843137718737125,1.3029300589550985e-06,5.669948222930543e-05
0802,1.6,0.00784313725490196,blur_noise_jpeg,nominal,1,0.0003831736685242504,0.1921568661928177,0.000344362371833995,0.00028435137937776744
0802,1.6,0.00784313725490196,blur_noise_jpeg,nominal,2,0.0009556531440466642,0.12167562544345856,7.709048077231273e-05,0.000184485106728971
0802,1.6,0.00784313725490196,blur_noise_jpeg,nominal,3,0.0023834437597543,0.07704620808362961,4.8284306103596464e-05,0.00011663142504403368
0802,1.6,0.00784313725490196,blur_noise_jpeg,nominal,4,0.005944420117884874,0.04878642410039902,3.2171912607736886e-05,7.35630965209566e-05
0802,1.6,0.00784313725490196,blur_noise_jpeg,nominal,5,0.014825660735368729,0.03089204803109169,2.1321637177607045e-05,4.755805275635794e-05
0802,1.6,0.00784313725490196,blur_noise_jpeg,nominal,6,0.03697589039802551,0.019561151042580605,1.3832773220201489e-05,3.14585049636662e-05
0802,1.6,0.00784313725490196,blur_noise_jpeg,nominal,7,0.09221960604190826,0.012386314570903778,6.2203657762438525e-06,2.3964814317878336e-05
0802,1.6,0.00784313725490196,blur_noise_jpeg,nominal,8,0.22999997437000275,0.007843137718737125,2.0803911411348963e-06,2.1258545530145057e-05
0802,1.6,0.00784313725490196,blur_noise_jpeg,oracle_blur,1,0.0003831736685242504,0.1921568661928177,0.00046793243382126093,0.0002411574387224391
0802,1.6,0.00784313725490196,blur_noise_jpeg,oracle_blur,2,0.0009556531440466642,0.12167562544345856,0.00014484129496850073,0.00014616288535762578
0802,1.6,0.00784313725490196,blur_noise_jpeg,oracle_blur,3,0.0023834437597543,0.07704620808362961,0.00010711258073570207,8.718707249499857e-05
0802,1.6,0.00784313725490196,blur_noise_jpeg,oracle_blur,4,0.005944420117884874,0.04878642410039902,5.946118471911177e-05,5.579474600381218e-05
0802,1.6,0.00784313725490196,blur_noise_jpeg,oracle_blur,5,0.014825660735368729,0.03089204803109169,2.9047736461507156e-05,3.924006159650162e-05
0802,1.6,0.00784313725490196,blur_noise_jpeg,oracle_blur,6,0.03697589039802551,0.019561151042580605,1.1932922461710405e-05,3.173793447786011e-05
0802,1.6,0.00784313725490196,blur_noise_jpeg,oracle_blur,7,0.09221960604190826,0.012386314570903778,4.643835836759536e-06,2.8765693059540354e-05
0802,1.6,0.00784313725490196,blur_noise_jpeg,oracle_blur,8,0.22999997437000275,0.007843137718737125,1.8515660258344724e-06,2.77048529824242e-05
0802,1.6,0.00784313725490196,blur_noise_jpeg,operator_0.8,1,0.0003831736685242504,0.1921568661928177,0.00031193485483527184,0.00029478673241101205
0802,1.6,0.00784313725490196,blur_noise_jpeg,operator_0.8,2,0.0009556531440466642,0.12167562544345856,5.4527961765415967e-05,0.00019196687208022922
0802,1.6,0.00784313725490196,blur_noise_jpeg,operator_0.8,3,0.0023834437597543,0.07704620808362961,3.796051532845013e-05,0.00012393525685183704
0802,1.6,0.00784313725490196,blur_noise_jpeg,operator_0.8,4,0.005944420117884874,0.04878642410039902,2.6927551516564563e-05,7.995147461770102e-05
0802,1.6,0.00784313725490196,blur_noise_jpeg,operator_0.8,5,0.014825660735368729,0.03089204803109169,1.6936259271460585e-05,5.282923666527495e-05
0802,1.6,0.00784313725490196,blur_noise_jpeg,operator_0.8,6,0.03697589039802551,0.019561151042580605,1.1757166248571593e-05,3.439563442952931e-05
0802,1.6,0.00784313725490196,blur_noise_jpeg,operator_0.8,7,0.09221960604190826,0.012386314570903778,6.58654198559816e-06,2.3935132048791274e-05
0802,1.6,0.00784313725490196,blur_noise_jpeg,operator_0.8,8,0.22999997437000275,0.007843137718737125,2.3127290660340805e-06,1.9782237359322608e-05
0802,1.6,0.00784313725490196,blur_noise_jpeg,operator_1.2,1,0.0003831736685242504,0.1921568661928177,0.00033582127070985734,0.000271767086815089
0802,1.6,0.00784313725490196,blur_noise_jpeg,operator_1.2,2,0.0009556531440466642,0.12167562544345856,7.784232002450153e-05,0.00017525212024338543
0802,1.6,0.00784313725490196,blur_noise_jpeg,operator_1.2,3,0.0023834437597543,0.07704620808362961,5.787730333395302e-05,0.00010822964395629242
0802,1.6,0.00784313725490196,blur_noise_jpeg,operator_1.2,4,0.005944420117884874,0.04878642410039902,4.141655153944157e-05,6.679064244963229e-05
0802,1.6,0.00784313725490196,blur_noise_jpeg,operator_1.2,5,0.014825660735368729,0.03089204803109169,2.62903340626508e-05,4.3029569496866316e-05
0802,1.6,0.00784313725490196,blur_noise_jpeg,operator_1.2,6,0.03697589039802551,0.019561151042580605,1.4124769222689793e-05,3.042271600861568e-05
0802,1.6,0.00784313725490196,blur_noise_jpeg,operator_1.2,7,0.09221960604190826,0.012386314570903778,5.5334212447633035e-06,2.5110794013016857e-05
0802,1.6,0.00784313725490196,blur_noise_jpeg,operator_1.2,8,0.22999997437000275,0.007843137718737125,1.9132430679746903e-06,2.3267326469067484e-05
0802,1.6,0.00784313725490196,blur_noise_jpeg,rotation_90,1,0.0003831736685242504,0.1921568661928177,0.0003471093368716538,0.0002830892335623503
0802,1.6,0.00784313725490196,blur_noise_jpeg,rotation_90,2,0.0009556531440466642,0.12167562544345856,7.40053437766619e-05,0.0001850442058639601
0802,1.6,0.00784313725490196,blur_noise_jpeg,rotation_90,3,0.0023834437597543,0.07704620808362961,5.044778299634345e-05,0.00011622259626165032
0802,1.6,0.00784313725490196,blur_noise_jpeg,rotation_90,4,0.005944420117884874,0.04878642410039902,3.1716510420665145e-05,7.360077142948285e-05
0802,1.6,0.00784313725490196,blur_noise_jpeg,rotation_90,5,0.014825660735368729,0.03089204803109169,2.162711462005973e-05,4.738731513498351e-05
0802,1.6,0.00784313725490196,blur_noise_jpeg,rotation_90,6,0.03697589039802551,0.019561151042580605,1.377724765916355e-05,3.132972778985277e-05
0802,1.6,0.00784313725490196,blur_noise_jpeg,rotation_90,7,0.09221960604190826,0.012386314570903778,6.207157639437355e-06,2.3997117750695907e-05
0802,1.6,0.00784313725490196,blur_noise_jpeg,rotation_90,8,0.22999997437000275,0.007843137718737125,2.092974682454951e-06,2.125454557244666e-05
0802,1.6,0.00784313725490196,blur_noise_jpeg,rotation_180,1,0.0003831736685242504,0.1921568661928177,0.00034697752562351525,0.0002845380804501474
0802,1.6,0.00784313725490196,blur_noise_jpeg,rotation_180,2,0.0009556531440466642,0.12167562544345856,7.947728590806946e-05,0.00018517499847803265
0802,1.6,0.00784313725490196,blur_noise_jpeg,rotation_180,3,0.0023834437597543,0.07704620808362961,4.901328793494031e-05,0.00011640819138847291
0802,1.6,0.00784313725490196,blur_noise_jpeg,rotation_180,4,0.005944420117884874,0.04878642410039902,3.159699190291576e-05,7.386954530375078e-05
0802,1.6,0.00784313725490196,blur_noise_jpeg,rotation_180,5,0.014825660735368729,0.03089204803109169,2.16217649722239e-05,4.7392550186486915e-05
0802,1.6,0.00784313725490196,blur_noise_jpeg,rotation_180,6,0.03697589039802551,0.019561151042580605,1.3990392289997544e-05,3.126555748167448e-05
0802,1.6,0.00784313725490196,blur_noise_jpeg,rotation_180,7,0.09221960604190826,0.012386314570903778,6.104543444962474e-06,2.3996788513613865e-05
0802,1.6,0.00784313725490196,blur_noise_jpeg,rotation_180,8,0.22999997437000275,0.007843137718737125,2.0966729152860353e-06,2.125406354025472e-05
0803,1.6,0.00784313725490196,blur_noise,nominal,1,0.0003831736685242504,0.1921568661928177,0.0002659315650817007,0.00022888893727213144
0803,1.6,0.00784313725490196,blur_noise,nominal,2,0.0009556531440466642,0.12167562544345856,5.025109203415923e-05,0.00015208507829811424
0803,1.6,0.00784313725490196,blur_noise,nominal,3,0.0023834437597543,0.07704620808362961,2.9312295737327076e-05,0.0001107642165152356
0803,1.6,0.00784313725490196,blur_noise,nominal,4,0.005944420117884874,0.04878642410039902,1.5910631191218272e-05,8.83501343196258e-05
0803,1.6,0.00784313725490196,blur_noise,nominal,5,0.014825660735368729,0.03089204803109169,8.82662152434932e-06,7.477717008441687e-05
0803,1.6,0.00784313725490196,blur_noise,nominal,6,0.03697589039802551,0.019561151042580605,5.609294930764008e-06,6.582724017789587e-05
0803,1.6,0.00784313725490196,blur_noise,nominal,7,0.09221960604190826,0.012386314570903778,3.638033149400144e-06,5.9966041590087116e-05
0803,1.6,0.00784313725490196,blur_noise,nominal,8,0.22999997437000275,0.007843137718737125,1.484185077060829e-06,5.72098397242371e-05
0803,1.6,0.00784313725490196,blur_noise,oracle_blur,1,0.0003831736685242504,0.1921568661928177,0.0006635492318309844,0.00019824337505269796
0803,1.6,0.00784313725490196,blur_noise,oracle_blur,2,0.0009556531440466642,0.12167562544345856,6.805504381190985e-05,0.00013350709923543036
0803,1.6,0.00784313725490196,blur_noise,oracle_blur,3,0.0023834437597543,0.07704620808362961,3.690564335556701e-05,0.00010036096500698477
0803,1.6,0.00784313725490196,blur_noise,oracle_blur,4,0.005944420117884874,0.04878642410039902,1.9317309124744497e-05,8.206813072320074e-05
0803,1.6,0.00784313725490196,blur_noise,oracle_blur,5,0.014825660735368729,0.03089204803109169,1.1412247658881824e-05,7.065372483339161e-05
0803,1.6,0.00784313725490196,blur_noise,oracle_blur,6,0.03697589039802551,0.019561151042580605,7.342589924519416e-06,6.37284538242966e-05
0803,1.6,0.00784313725490196,blur_noise,oracle_blur,7,0.09221960604190826,0.012386314570903778,3.699368789966684e-06,6.035925980540924e-05
0803,1.6,0.00784313725490196,blur_noise,oracle_blur,8,0.22999997437000275,0.007843137718737125,1.4199898714650772e-06,5.904478166485205e-05
0803,1.6,0.00784313725490196,blur_noise,operator_0.8,1,0.0003831736685242504,0.1921568661928177,0.0002580186992418021,0.00024053493689280003
0803,1.6,0.00784313725490196,blur_noise,operator_0.8,2,0.0009556531440466642,0.12167562544345856,5.1952094509033486e-05,0.00015863093722146004
0803,1.6,0.00784313725490196,blur_noise,operator_0.8,3,0.0023834437597543,0.07704620808362961,2.8701835617539473e-05,0.00011411091691115871
0803,1.6,0.00784313725490196,blur_noise,operator_0.8,4,0.005944420117884874,0.04878642410039902,1.5105975762708113e-05,9.031793160829693e-05
0803,1.6,0.00784313725490196,blur_noise,operator_0.8,5,0.014825660735368729,0.03089204803109169,8.275365871668328e-06,7.616856601089239e-05
0803,1.6,0.00784313725490196,blur_noise,operator_0.8,6,0.03697589039802551,0.019561151042580605,5.15344254381489e-06,6.691056478302926e-05
0803,1.6,0.00784313725490196,blur_noise,operator_0.8,7,0.09221960604190826,0.012386314570903778,3.481048906905926e-06,6.0295991715975106e-05
0803,1.6,0.00784313725490196,blur_noise,operator_0.8,8,0.22999997437000275,0.007843137718737125,1.598985136297415e-06,5.6632128689670935e-05
0803,1.6,0.00784313725490196,blur_noise,operator_1.2,1,0.0003831736685242504,0.1921568661928177,0.00030799704836681485,0.00021920600556768477
0803,1.6,0.00784313725490196,blur_noise,operator_1.2,2,0.0009556531440466642,0.12167562544345856,5.007966683479026e-05,0.00014618058048654348
0803,1.6,0.00784313725490196,blur_noise,operator_1.2,3,0.0023834437597543,0.07704620808362961,3.1974046578397974e-05,0.00010719553392846137
0803,1.6,0.00784313725490196,blur_noise,operator_1.2,4,0.005944420117884874,0.04878642410039902,1.672424332355149e-05,8.624848123872653e-05
0803,1.6,0.00784313725490196,blur_noise,operator_1.2,5,0.014825660735368729,0.03089204803109169,9.638172741688322e-06,7.326318154809996e-05
0803,1.6,0.00784313725490196,blur_noise,operator_1.2,6,0.03697589039802551,0.019561151042580605,6.126342213974567e-06,6.48253844701685e-05
0803,1.6,0.00784313725490196,blur_noise,operator_1.2,7,0.09221960604190826,0.012386314570903778,3.6369781355460873e-06,5.988547854940407e-05
0803,1.6,0.00784313725490196,blur_noise,operator_1.2,8,0.22999997437000275,0.007843137718737125,1.3856177929483238e-06,5.779742423328571e-05
0803,1.6,0.00784313725490196,blur_noise,rotation_90,1,0.0003831736685242504,0.1921568661928177,0.00026805969537235796,0.00022901188640389591
0803,1.6,0.00784313725490196,blur_noise,rotation_90,2,0.0009556531440466642,0.12167562544345856,5.240351674729027e-05,0.00015163247007876635
0803,1.6,0.00784313725490196,blur_noise,rotation_90,3,0.0023834437597543,0.07704620808362961,2.9352220735745504e-05,0.00011041749530704692
0803,1.6,0.00784313725490196,blur_noise,rotation_90,4,0.005944420117884874,0.04878642410039902,1.532044007035438e-05,8.82428721524775e-05
0803,1.6,0.00784313725490196,blur_noise,rotation_90,5,0.014825660735368729,0.03089204803109169,8.817965863272548e-06,7.502523658331484e-05
0803,1.6,0.00784313725490196,blur_noise,rotation_90,6,0.03697589039802551,0.019561151042580605,5.772989425167907e-06,6.570553523488343e-05
0803,1.6,0.00784313725490196,blur_noise,rotation_90,7,0.09221960604190826,0.012386314570903778,3.4417460028635105e-06,5.999382119625807e-05
0803,1.6,0.00784313725490196,blur_noise,rotation_90,8,0.22999997437000275,0.007843137718737125,1.4569106951967115e-06,5.73224933759775e-05
0803,1.6,0.00784313725490196,blur_noise,rotation_180,1,0.0003831736685242504,0.1921568661928177,0.0002677871671039611,0.0002299067418789491
0803,1.6,0.00784313725490196,blur_noise,rotation_180,2,0.0009556531440466642,0.12167562544345856,4.91799546580296e-05,0.00015235377941280603
0803,1.6,0.00784313725490196,blur_noise,rotation_180,3,0.0023834437597543,0.07704620808362961,3.0200008040992543e-05,0.00011081359843956307
0803,1.6,0.00784313725490196,blur_noise,rotation_180,4,0.005944420117884874,0.04878642410039902,1.5744726624689065e-05,8.841497037792578e-05
0803,1.6,0.00784313725490196,blur_noise,rotation_180,5,0.014825660735368729,0.03089204803109169,8.948606591729913e-06,7.477142935385928e-05
0803,1.6,0.00784313725490196,blur_noise,rotation_180,6,0.03697589039802551,0.019561151042580605,5.573749604081968e-06,6.569965626113117e-05
0803,1.6,0.00784313725490196,blur_noise,rotation_180,7,0.09221960604190826,0.012386314570903778,3.393567794773844e-06,6.012502490193583e-05
0803,1.6,0.00784313725490196,blur_noise,rotation_180,8,0.22999997437000275,0.007843137718737125,1.5161834880927927e-06,5.7278222811874e-05
0803,1.6,0.00784313725490196,blur_noise_jpeg,nominal,1,0.0003831736685242504,0.1921568661928177,0.00038541381945833564,0.00023156791576184332
0803,1.6,0.00784313725490196,blur_noise_jpeg,nominal,2,0.0009556531440466642,0.12167562544345856,0.00010274324449710548,0.00014961042325012386
0803,1.6,0.00784313725490196,blur_noise_jpeg,nominal,3,0.0023834437597543,0.07704620808362961,5.030438114772551e-05,0.0001035856330418028
0803,1.6,0.00784313725490196,blur_noise_jpeg,nominal,4,0.005944420117884874,0.04878642410039902,3.038571958313696e-05,7.486396498279646e-05
0803,1.6,0.00784313725490196,blur_noise_jpeg,nominal,5,0.014825660735368729,0.03089204803109169,2.283926914969925e-05,5.213209442445077e-05
0803,1.6,0.00784313725490196,blur_noise_jpeg,nominal,6,0.03697589039802551,0.019561151042580605,1.6909612895688042e-05,3.4417043934809044e-05
0803,1.6,0.00784313725490196,blur_noise_jpeg,nominal,7,0.09221960604190826,0.012386314570903778,7.776423444738612e-06,2.5935029043466784e-05
0803,1.6,0.00784313725490196,blur_noise_jpeg,nominal,8,0.22999997437000275,0.007843137718737125,2.737142494879663e-06,2.286563176312484e-05
0803,1.6,0.00784313725490196,blur_noise_jpeg,oracle_blur,1,0.0003831736685242504,0.1921568661928177,0.0008501851698383689,0.00018825540610123426
0803,1.6,0.00784313725490196,blur_noise_jpeg,oracle_blur,2,0.0009556531440466642,0.12167562544345856,0.00015315857308451086,0.00012106227222830057
0803,1.6,0.00784313725490196,blur_noise_jpeg,oracle_blur,3,0.0023834437597543,0.07704620808362961,9.305221465183422e-05,8.251255349023268e-05
0803,1.6,0.00784313725490196,blur_noise_jpeg,oracle_blur,4,0.005944420117884874,0.04878642410039902,5.56673803657759e-05,5.798100755782798e-05
0803,1.6,0.00784313725490196,blur_noise_jpeg,oracle_blur,5,0.014825660735368729,0.03089204803109169,3.2703170290915295e-05,4.183744022157043e-05
0803,1.6,0.00784313725490196,blur_noise_jpeg,oracle_blur,6,0.03697589039802551,0.019561151042580605,1.4395965990843251e-05,3.401743379072286e-05
0803,1.6,0.00784313725490196,blur_noise_jpeg,oracle_blur,7,0.09221960604190826,0.012386314570903778,5.526249424292473e-06,3.112985723419115e-05
0803,1.6,0.00784313725490196,blur_noise_jpeg,oracle_blur,8,0.22999997437000275,0.007843137718737125,2.142466883015004e-06,3.008592284459155e-05
0803,1.6,0.00784313725490196,blur_noise_jpeg,operator_0.8,1,0.0003831736685242504,0.1921568661928177,0.00027636453160084784,0.00024277798365801573
0803,1.6,0.00784313725490196,blur_noise_jpeg,operator_0.8,2,0.0009556531440466642,0.12167562544345856,5.563955710385926e-05,0.0001571944449096918
0803,1.6,0.00784313725490196,blur_noise_jpeg,operator_0.8,3,0.0023834437597543,0.07704620808362961,4.1879040509229526e-05,0.00010917522013187408
0803,1.6,0.00784313725490196,blur_noise_jpeg,operator_0.8,4,0.005944420117884874,0.04878642410039902,2.6391082428744994e-05,8.019051165319979e-05
0803,1.6,0.00784313725490196,blur_noise_jpeg,operator_0.8,5,0.014825660735368729,0.03089204803109169,1.607805461389944e-05,5.85049856454134e-05
0803,1.6,0.00784313725490196,blur_noise_jpeg,operator_0.8,6,0.03697589039802551,0.019561151042580605,1.390854231431149e-05,3.83266742574051e-05
0803,1.6,0.00784313725490196,blur_noise_jpeg,operator_0.8,7,0.09221960604190826,0.012386314570903778,8.1484895417816e-06,2.6034631446236745e-05
0803,1.6,0.00784313725490196,blur_noise_jpeg,operator_0.8,8,0.22999997437000275,0.007843137718737125,2.8138656489318237e-06,2.1158261006348766e-05
0803,1.6,0.00784313725490196,blur_noise_jpeg,operator_1.2,1,0.0003831736685242504,0.1921568661928177,0.0004085804393980652,0.00021592475241050124
0803,1.6,0.00784313725490196,blur_noise_jpeg,operator_1.2,2,0.0009556531440466642,0.12167562544345856,9.008081542560831e-05,0.00014021863171365112
0803,1.6,0.00784313725490196,blur_noise_jpeg,operator_1.2,3,0.0023834437597543,0.07704620808362961,6.132023554528132e-05,9.691438754089177e-05
0803,1.6,0.00784313725490196,blur_noise_jpeg,operator_1.2,4,0.005944420117884874,0.04878642410039902,4.2660103645175695e-05,6.845260213594884e-05
0803,1.6,0.00784313725490196,blur_noise_jpeg,operator_1.2,5,0.014825660735368729,0.03089204803109169,2.8816712074331008e-05,4.667152461479418e-05
0803,1.6,0.00784313725490196,blur_noise_jpeg,operator_1.2,6,0.03697589039802551,0.019561151042580605,1.6757547200541012e-05,3.289018786745146e-05
0803,1.6,0.00784313725490196,blur_noise_jpeg,operator_1.2,7,0.09221960604190826,0.012386314570903778,6.848782959423261e-06,2.710884109546896e-05
0803,1.6,0.00784313725490196,blur_noise_jpeg,operator_1.2,8,0.22999997437000275,0.007843137718737125,2.342450443393318e-06,2.502308961993549e-05
0803,1.6,0.00784313725490196,blur_noise_jpeg,rotation_90,1,0.0003831736685242504,0.1921568661928177,0.0003883071767631918,0.00023068532755132765
0803,1.6,0.00784313725490196,blur_noise_jpeg,rotation_90,2,0.0009556531440466642,0.12167562544345856,9.297863289248198e-05,0.00014943527639843524
0803,1.6,0.00784313725490196,blur_noise_jpeg,rotation_90,3,0.0023834437597543,0.07704620808362961,5.120519927004352e-05,0.00010328357893740758
0803,1.6,0.00784313725490196,blur_noise_jpeg,rotation_90,4,0.005944420117884874,0.04878642410039902,2.8825586923630908e-05,7.535990152973682e-05
0803,1.6,0.00784313725490196,blur_noise_jpeg,rotation_90,5,0.014825660735368729,0.03089204803109169,2.2851672838442028e-05,5.2567502279998735e-05
0803,1.6,0.00784313725490196,blur_noise_jpeg,rotation_90,6,0.03697589039802551,0.019561151042580605,1.7014093828038312e-05,3.4528096875874326e-05
0803,1.6,0.00784313725490196,blur_noise_jpeg,rotation_90,7,0.09221960604190826,0.012386314570903778,7.781866770528723e-06,2.6064381017931737e-05
0803,1.6,0.00784313725490196,blur_noise_jpeg,rotation_90,8,0.22999997437000275,0.007843137718737125,2.7244097964285174e-06,2.2912685381015763e-05
0803,1.6,0.00784313725490196,blur_noise_jpeg,rotation_180,1,0.0003831736685242504,0.1921568661928177,0.000382254394935444,0.00023218583373818547
0803,1.6,0.00784313725490196,blur_noise_jpeg,rotation_180,2,0.0009556531440466642,0.12167562544345856,9.909961227094755e-05,0.00014979092520661652
0803,1.6,0.00784313725490196,blur_noise_jpeg,rotation_180,3,0.0023834437597543,0.07704620808362961,4.906894901068881e-05,0.00010388839291408658
0803,1.6,0.00784313725490196,blur_noise_jpeg,rotation_180,4,0.005944420117884874,0.04878642410039902,3.0048386179259978e-05,7.524390093749389e-05
0803,1.6,0.00784313725490196,blur_noise_jpeg,rotation_180,5,0.014825660735368729,0.03089204803109169,2.3158312615123577e-05,5.2287225116742775e-05
0803,1.6,0.00784313725490196,blur_noise_jpeg,rotation_180,6,0.03697589039802551,0.019561151042580605,1.7013397155096754e-05,3.453324825386517e-05
0803,1.6,0.00784313725490196,blur_noise_jpeg,rotation_180,7,0.09221960604190826,0.012386314570903778,7.916200047475286e-06,2.6077534130308777e-05
0803,1.6,0.00784313725490196,blur_noise_jpeg,rotation_180,8,0.22999997437000275,0.007843137718737125,2.895264060498448e-06,2.2915543013368733e-05
0804,1.6,0.00784313725490196,blur_noise,nominal,1,0.0003831736685242504,0.1921568661928177,0.00033952007652260363,0.00033644362702034414
0804,1.6,0.00784313725490196,blur_noise,nominal,2,0.0009556531440466642,0.12167562544345856,9.176602907245979e-05,0.00019468060054350644
0804,1.6,0.00784313725490196,blur_noise,nominal,3,0.0023834437597543,0.07704620808362961,4.8006106226239353e-05,0.0001283310557482764
0804,1.6,0.00784313725490196,blur_noise,nominal,4,0.005944420117884874,0.04878642410039902,2.3144295482779853e-05,9.46275977184996e-05
0804,1.6,0.00784313725490196,blur_noise,nominal,5,0.014825660735368729,0.03089204803109169,1.2275795597815886e-05,7.611258479300886e-05
0804,1.6,0.00784313725490196,blur_noise,nominal,6,0.03697589039802551,0.019561151042580605,6.670436960121151e-06,6.55814801575616e-05
0804,1.6,0.00784313725490196,blur_noise,nominal,7,0.09221960604190826,0.012386314570903778,3.44544946528913e-06,5.989289638819173e-05
0804,1.6,0.00784313725490196,blur_noise,nominal,8,0.22999997437000275,0.007843137718737125,1.3796324083159561e-06,5.733132275054231e-05
0804,1.6,0.00784313725490196,blur_noise,oracle_blur,1,0.0003831736685242504,0.1921568661928177,0.0011646404163911939,0.0002627645735628903
0804,1.6,0.00784313725490196,blur_noise,oracle_blur,2,0.0009556531440466642,0.12167562544345856,0.00015066210471559316,0.00016134922043420374
0804,1.6,0.00784313725490196,blur_noise,oracle_blur,3,0.0023834437597543,0.07704620808362961,6.648441194556653e-05,0.00011207287025172263
0804,1.6,0.00784313725490196,blur_noise,oracle_blur,4,0.005944420117884874,0.04878642410039902,3.2568204915151e-05,8.530280319973826e-05
0804,1.6,0.00784313725490196,blur_noise,oracle_blur,5,0.014825660735368729,0.03089204803109169,1.6996898921206594e-05,7.097231718944386e-05
0804,1.6,0.00784313725490196,blur_noise,oracle_blur,6,0.03697589039802551,0.019561151042580605,8.483548299409449e-06,6.368204776663333e-05
0804,1.6,0.00784313725490196,blur_noise,oracle_blur,7,0.09221960604190826,0.012386314570903778,3.8083405797806336e-06,6.04466040385887e-05
0804,1.6,0.00784313725490196,blur_noise,oracle_blur,8,0.22999997437000275,0.007843137718737125,1.4060648254599073e-06,5.93067379668355e-05
0804,1.6,0.00784313725490196,blur_noise,operator_0.8,1,0.0003831736685242504,0.1921568661928177,0.00035426337854005396,0.00036392148467712104
0804,1.6,0.00784313725490196,blur_noise,operator_0.8,2,0.0009556531440466642,0.12167562544345856,8.749829430598766e-05,0.00020776453311555088
0804,1.6,0.00784313725490196,blur_noise,operator_0.8,3,0.0023834437597543,0.07704620808362961,4.2622865294106305e-05,0.00013487749674823135
0804,1.6,0.00784313725490196,blur_noise,operator_0.8,4,0.005944420117884874,0.04878642410039902,2.0584076992236078e-05,9.854373638518155e-05
0804,1.6,0.00784313725490196,blur_noise,operator_0.8,5,0.014825660735368729,0.03089204803109169,1.1652698049147148e-05,7.828953675925732e-05
0804,1.6,0.00784313725490196,blur_noise,operator_0.8,6,0.03697589039802551,0.019561151042580605,6.384734206221765e-06,6.668014248134568e-05
0804,1.6,0.00784313725490196,blur_noise,operator_0.8,7,0.09221960604190826,0.012386314570903778,3.398898343220935e-06,6.0021269746357575e-05
0804,1.6,0.00784313725490196,blur_noise,operator_0.8,8,0.22999997437000275,0.007843137718737125,1.462727027501387e-06,5.6642300478415564e-05
0804,1.6,0.00784313725490196,blur_noise,operator_1.2,1,0.0003831736685242504,0.1921568661928177,0.0003741392574738711,0.0003107638331130147
0804,1.6,0.00784313725490196,blur_noise,operator_1.2,2,0.0009556531440466642,0.12167562544345856,0.00010685281449696049,0.00018186355009675026
0804,1.6,0.00784313725490196,blur_noise,operator_1.2,3,0.0023834437597543,0.07704620808362961,5.292022251524031e-05,0.00012231088476255536
0804,1.6,0.00784313725490196,blur_noise,operator_1.2,4,0.005944420117884874,0.04878642410039902,2.571804725448601e-05,9.13088078959845e-05
0804,1.6,0.00784313725490196,blur_noise,operator_1.2,5,0.014825660735368729,0.03089204803109169,1.3445040167425759e-05,7.423367060255259e-05
0804,1.6,0.00784313725490196,blur_noise,operator_1.2,6,0.03697589039802551,0.019561151042580605,7.110656042641494e-06,6.475126428995281e-05
0804,1.6,0.00784313725490196,blur_noise,operator_1.2,7,0.09221960604190826,0.012386314570903778,3.4812976537068607e-06,5.998254709993489e-05
0804,1.6,0.00784313725490196,blur_noise,operator_1.2,8,0.22999997437000275,0.007843137718737125,1.3380201835389016e-06,5.8024706959258765e-05
0804,1.6,0.00784313725490196,blur_noise,rotation_90,1,0.0003831736685242504,0.1921568661928177,0.00034231197787448764,0.00034019831218756735
0804,1.6,0.00784313725490196,blur_noise,rotation_90,2,0.0009556531440466642,0.12167562544345856,9.800717089092359e-05,0.00019366067135706544
0804,1.6,0.00784313725490196,blur_noise,rotation_90,3,0.0023834437597543,0.07704620808362961,4.49596882390324e-05,0.00012895553663838655
0804,1.6,0.00784313725490196,blur_noise,rotation_90,4,0.005944420117884874,0.04878642410039902,2.3481916286982596e-05,9.490908996667713e-05
0804,1.6,0.00784313725490196,blur_noise,rotation_90,5,0.014825660735368729,0.03089204803109169,1.2794293979823124e-05,7.609280874021351e-05
0804,1.6,0.00784313725490196,blur_noise,rotation_90,6,0.03697589039802551,0.019561151042580605,6.693626801279606e-06,6.554712308570743e-05
0804,1.6,0.00784313725490196,blur_noise,rotation_90,7,0.09221960604190826,0.012386314570903778,3.4026427329081343e-06,5.988755219732411e-05
0804,1.6,0.00784313725490196,blur_noise,rotation_90,8,0.22999997437000275,0.007843137718737125,1.3563181937570334e-06,5.736011007684283e-05
0804,1.6,0.00784313725490196,blur_noise,rotation_180,1,0.0003831736685242504,0.1921568661928177,0.00033753906609490514,0.0003350436454638839
0804,1.6,0.00784313725490196,blur_noise,rotation_180,2,0.0009556531440466642,0.12167562544345856,9.131483238888904e-05,0.00019536561740096658
0804,1.6,0.00784313725490196,blur_noise,rotation_180,3,0.0023834437597543,0.07704620808362961,4.80747694382444e-05,0.00012856782996095717
0804,1.6,0.00784313725490196,blur_noise,rotation_180,4,0.005944420117884874,0.04878642410039902,2.3328593670157716e-05,9.48315137065947e-05
0804,1.6,0.00784313725490196,blur_noise,rotation_180,5,0.014825660735368729,0.03089204803109169,1.226617405336583e-05,7.609255408169702e-05
0804,1.6,0.00784313725490196,blur_noise,rotation_180,6,0.03697589039802551,0.019561151042580605,6.651095191045897e-06,6.558027234859765e-05
0804,1.6,0.00784313725490196,blur_noise,rotation_180,7,0.09221960604190826,0.012386314570903778,3.3933863505808404e-06,5.9910325944656506e-05
0804,1.6,0.00784313725490196,blur_noise,rotation_180,8,0.22999997437000275,0.007843137718737125,1.39018914069311e-06,5.7347180700162426e-05
0804,1.6,0.00784313725490196,blur_noise_jpeg,nominal,1,0.0003831736685242504,0.1921568661928177,0.00047060393262654543,0.0003316710062790662
0804,1.6,0.00784313725490196,blur_noise_jpeg,nominal,2,0.0009556531440466642,0.12167562544345856,0.00014491799811366946,0.0001786646171240136
0804,1.6,0.00784313725490196,blur_noise_jpeg,nominal,3,0.0023834437597543,0.07704620808362961,7.343901961576194e-05,0.00010568050493020564
0804,1.6,0.00784313725490196,blur_noise_jpeg,nominal,4,0.005944420117884874,0.04878642410039902,3.7278939998941496e-05,6.654676690232009e-05
0804,1.6,0.00784313725490196,blur_noise_jpeg,nominal,5,0.014825660735368729,0.03089204803109169,2.1701742298319004e-05,4.283213638700545e-05
0804,1.6,0.00784313725490196,blur_noise_jpeg,nominal,6,0.03697589039802551,0.019561151042580605,1.232277736562537e-05,2.8872487746411934e-05
0804,1.6,0.00784313725490196,blur_noise_jpeg,nominal,7,0.09221960604190826,0.012386314570903778,5.226955636317143e-06,2.2366453777067363e-05
0804,1.6,0.00784313725490196,blur_noise_jpeg,nominal,8,0.22999997437000275,0.007843137718737125,1.7956564306587097e-06,1.9936111129936762e-05
0804,1.6,0.00784313725490196,blur_noise_jpeg,oracle_blur,1,0.0003831736685242504,0.1921568661928177,0.0015744911506772041,0.00022099772468209267
0804,1.6,0.00784313725490196,blur_noise_jpeg,oracle_blur,2,0.0009556531440466642,0.12167562544345856,0.00022079770860727876,0.00012341122783254832
0804,1.6,0.00784313725490196,blur_noise_jpeg,oracle_blur,3,0.0023834437597543,0.07704620808362961,9.551457333145663e-05,7.732649828540161e-05
0804,1.6,0.00784313725490196,blur_noise_jpeg,oracle_blur,4,0.005944420117884874,0.04878642410039902,4.728355634142645e-05,5.118041735840961e-05
0804,1.6,0.00784313725490196,blur_noise_jpeg,oracle_blur,5,0.014825660735368729,0.03089204803109169,2.3586890165461227e-05,3.6707817343994975e-05
0804,1.6,0.00784313725490196,blur_noise_jpeg,oracle_blur,6,0.03697589039802551,0.019561151042580605,1.1268498383287806e-05,2.950503221654799e-05
0804,1.6,0.00784313725490196,blur_noise_jpeg,oracle_blur,7,0.09221960604190826,0.012386314570903778,4.2526112338237e-06,2.6889505534199998e-05
0804,1.6,0.00784313725490196,blur_noise_jpeg,oracle_blur,8,0.22999997437000275,0.007843137718737125,1.5694114381403779e-06,2.6089797756867483e-05
0804,1.6,0.00784313725490196,blur_noise_jpeg,operator_0.8,1,0.0003831736685242504,0.1921568661928177,0.0003455032128840685,0.00034786603646352887
0804,1.6,0.00784313725490196,blur_noise_jpeg,operator_0.8,2,0.0009556531440466642,0.12167562544345856,9.02859028428793e-05,0.00019223225535824895
0804,1.6,0.00784313725490196,blur_noise_jpeg,operator_0.8,3,0.0023834437597543,0.07704620808362961,6.076851423131302e-05,0.00011595554678933695
0804,1.6,0.00784313725490196,blur_noise_jpeg,operator_0.8,4,0.005944420117884874,0.04878642410039902,3.60210906364955e-05,7.391379040200263e-05
0804,1.6,0.00784313725490196,blur_noise_jpeg,operator_0.8,5,0.014825660735368729,0.03089204803109169,2.0558489268296398e-05,4.745057231048122e-05
0804,1.6,0.00784313725490196,blur_noise_jpeg,operator_0.8,6,0.03697589039802551,0.019561151042580605,1.19069627544377e-05,3.054501212318428e-05
0804,1.6,0.00784313725490196,blur_noise_jpeg,operator_0.8,7,0.09221960604190826,0.012386314570903778,5.564635557675501e-06,2.1674944946425967e-05
0804,1.6,0.00784313725490196,blur_noise_jpeg,operator_0.8,8,0.22999997437000275,0.007843137718737125,1.8750565686787013e-06,1.8123899280908518e-05
0804,1.6,0.00784313725490196,blur_noise_jpeg,operator_1.2,1,0.0003831736685242504,0.1921568661928177,0.00046072457917034626,0.00029139098478481174
0804,1.6,0.00784313725490196,blur_noise_jpeg,operator_1.2,2,0.0009556531440466642,0.12167562544345856,0.00014938419917598367,0.00015765466378070414
0804,1.6,0.00784313725490196,blur_noise_jpeg,operator_1.2,3,0.0023834437597543,0.07704620808362961,7.832760456949472e-05,9.478613355895504e-05
0804,1.6,0.00784313725490196,blur_noise_jpeg,operator_1.2,4,0.005944420117884874,0.04878642410039902,4.3954321881756186e-05,5.9866997617064044e-05
0804,1.6,0.00784313725490196,blur_noise_jpeg,operator_1.2,5,0.014825660735368729,0.03089204803109169,2.3660333681618795e-05,3.982743146480061e-05
0804,1.6,0.00784313725490196,blur_noise_jpeg,operator_1.2,6,0.03697589039802551,0.019561151042580605,1.1881939826707821e-05,2.8670430765487254e-05
0804,1.6,0.00784313725490196,blur_noise_jpeg,operator_1.2,7,0.09221960604190826,0.012386314570903778,4.751157575810794e-06,2.3905995476525277e-05
0804,1.6,0.00784313725490196,blur_noise_jpeg,operator_1.2,8,0.22999997437000275,0.007843137718737125,1.6515697325303336e-06,2.2261216145125218e-05
0804,1.6,0.00784313725490196,blur_noise_jpeg,rotation_90,1,0.0003831736685242504,0.1921568661928177,0.0004688050539698452,0.00033236044691875577
0804,1.6,0.00784313725490196,blur_noise_jpeg,rotation_90,2,0.0009556531440466642,0.12167562544345856,0.00015004209126345813,0.00017777387984097004
0804,1.6,0.00784313725490196,blur_noise_jpeg,rotation_90,3,0.0023834437597543,0.07704620808362961,7.08485022187233e-05,0.00010593260958557948
0804,1.6,0.00784313725490196,blur_noise_jpeg,rotation_90,4,0.005944420117884874,0.04878642410039902,3.7754882214358076e-05,6.67788481223397e-05
0804,1.6,0.00784313725490196,blur_noise_jpeg,rotation_90,5,0.014825660735368729,0.03089204803109169,2.2072541469242424e-05,4.269406053936109e-05
0804,1.6,0.00784313725490196,blur_noise_jpeg,rotation_90,6,0.03697589039802551,0.019561151042580605,1.2250812687852886e-05,2.8836815545218997e-05
0804,1.6,0.00784313725490196,blur_noise_jpeg,rotation_90,7,0.09221960604190826,0.012386314570903778,5.192707703827182e-06,2.2324256860883906e-05
0804,1.6,0.00784313725490196,blur_noise_jpeg,rotation_90,8,0.22999997437000275,0.007843137718737125,1.800216296032886e-06,1.9935809177695774e-05
0804,1.6,0.00784313725490196,blur_noise_jpeg,rotation_180,1,0.0003831736685242504,0.1921568661928177,0.00047286588232964277,0.00033005644218064845
0804,1.6,0.00784313725490196,blur_noise_jpeg,rotation_180,2,0.0009556531440466642,0.12167562544345856,0.000142439515911974,0.0001787296641850844
0804,1.6,0.00784313725490196,blur_noise_jpeg,rotation_180,3,0.0023834437597543,0.07704620808362961,7.30346655473113e-05,0.00010567648860160261
0804,1.6,0.00784313725490196,blur_noise_jpeg,rotation_180,4,0.005944420117884874,0.04878642410039902,3.782436760957353e-05,6.639912317041308e-05
0804,1.6,0.00784313725490196,blur_noise_jpeg,rotation_180,5,0.014825660735368729,0.03089204803109169,2.1647201720043086e-05,4.280181383364834e-05
0804,1.6,0.00784313725490196,blur_noise_jpeg,rotation_180,6,0.03697589039802551,0.019561151042580605,1.2218312804179732e-05,2.882062290154863e-05
0804,1.6,0.00784313725490196,blur_noise_jpeg,rotation_180,7,0.09221960604190826,0.012386314570903778,5.121756657899823e-06,2.2403906768886372e-05
0804,1.6,0.00784313725490196,blur_noise_jpeg,rotation_180,8,0.22999997437000275,0.007843137718737125,1.8454071550877416e-06,1.995361344597768e-05
