chain_id,method,sources,mean_mse,mse_bootstrap_ci_low,mse_bootstrap_ci_high,mean_psnr_db,psnr_db_bootstrap_ci_low,psnr_db_bootstrap_ci_high,mean_detail_mse,detail_mse_bootstrap_ci_low,detail_mse_bootstrap_ci_high,mean_bad_detail_rate_0.025,bad_detail_rate_0.025_bootstrap_ci_low,bad_detail_rate_0.025_bootstrap_ci_high,mean_bad_detail_rate_0.05,bad_detail_rate_0.05_bootstrap_ci_low,bad_detail_rate_0.05_bootstrap_ci_high,mean_bad_detail_rate_0.1,bad_detail_rate_0.1_bootstrap_ci_low,bad_detail_rate_0.1_bootstrap_ci_high
j50_b16_n2,dpir_nominal,40,0.0009474087868729601,0.000714508204737217,0.001222641936744082,31.66024736193926,30.555685973329535,32.750719723836085,0.000728796967776022,0.0005301939496658864,0.0009624564829394836,0.200244140625,0.148997802734375,0.25966796875,0.1001708984375,0.0703607177734375,0.1346685791015625,0.007421875,0.0039544677734375,0.0120361328125
j50_b16_n2,fbcnn,40,0.00019720480096830007,0.0001492543951084939,0.00025416028310391923,38.42512066745997,37.32896768693955,39.471858156925826,1.7223044507770066e-05,1.2150016840191395e-05,2.3272199326376402e-05,2.44140625e-05,0.0,7.32421875e-05,0.0,0.0,0.0,0.0,0.0,0.0
j50_b16_n2,fbcnn_dpir_nominal,40,0.00013429425671932708,0.00010435147406254218,0.0001698069030535422,39.8605509647645,38.859234181258785,40.82050460828365,1.4494509337167319e-05,1.0405877880153316e-05,1.9344876418059833e-05,0.0,0.0,0.0,0.0,0.0,0.0,0.0,0.0,0.0
j50_b16_n2,fbcnn_gradient_nominal,40,0.000142533417387292,0.00010982888069129616,0.00018132952094479835,39.65689445445376,38.6353232888588,40.63254788111557,1.5203655048428907e-05,1.0878391752609307e-05,2.0333853421873643e-05,0.0,0.0,0.0,0.0,0.0,0.0,0.0,0.0,0.0
j50_b16_n2,gradient_nominal,40,0.00020361732427503351,0.00016888038481745725,0.0002444064073002614,37.563003948469884,36.80895243250548,38.25950647248206,3.184907615610306e-05,2.616704246207277e-05,3.853829833163728e-05,2.44140625e-05,0.0,7.32421875e-05,0.0,0.0,0.0,0.0,0.0,0.0
j50_b16_n2,observed,40,0.00023783554102565328,0.00018839359488771114,0.0002956882459573294,37.17626472546462,36.27409899780214,38.0080100618363,3.394282067703563e-05,2.7442187466301572e-05,4.1587877967844314e-05,4.8828125e-05,0.0,0.0001220703125,0.0,0.0,0.0,0.0,0.0,0.0
j75_b12_n2,dpir_nominal,40,0.00023803954909625702,0.00017479556250631615,0.00031538550209079836,37.93783863066655,36.72303323347836,39.160939881633674,0.00017619354899722818,0.00011971753042285514,0.0002441809084028257,0.059521484375,0.0397216796875,0.08308166503906249,0.0208251953125,0.0124017333984375,0.030933227539062493,0.000732421875,0.0001220703125,0.0015869140625
j75_b12_n2,fbcnn,40,8.981189467700669e-05,6.837561541607693e-05,0.00011495213025385656,41.76445208294275,40.701596987670776,42.77522084952443,1.134712906878065e-05,8.285974948515908e-06,1.4918384684198567e-05,0.0,0.0,0.0,0.0,0.0,0.0,0.0,0.0,0.0
j75_b12_n2,fbcnn_dpir_nominal,40,4.7208280848582176e-05,3.865488949931977e-05,5.679079188296741e-05,44.05140007992658,43.201424384272364,44.886346597844934,8.332917226891245e-06,6.381573891439461e-06,1.0553636232583889e-05,0.0,0.0,0.0,0.0,0.0,0.0,0.0,0.0,0.0
j75_b12_n2,fbcnn_gradient_nominal,40,5.303495435839271e-05,4.293830550104416e-05,6.467671591439854e-05,43.592047114506414,42.718955723922484,44.422130308767365,9.356869969517502e-06,7.1783293796506106e-06,1.1848894069534522e-05,0.0,0.0,0.0,0.0,0.0,0.0,0.0,0.0,0.0
j75_b12_n2,gradient_nominal,40,8.321677979928124e-05,7.215772138936999e-05,9.593849199543468e-05,41.19786977706558,40.603150528994,41.75527343342446,1.9699202045404078e-05,1.662165607452426e-05,2.3211307850475945e-05,0.0,0.0,0.0,0.0,0.0,0.0,0.0,0.0,0.0
j75_b12_n2,observed,40,0.00011244413245567065,9.008167397129282e-05,0.00013848829596953377,40.33659734141521,39.482008258308305,41.123116382950556,2.3168417623366315e-05,1.9062250330031275e-05,2.7968830390608476e-05,0.0,0.0,0.0,0.0,0.0,0.0,0.0,0.0,0.0
j75_b16_n2,dpir_nominal,40,0.0002413466876498629,0.00018013630502387894,0.00031464313170840783,37.70868809808361,36.54689967428819,38.86726930939379,0.00012952713644371567,8.61393947391747e-05,0.00018108094653901426,0.041015625,0.0260736083984375,0.05822814941406249,0.0135498046875,0.00732421875,0.0210205078125,0.000537109375,9.765625e-05,0.001123046875
j75_b16_n2,fbcnn,40,0.00017311685344494472,0.00012829776340373832,0.00022592698057733547,39.19021353877055,37.997180535010095,40.328228209731606,1.6150109574092786e-05,1.1430245929280735e-05,2.1750928884519036e-05,0.0,0.0,0.0,0.0,0.0,0.0,0.0,0.0,0.0
j75_b16_n2,fbcnn_dpir_nominal,40,0.00010633132468434287,8.11352447339073e-05,0.0001362935599660048,41.05874986939967,39.9712070828798,42.10358148904285,1.2783605059686664e-05,9.221624990807145e-06,1.696628832413491e-05,0.0,0.0,0.0,0.0,0.0,0.0,0.0,0.0,0.0
j75_b16_n2,fbcnn_gradient_nominal,40,0.00011578337668841387,8.746123427947394e-05,0.00014900546551619855,40.73374142522474,39.63541268027468,41.78134640984348,1.3904047365462143e-05,1.006351907514721e-05,1.8425903837486094e-05,0.0,0.0,0.0,0.0,0.0,0.0,0.0,0.0,0.0
j75_b16_n2,gradient_nominal,40,0.00014695722372073836,0.00011760062010466683,0.00018120798642082942,39.184029805228874,38.32223837347635,39.97421221717838,2.3595761416003974e-05,1.9082903521408293e-05,2.889879732016865e-05,0.0,0.0,0.0,0.0,0.0,0.0,0.0,0.0,0.0
j75_b16_n2,observed,40,0.00019571610015275384,0.00014990303445803495,0.0002489654670322961,38.285593963024226,37.27114124861597,39.240858252445804,2.6939504290040998e-05,2.1436518819767654e-05,3.348673930618164e-05,2.44140625e-05,0.0,7.32421875e-05,0.0,0.0,0.0,0.0,0.0,0.0
j75_b16_n5,dpir_nominal,40,0.0009697566274367326,0.0008711988467294074,0.0010922921030967051,30.36650771233526,29.92278693693773,30.762974727703476,0.00060543668214079,0.0005322634591024237,0.0006983978517503631,0.2525390625,0.2177001953125,0.29279907226562496,0.0332763671875,0.021826171875,0.048169555664062495,0.0015380859375,0.000927734375,0.002294921875
j75_b16_n5,fbcnn,40,0.0002066615181222289,0.000162166340188339,0.0002590727801955602,37.84591475541866,36.9325762112527,38.693887459562696,2.7143334145616545e-05,2.2574524531116354e-05,3.25681258399636e-05,0.0,0.0,0.0,0.0,0.0,0.0,0.0,0.0,0.0
j75_b16_n5,fbcnn_dpir_nominal,40,0.00021795143642359,0.0001912498023544825,0.00024858791178254366,36.94302048394481,36.41046161984835,37.440162676069235,6.025816226325525e-05,5.4980329450367566e-05,6.630604519368636e-05,0.000244140625,4.8828125e-05,0.0005126953125,0.0,0.0,0.0,0.0,0.0,0.0
j75_b16_n5,fbcnn_gradient_nominal,40,0.00017829875730914708,0.00015022158784175802,0.00021141613686649052,38.008281381808665,37.34173444371911,38.609117348193145,3.27434520717557e-05,2.8970068871089003e-05,3.720043874944345e-05,0.0,0.0,0.0,0.0,0.0,0.0,0.0,0.0,0.0
j75_b16_n5,gradient_nominal,40,0.000279904385232265,0.00025166706932394997,0.000313018138912064,35.74401902245097,35.31169934965152,36.12393316650999,6.331361216602566e-05,5.905337296126329e-05,6.82726168726247e-05,0.0,0.0,0.0,0.0,0.0,0.0,0.0,0.0,0.0
j75_b16_n5,observed,40,0.00027732009232596746,0.00023236293801275163,0.00032941518488039013,36.1088953593047,35.43568152339865,36.710916753084135,5.8893968555064114e-05,5.36002354435057e-05,6.512826812384751e-05,7.32421875e-05,0.0,0.0001953125,0.0,0.0,0.0,0.0,0.0,0.0
j75_b20_n2,dpir_nominal,40,0.0003145098629472045,0.00023878527197315814,0.0004044811334732553,36.47743752703417,35.320316907568966,37.61885015174056,0.00010117609226048028,6.951443605851086e-05,0.00013813619900313458,0.0317626953125,0.0200921630859375,0.0450439453125,0.009326171875,0.004906616210937501,0.014575805664062491,0.0001220703125,0.0,0.00029296875
j75_b20_n2,fbcnn,40,0.0002932751022382226,0.00021660831948401877,0.0003843599641708698,36.989734194692446,35.76342758614915,38.167014796120746,2.0840172474782947e-05,1.45143171433459e-05,2.834514249146838e-05,9.765625e-05,0.0,0.000244140625,0.0,0.0,0.0,0.0,0.0,0.0
j75_b20_n2,fbcnn_dpir_nominal,40,0.0002172638726063919,0.00016141675713990186,0.0002834672474281139,38.21834116503959,37.015222124993336,39.36845565122839,1.8252661089131958e-05,1.2790724008904015e-05,2.4776339671214896e-05,4.8828125e-05,0.0,0.0001220703125,0.0,0.0,0.0,0.0,0.0,0.0
j75_b20_n2,fbcnn_gradient_nominal,40,0.00022651851973267152,0.0001675216975049074,0.00029612260787322,38.052937886588595,36.8487890246727,39.19904852538572,1.9082036129783218e-05,1.3432554037939886e-05,2.5820161576845443e-05,7.32421875e-05,0.0,0.0001953125,0.0,0.0,0.0,0.0,0.0,0.0
j75_b20_n2,gradient_nominal,40,0.0002575042776265357,0.0001976454375914614,0.000327043184683304,37.093997751350294,36.07401047813589,38.046939467690734,2.8137884110822786e-05,2.195389046763107e-05,3.5490086429839753e-05,7.32421875e-05,0.0,0.0001953125,0.0,0.0,0.0,0.0,0.0,0.0
j75_b20_n2,observed,40,0.0003152327771585524,0.00023743206612284585,0.00040635852332174835,36.41028961146667,35.29971552910776,37.460224577857495,3.0752391204078456e-05,2.3833986450113275e-05,3.8967640013833226e-05,9.765625e-05,0.0,0.000244140625,0.0,0.0,0.0,0.0,0.0,0.0
j90_b16_n2,dpir_nominal,40,9.47443270138282e-05,7.17361197035547e-05,0.00012188013936512548,41.58893290438346,40.494732194251256,42.63585000679685,1.4229421484831504e-05,1.0713655325433828e-05,1.827253538281543e-05,0.0002197265625,2.44140625e-05,0.00048828125,0.0,0.0,0.0,0.0,0.0,0.0
j90_b16_n2,fbcnn,40,0.00016370267161542473,0.0001204057885324762,0.0002144650040161401,39.47378270895467,38.27142275836859,40.606408352558546,1.6821517731573217e-05,1.2367400926556815e-05,2.2104342094334364e-05,0.0,0.0,0.0,0.0,0.0,0.0,0.0,0.0,0.0
j90_b16_n2,fbcnn_dpir_nominal,40,9.138075197171947e-05,6.822340382897754e-05,0.00011875434879105739,41.90458520832024,40.7359043906092,43.023525598443285,1.1695448250451772e-05,8.452044303582278e-06,1.5478385059515584e-05,0.0,0.0,0.0,0.0,0.0,0.0,0.0,0.0,0.0
j90_b16_n2,fbcnn_gradient_nominal,40,0.00010699660819665038,8.0955547652663e-05,0.000137732945507696,40.97922774602849,39.9377462172315,41.94716132802981,1.5186273013281104e-05,1.1759011006662274e-05,1.9216553001746904e-05,0.0,0.0,0.0,0.0,0.0,0.0,0.0,0.0,0.0
j90_b16_n2,gradient_nominal,40,0.00013126901223502378,0.0001053233972874322,0.00016154398732974557,39.613748270360816,38.79479743945603,40.355265720352236,2.34392565417341e-05,1.9892167433620105e-05,2.7644196743338382e-05,0.0,0.0,0.0,0.0,0.0,0.0,0.0,0.0,0.0
j90_b16_n2,observed,40,0.00018328031026349623,0.00013980805422575602,0.0002338976106688572,38.594041719075605,37.576843681980286,39.539483096743616,2.7046988557716397e-05,2.2274265906087107e-05,3.271101972651868e-05,0.0,0.0,0.0,0.0,0.0,0.0,0.0,0.0,0.0
q8_b16_n2,dpir_nominal,40,8.580707922638676e-05,6.354642859508949e-05,0.00011202870067026091,42.250725581752725,41.05164331097767,43.38879645869053,1.107117040149789e-05,7.983339091960802e-06,1.469309774859486e-05,0.0,0.0,0.0,0.0,0.0,0.0,0.0,0.0,0.0
q8_b16_n2,fbcnn,40,0.00016687190259027853,0.00012380767475200584,0.0002176138241540843,39.29209889443372,38.13422190991303,40.37268788923883,2.155851421330871e-05,1.7206724262069407e-05,2.6718101650454076e-05,0.0,0.0,0.0,0.0,0.0,0.0,0.0,0.0,0.0
q8_b16_n2,fbcnn_dpir_nominal,40,8.850612689375399e-05,6.556673910964068e-05,0.00011572437465082445,42.1196057288062,40.91923754623761,43.26427428303755,1.1350774945691737e-05,8.18961766603163e-06,1.5056200444755423e-05,0.0,0.0,0.0,0.0,0.0,0.0,0.0,0.0,0.0
q8_b16_n2,fbcnn_gradient_nominal,40,0.00010449781251606013,7.860612160646235e-05,0.00013515075019466887,41.129429825006014,40.061934466989726,42.11312721871187,1.5842207249584842e-05,1.248969035650752e-05,1.978713515517525e-05,0.0,0.0,0.0,0.0,0.0,0.0,0.0,0.0,0.0
q8_b16_n2,gradient_nominal,40,0.00012722771509495145,0.00010205513189446972,0.00015683338023471862,39.74754026127344,38.936439459322436,40.484700396815875,2.6093352645634918e-05,2.283807570960094e-05,2.9947979241048773e-05,0.0,0.0,0.0,0.0,0.0,0.0,0.0,0.0,0.0
q8_b16_n2,observed,40,0.00021534925189729983,0.0001725320128435957,0.00026549809587986196,37.49219868198624,36.67060336731245,38.244790204701644,6.150798820039388e-05,5.708088212006955e-05,6.674664200837421e-05,4.8828125e-05,0.0,0.0001220703125,0.0,0.0,0.0,0.0,0.0,0.0
