source_id,stage,stage_index,model,elapsed_seconds,denoiser_calls,input_height,input_width,clipped_fraction,peak_cuda_allocated_mib,process_peak_rss_mib
0801,linear_float,0,gradient_nominal,0.06806002300004366,0,,,,,
0801,linear_float,0,dpir_nominal,3.1730377889998636,8,576.0,576.0,0.0,636.62548828125,1506.08203125
0801,linear_float,0,dpir_oracle_blur,2.6712409560000197,8,576.0,576.0,0.0003215020406059921,636.31298828125,1517.58203125
0801,linear_float,0,drunet_denoise_only,0.3405604089998633,1,576.0,576.0,0.0,618.43798828125,1528.859375
0801,clipped_float,1,gradient_nominal,0.07166394199998649,0,,,,,
0801,clipped_float,1,dpir_nominal,2.761488606000057,8,576.0,576.0,0.0,636.31298828125,1600.984375
0801,clipped_float,1,dpir_oracle_blur,2.712606163999908,8,576.0,576.0,0.0003235114272683859,636.31298828125,1600.984375
0801,clipped_float,1,drunet_denoise_only,0.34115822700005083,1,576.0,576.0,0.0,618.43798828125,1601.109375
0801,quantized_8bit,2,gradient_nominal,0.08627573300009317,0,,,,,
0801,quantized_8bit,2,dpir_nominal,2.8195347910000237,8,576.0,576.0,0.0,636.31298828125,1608.74609375
0801,quantized_8bit,2,dpir_oracle_blur,2.7331253390000256,8,576.0,576.0,0.0003285348939243704,636.31298828125,1608.74609375
0801,quantized_8bit,2,drunet_denoise_only,0.3420700119997946,1,576.0,576.0,0.0,618.43798828125,1608.74609375
0801,jpeg_q75,3,gradient_nominal,0.06740174599985949,0,,,,,
0801,jpeg_q75,3,dpir_nominal,2.815716279000071,8,576.0,576.0,0.001252853311598301,636.31298828125,1616.32421875
0801,jpeg_q75,3,dpir_oracle_blur,2.7623897840001064,8,576.0,576.0,0.0012518486473709345,636.31298828125,1616.32421875
0801,jpeg_q75,3,drunet_denoise_only,0.346669219999967,1,576.0,576.0,0.0,618.43798828125,1616.32421875
0802,linear_float,0,gradient_nominal,0.06612236499995561,0,,,,,
0802,linear_float,0,dpir_nominal,2.8206511189998764,8,576.0,576.0,0.0,636.31298828125,1646.6796875
0802,linear_float,0,dpir_oracle_blur,2.7712731720000647,8,576.0,576.0,1.8084490875480697e-05,636.31298828125,1646.6796875
0802,linear_float,0,drunet_denoise_only,0.3482908359999328,1,576.0,576.0,0.0,618.43798828125,1646.6796875
0802,clipped_float,1,gradient_nominal,0.06279089800000293,0,,,,,
0802,clipped_float,1,dpir_nominal,2.854290366999976,8,576.0,576.0,0.0,636.31298828125,1646.6796875
0802,clipped_float,1,dpir_oracle_blur,2.787699413999917,8,576.0,576.0,1.707979572529439e-05,636.31298828125,1646.8046875
0802,clipped_float,1,drunet_denoise_only,0.3523344039999756,1,576.0,576.0,0.0,618.43798828125,1646.8046875
0802,quantized_8bit,2,gradient_nominal,0.06623407899996892,0,,,,,
0802,quantized_8bit,2,dpir_nominal,2.871813277000001,8,576.0,576.0,0.0,636.31298828125,1646.8046875
0802,quantized_8bit,2,dpir_oracle_blur,2.817818478999925,8,576.0,576.0,1.90891842066776e-05,636.31298828125,1646.8046875
0802,quantized_8bit,2,drunet_denoise_only,0.3546783750000486,1,576.0,576.0,0.0,618.43798828125,1646.8046875
0802,jpeg_q75,3,gradient_nominal,0.0653423119999843,0,,,,,
0802,jpeg_q75,3,dpir_nominal,2.8968167559999074,8,576.0,576.0,0.004227751865983009,636.31298828125,1646.9296875
0802,jpeg_q75,3,dpir_oracle_blur,2.83755181000015,8,576.0,576.0,0.013262963853776455,636.31298828125,1646.9296875
0802,jpeg_q75,3,drunet_denoise_only,0.35435285400012617,1,576.0,576.0,0.00023409367713611573,618.43798828125,1646.9296875
0803,linear_float,0,gradient_nominal,0.06224637600007554,0,,,,,
0803,linear_float,0,dpir_nominal,2.8963106920000428,8,576.0,576.0,2.0093877992621856e-06,636.31298828125,1646.9296875
0803,linear_float,0,dpir_oracle_blur,2.860821443999839,8,576.0,576.0,0.0004571357276290655,636.31298828125,1646.9296875
0803,linear_float,0,drunet_denoise_only,0.3596235960001195,1,576.0,576.0,0.0,618.43798828125,1646.9296875
0803,clipped_float,1,gradient_nominal,0.0704464079999525,0,,,,,
0803,clipped_float,1,dpir_nominal,2.9239835969999604,8,576.0,576.0,2.0093877992621856e-06,636.31298828125,1646.9296875
0803,clipped_float,1,dpir_oracle_blur,2.8722124050000275,8,576.0,576.0,0.0003345630830153823,636.31298828125,1646.9296875
0803,clipped_float,1,drunet_denoise_only,0.36239423500001067,1,576.0,576.0,0.0,618.43798828125,1646.9296875
0803,quantized_8bit,2,gradient_nominal,0.06913523200000782,0,,,,,
0803,quantized_8bit,2,dpir_nominal,2.963949937000052,8,576.0,576.0,1.0046938996310928e-06,636.31298828125,1646.9296875
0803,quantized_8bit,2,dpir_oracle_blur,2.895542578000004,8,576.0,576.0,0.0003426006296649575,636.31298828125,1646.9296875
0803,quantized_8bit,2,drunet_denoise_only,0.36346012700005303,1,576.0,576.0,0.0,618.43798828125,1646.9296875
0803,jpeg_q75,3,gradient_nominal,0.06673101100000167,0,,,,,
0803,jpeg_q75,3,dpir_nominal,2.953365086000076,8,576.0,576.0,0.0024574813432991505,636.31298828125,1646.9296875
0803,jpeg_q75,3,dpir_oracle_blur,2.9064502139999604,8,576.0,576.0,0.008511766791343689,636.31298828125,1646.9296875
0803,jpeg_q75,3,drunet_denoise_only,0.3633458960000553,1,576.0,576.0,2.0093877537874505e-05,618.43798828125,1646.9296875
0804,linear_float,0,gradient_nominal,0.067531130000134,0,,,,,
0804,linear_float,0,dpir_nominal,3.004988906000108,8,576.0,576.0,0.0,636.31298828125,1646.9296875
0804,linear_float,0,dpir_oracle_blur,2.920555379999996,8,576.0,576.0,8.238489681389183e-05,636.31298828125,1646.9296875
0804,linear_float,0,drunet_denoise_only,0.3678853530000197,1,576.0,576.0,1.0046938996310928e-06,618.43798828125,1646.9296875
0804,clipped_float,1,gradient_nominal,0.06314767800017762,0,,,,,
0804,clipped_float,1,dpir_nominal,2.9879999689999295,8,576.0,576.0,0.0,636.31298828125,1646.9296875
0804,clipped_float,1,dpir_oracle_blur,2.959838062000017,8,576.0,576.0,6.128632958279923e-05,636.31298828125,1646.9296875
0804,clipped_float,1,drunet_denoise_only,0.3745038399999885,1,576.0,576.0,0.0,618.43798828125,1646.9296875
0804,quantized_8bit,2,gradient_nominal,0.06817776799994135,0,,,,,
0804,quantized_8bit,2,dpir_nominal,3.0481082300000253,8,576.0,576.0,0.0,636.31298828125,1646.9296875
0804,quantized_8bit,2,dpir_oracle_blur,2.996007496999937,8,576.0,576.0,6.0281632613623515e-05,636.31298828125,1646.9296875
0804,quantized_8bit,2,drunet_denoise_only,0.3804173719997834,1,576.0,576.0,0.0,618.43798828125,1646.9296875
0804,jpeg_q75,3,gradient_nominal,0.0641009529999792,0,,,,,
0804,jpeg_q75,3,dpir_nominal,3.052469353000106,8,576.0,576.0,0.0007816518773324788,636.31298828125,1646.9296875
0804,jpeg_q75,3,dpir_oracle_blur,3.0482035720001477,8,576.0,576.0,0.0018596884328871965,636.31298828125,1646.9296875
0804,jpeg_q75,3,drunet_denoise_only,0.37741393999999673,1,576.0,576.0,1.0046938996310928e-06,618.43798828125,1646.9296875
