source_id,stage,stage_index,model,mse,psnr_db,detail_mse,bad_detail_rate_0.025,bad_detail_rate_0.05,bad_detail_rate_0.1
0801,linear_float,0,observed,0.0005517382981011453,32.58266869084283,0.0001973661827290087,0.0703125,0.0009765625,0.0
0801,linear_float,0,gradient_nominal,0.00040238448320535603,33.953587749407504,0.0001530425182053485,0.0537109375,0.0009765625,0.0
0801,linear_float,0,drunet_denoise_only,0.0005081697899717747,32.939911567562,0.00015455096743861198,0.0615234375,0.0009765625,0.0
0801,linear_float,0,dpir_nominal,0.00034826043643405256,34.580958600646426,0.00013528801732669296,0.0498046875,0.0,0.0
0801,linear_float,0,dpir_oracle_blur,0.00016456677485542575,37.83657841988086,9.912671429833074e-05,0.015625,0.0,0.0
0801,clipped_float,1,observed,0.0005517382981011453,32.58266869084283,0.0001973661827290087,0.0703125,0.0009765625,0.0
0801,clipped_float,1,gradient_nominal,0.00040238085310318253,33.95362692935902,0.0001530410235936804,0.0537109375,0.0009765625,0.0
0801,clipped_float,1,drunet_denoise_only,0.0005081702100005029,32.93990797789399,0.00015455102377037158,0.0615234375,0.0009765625,0.0
0801,clipped_float,1,dpir_nominal,0.00034826015266307796,34.58096213938369,0.00013528781424007076,0.0498046875,0.0,0.0
0801,clipped_float,1,dpir_oracle_blur,0.0001645649961998374,37.83662535915413,9.912582074506396e-05,0.015625,0.0,0.0
0801,quantized_8bit,2,observed,0.0005529998110514886,32.572750170846504,0.00019831548499507745,0.0703125,0.0009765625,0.0
0801,quantized_8bit,2,gradient_nominal,0.0004031678301951835,33.9451412866099,0.0001533444943355442,0.0537109375,0.0009765625,0.0
0801,quantized_8bit,2,drunet_denoise_only,0.000508189901610744,32.93973969191797,0.00015453466216506633,0.0615234375,0.0009765625,0.0
0801,quantized_8bit,2,dpir_nominal,0.00034820394771385737,34.581663094374534,0.00013526395687544273,0.0498046875,0.0,0.0
0801,quantized_8bit,2,dpir_oracle_blur,0.00016498295552684698,37.825609206527176,9.923717494132928e-05,0.017578125,0.0,0.0
0801,jpeg_q75,3,observed,0.0005401965469698654,32.6744819622544,0.0001663694330681154,0.064453125,0.0009765625,0.0
0801,jpeg_q75,3,gradient_nominal,0.00043308017122318994,33.634317001895525,0.0001552780874919902,0.056640625,0.0009765625,0.0
0801,jpeg_q75,3,drunet_denoise_only,0.0005274911576935355,32.77784816024755,0.00015781596834698407,0.0634765625,0.0009765625,0.0
0801,jpeg_q75,3,dpir_nominal,0.0005587137730104786,32.52810622592363,0.0003010349699212224,0.0908203125,0.0263671875,0.0009765625
0801,jpeg_q75,3,dpir_oracle_blur,0.0005141579765485012,32.88903422245683,0.0002427822184917154,0.1005859375,0.0078125,0.0
0802,linear_float,0,observed,0.0006792701082287692,31.679574964308145,0.00027798071059088024,0.109375,0.0009765625,0.0
0802,linear_float,0,gradient_nominal,0.000528596443465465,32.768757632408565,0.00022984576488111876,0.0771484375,0.0009765625,0.0
0802,linear_float,0,drunet_denoise_only,0.000645937856728105,31.89809261847424,0.00023814319501344776,0.09765625,0.0009765625,0.0
0802,linear_float,0,dpir_nominal,0.00048326207462365197,33.15817286027995,0.00021422436772709782,0.068359375,0.0009765625,0.0
0802,linear_float,0,dpir_oracle_blur,0.0002746872455582133,35.611615055313315,0.00016721871230399913,0.0361328125,0.0,0.0
0802,clipped_float,1,observed,0.0006792701082287692,31.679574964308145,0.00027798071059088024,0.109375,0.0009765625,0.0
0802,clipped_float,1,gradient_nominal,0.0005284602923092098,32.769876393477716,0.00022978685328514642,0.0771484375,0.0009765625,0.0
0802,clipped_float,1,drunet_denoise_only,0.0006459447194641692,31.898046477308498,0.0002381431948688755,0.09765625,0.0009765625,0.0
0802,clipped_float,1,dpir_nominal,0.0004832764984393892,33.15804323930553,0.0002142252996287697,0.068359375,0.0009765625,0.0
0802,clipped_float,1,dpir_oracle_blur,0.00027466792951942354,35.61192046243215,0.00016719829811282413,0.0361328125,0.0,0.0
0802,quantized_8bit,2,observed,0.0006804863776852653,31.671805642965545,0.00027891518735896853,0.109375,0.0009765625,0.0
0802,quantized_8bit,2,gradient_nominal,0.0005292257287262396,32.76359050402497,0.0002300695448765614,0.078125,0.0009765625,0.0
0802,quantized_8bit,2,drunet_denoise_only,0.000645973191689437,31.897855051363916,0.00023813101566266096,0.09765625,0.0009765625,0.0
0802,quantized_8bit,2,dpir_nominal,0.00048314851500213114,33.15919350963438,0.00021416214155040717,0.068359375,0.0009765625,0.0
0802,quantized_8bit,2,dpir_oracle_blur,0.0002750420504691785,35.60600902931128,0.00016724214427839702,0.0361328125,0.0,0.0
0802,jpeg_q75,3,observed,0.0007101691125158193,31.486382204540732,0.00025955167683207884,0.109375,0.0009765625,0.0
0802,jpeg_q75,3,gradient_nominal,0.0006192831276310665,32.0811075218249,0.0002469058555058093,0.095703125,0.0009765625,0.0
0802,jpeg_q75,3,drunet_denoise_only,0.0006896654817272859,31.613615102304525,0.00024513885388347456,0.1015625,0.0009765625,0.0
0802,jpeg_q75,3,dpir_nominal,0.0006022606056376859,32.20215543460181,0.0002593254942014211,0.0986328125,0.00390625,0.0
0802,jpeg_q75,3,dpir_oracle_blur,0.0006753662457313253,31.704606488515545,0.0003071950656726332,0.1279296875,0.00390625,0.0
0803,linear_float,0,observed,0.0007830532590210386,31.062086985904106,0.0002346359761004098,0.078125,0.0009765625,0.0
0803,linear_float,0,gradient_nominal,0.0005577622239255964,32.53550902935188,0.00018232816993788545,0.060546875,0.0009765625,0.0
0803,linear_float,0,drunet_denoise_only,0.0007395999233156892,31.310031425420352,0.00019112973275771554,0.0693359375,0.0009765625,0.0
0803,linear_float,0,dpir_nominal,0.0004726958967178419,33.254181676157096,0.00015504588878897756,0.0517578125,0.0009765625,0.0
0803,linear_float,0,dpir_oracle_blur,0.00011343577270212483,39.452499662790295,6.331406268614967e-05,0.0009765625,0.0,0.0
0803,clipped_float,1,observed,0.0007830532590210386,31.062086985904106,0.0002346359761004098,0.078125,0.0009765625,0.0
0803,clipped_float,1,gradient_nominal,0.000557739220242052,32.535688148310086,0.0001823143574229616,0.060546875,0.0009765625,0.0
0803,clipped_float,1,drunet_denoise_only,0.0007396085508320869,31.30998076477543,0.0001911285695924928,0.0693359375,0.0009765625,0.0
0803,clipped_float,1,dpir_nominal,0.0004727091147894006,33.25406023538897,0.00015504410515588778,0.0517578125,0.0009765625,0.0
0803,clipped_float,1,dpir_oracle_blur,0.00011342821808330654,39.45278890475025,6.330318875242616e-05,0.0009765625,0.0,0.0
0803,quantized_8bit,2,observed,0.0007842943464565411,31.05520915566955,0.00023563371101404325,0.078125,0.0009765625,0.0
0803,quantized_8bit,2,gradient_nominal,0.0005585449813902833,32.5294184603458,0.00018266476499481378,0.060546875,0.0009765625,0.0
0803,quantized_8bit,2,drunet_denoise_only,0.0007396160455545269,31.30993675635903,0.00019117308403985962,0.0693359375,0.0009765625,0.0
0803,quantized_8bit,2,dpir_nominal,0.0004727138061127298,33.25401713476617,0.0001550892054429066,0.0517578125,0.0009765625,0.0
0803,quantized_8bit,2,dpir_oracle_blur,0.00011392478125897485,39.43381796610876,6.351214466337625e-05,0.0009765625,0.0,0.0
0803,jpeg_q75,3,observed,0.000799284156096313,30.97298795797972,0.00021377364732371698,0.0771484375,0.0009765625,0.0
0803,jpeg_q75,3,gradient_nominal,0.0006297656064780769,32.00821061267994,0.0001948002048951637,0.064453125,0.0009765625,0.0
0803,jpeg_q75,3,drunet_denoise_only,0.0007724095940143557,31.121523405352928,0.00019663012506085338,0.07421875,0.0009765625,0.0
0803,jpeg_q75,3,dpir_nominal,0.0007145917622020622,31.45941994641848,0.0003195225464268955,0.10546875,0.0185546875,0.0009765625
0803,jpeg_q75,3,dpir_oracle_blur,0.0008599474614872736,30.655280811787094,0.00039919758172882576,0.1689453125,0.017578125,0.0
0804,linear_float,0,observed,0.002229020549032272,26.518859278005213,0.000983692867992418,0.4921875,0.0927734375,0.0
0804,linear_float,0,gradient_nominal,0.001822287606082521,27.393830785829234,0.0008997021467645005,0.458984375,0.080078125,0.0
0804,linear_float,0,drunet_denoise_only,0.002197199242147662,26.58130559446394,0.0009451921349656786,0.47265625,0.091796875,0.0
0804,linear_float,0,dpir_nominal,0.0016508863833506746,27.822828145517132,0.0008442803650984388,0.4384765625,0.06640625,0.0
0804,linear_float,0,dpir_oracle_blur,0.0007772150927791376,31.09458774403891,0.0005714570851167753,0.3212890625,0.0146484375,0.0
0804,clipped_float,1,observed,0.002229020549032272,26.518859278005213,0.000983692867992418,0.4921875,0.0927734375,0.0
0804,clipped_float,1,gradient_nominal,0.0018222814670629459,27.39384541659777,0.0008996994407591863,0.458984375,0.080078125,0.0
0804,clipped_float,1,drunet_denoise_only,0.0021972068650505058,26.581290527196323,0.0009451918162837774,0.47265625,0.091796875,0.0
0804,clipped_float,1,dpir_nominal,0.001650879045532691,27.822847448971167,0.0008442758725757094,0.4384765625,0.06640625,0.0
0804,clipped_float,1,dpir_oracle_blur,0.0007771948765436684,31.094700710369324,0.0005714438999797935,0.3212890625,0.0146484375,0.0
0804,quantized_8bit,2,observed,0.0022301982100859648,26.51656537076859,0.0009846427570311318,0.4970703125,0.0927734375,0.0
0804,quantized_8bit,2,gradient_nominal,0.001822909296284322,27.39234940288096,0.0008999501908805215,0.4580078125,0.0810546875,0.0
0804,quantized_8bit,2,drunet_denoise_only,0.00219707853479143,26.581544189024456,0.0009451165492749314,0.47265625,0.091796875,0.0
0804,quantized_8bit,2,dpir_nominal,0.0016503726400478314,27.82417984728763,0.0008440925239170039,0.4384765625,0.068359375,0.0
0804,quantized_8bit,2,dpir_oracle_blur,0.0007774122244818421,31.093486345521065,0.0005714943917991711,0.3212890625,0.0146484375,0.0
0804,jpeg_q75,3,observed,0.0022585963555120515,26.46161376975712,0.0009683008665079789,0.4873046875,0.09375,0.0
0804,jpeg_q75,3,gradient_nominal,0.0019081243999171525,27.19393314937786,0.0009193140774677663,0.466796875,0.08203125,0.0
0804,jpeg_q75,3,drunet_denoise_only,0.002241532563989358,26.494549475150485,0.0009550915602409772,0.4765625,0.0908203125,0.0
0804,jpeg_q75,3,dpir_nominal,0.0020719218386911964,26.836266319699398,0.0011707144351741994,0.5087890625,0.138671875,0.001953125
0804,jpeg_q75,3,dpir_oracle_blur,0.0018119411079390332,27.418559219532167,0.0010732326722935825,0.5224609375,0.1201171875,0.0
