source_id,stage,component,elapsed_seconds,denoiser_calls,fbcnn_calls,peak_cuda_memory_mb,input_height,input_width,clipped_fraction,peak_cuda_allocated_mib,process_peak_rss_mib
0801,quantized_8bit,gradient_nominal,0.06871749400033877,0,0,,,,,,
0801,quantized_8bit,fbcnn,0.2457092320000811,0,1,834.951171875,,,,,
0801,quantized_8bit,fbcnn_rot90_intermediate,0.18292119700026888,0,1,834.951171875,,,,,
0801,quantized_8bit,fbcnn_rot180_intermediate,0.18242642800032627,0,1,834.951171875,,,,,
0801,quantized_8bit,fbcnn_gradient_inverse_only,0.05856998100034616,0,0,,,,,,
0801,quantized_8bit,dpir_nominal,1.3663049100000535,8,0,,576.0,576.0,0.0,942.99169921875,1881.8515625
0801,quantized_8bit,dpir_nominal_sigma08,1.0596812359999603,8,0,,576.0,576.0,0.0,942.99169921875,1881.8515625
0801,quantized_8bit,dpir_nominal_sigma12,1.0628031549999832,8,0,,576.0,576.0,0.0,942.99169921875,1881.8515625
0801,quantized_8bit,dpir_nominal_rot90,1.0625333089997184,8,0,,576.0,576.0,0.0,942.99169921875,1881.8515625
0801,quantized_8bit,dpir_nominal_rot180,1.0726879419999023,8,0,,576.0,576.0,0.0,942.99169921875,1881.8515625
0801,quantized_8bit,fbcnn_dpir,1.0666242349998356,8,0,,576.0,576.0,0.0,942.99169921875,1881.8515625
0801,quantized_8bit,fbcnn_dpir_sigma08,1.0698694159996194,8,0,,576.0,576.0,0.0,942.99169921875,1881.8515625
0801,quantized_8bit,fbcnn_dpir_sigma12,1.0674067850000029,8,0,,576.0,576.0,3.81783684133552e-05,942.99169921875,1881.8515625
0801,quantized_8bit,fbcnn_dpir_rot90,1.0659646580002118,8,0,,576.0,576.0,0.0,942.99169921875,1881.8515625
0801,quantized_8bit,fbcnn_dpir_rot180,1.0689291069998035,8,0,,576.0,576.0,0.0,942.99169921875,1881.8515625
0801,jpeg_q75,gradient_nominal,0.06907304500009559,0,0,,,,,,
0801,jpeg_q75,fbcnn,0.17978684299987435,0,1,834.951171875,,,,,
0801,jpeg_q75,fbcnn_rot90_intermediate,0.1840717909999512,0,1,834.951171875,,,,,
0801,jpeg_q75,fbcnn_rot180_intermediate,0.17909968599997228,0,1,834.951171875,,,,,
0801,jpeg_q75,fbcnn_gradient_inverse_only,0.0578942229999484,0,0,,,,,,
0801,jpeg_q75,dpir_nominal,1.0686635980000574,8,0,,576.0,576.0,0.001252853311598301,942.99169921875,1927.75390625
0801,jpeg_q75,dpir_nominal_sigma08,1.0753214930000468,8,0,,576.0,576.0,0.00034561470965854824,942.99169921875,1927.75390625
0801,jpeg_q75,dpir_nominal_sigma12,1.0733295999998518,8,0,,576.0,576.0,0.0013623649720102549,942.99169921875,1927.75390625
0801,jpeg_q75,dpir_nominal_rot90,1.073540168999898,8,0,,576.0,576.0,0.0012588814133778214,942.99169921875,1927.75390625
0801,jpeg_q75,dpir_nominal_rot180,1.0766155709998202,8,0,,576.0,576.0,0.0012538579758256674,942.99169921875,1927.75390625
0801,jpeg_q75,fbcnn_dpir,1.0763103680001223,8,0,,576.0,576.0,6.731448956998065e-05,942.99169921875,1927.75390625
0801,jpeg_q75,fbcnn_dpir_sigma08,1.0781906249999338,8,0,,576.0,576.0,0.0,942.99169921875,1927.75390625
0801,jpeg_q75,fbcnn_dpir_sigma12,1.0768680650003262,8,0,,576.0,576.0,0.00011152102524647489,942.99169921875,1927.75390625
0801,jpeg_q75,fbcnn_dpir_rot90,1.0806304809998437,8,0,,576.0,576.0,0.0002069669426418841,942.99169921875,1927.75390625
0801,jpeg_q75,fbcnn_dpir_rot180,1.0824858800001493,8,0,,576.0,576.0,5.123938899487257e-05,942.99169921875,1927.75390625
0802,quantized_8bit,gradient_nominal,0.06803914399961286,0,0,,,,,,
0802,quantized_8bit,fbcnn,0.181408890000057,0,1,834.951171875,,,,,
0802,quantized_8bit,fbcnn_rot90_intermediate,0.18409438300022885,0,1,834.951171875,,,,,
0802,quantized_8bit,fbcnn_rot180_intermediate,0.18357167900012428,0,1,834.951171875,,,,,
0802,quantized_8bit,fbcnn_gradient_inverse_only,0.0596907789999932,0,0,,,,,,
0802,quantized_8bit,dpir_nominal,1.0766064080003162,8,0,,576.0,576.0,0.0,942.99169921875,1946.7421875
0802,quantized_8bit,dpir_nominal_sigma08,1.0795717330001935,8,0,,576.0,576.0,0.0,942.99169921875,1946.7421875
0802,quantized_8bit,dpir_nominal_sigma12,1.0746680480001487,8,0,,576.0,576.0,0.0,942.99169921875,1946.7421875
0802,quantized_8bit,dpir_nominal_rot90,1.0817209270003332,8,0,,576.0,576.0,0.0,942.99169921875,1946.7421875
0802,quantized_8bit,dpir_nominal_rot180,1.0822172779999164,8,0,,576.0,576.0,0.0,942.99169921875,1946.7421875
0802,quantized_8bit,fbcnn_dpir,1.0834679740000865,8,0,,576.0,576.0,0.00015572755364701152,942.99169921875,1946.7421875
0802,quantized_8bit,fbcnn_dpir_sigma08,1.0821541919999618,8,0,,576.0,576.0,0.00010649755131453276,942.99169921875,1946.7421875
0802,quantized_8bit,fbcnn_dpir_sigma12,1.0834703569998965,8,0,,576.0,576.0,0.00033355836058035493,942.99169921875,1946.7421875
0802,quantized_8bit,fbcnn_dpir_rot90,1.0886429810002483,8,0,,576.0,576.0,0.00010247877798974514,942.99169921875,1946.7421875
0802,quantized_8bit,fbcnn_dpir_rot180,1.0820652709999194,8,0,,576.0,576.0,4.621591870090924e-05,942.99169921875,1946.7421875
0802,jpeg_q75,gradient_nominal,0.0687129999996614,0,0,,,,,,
0802,jpeg_q75,fbcnn,0.18394639200005258,0,1,834.951171875,,,,,
0802,jpeg_q75,fbcnn_rot90_intermediate,0.18650686699993457,0,1,834.951171875,,,,,
0802,jpeg_q75,fbcnn_rot180_intermediate,0.18726196899979186,0,1,834.951171875,,,,,
0802,jpeg_q75,fbcnn_gradient_inverse_only,0.057612756000253285,0,0,,,,,,
0802,jpeg_q75,dpir_nominal,1.075264977000188,8,0,,576.0,576.0,0.004227751865983009,942.99169921875,1980.68359375
0802,jpeg_q75,dpir_nominal_sigma08,1.0828932009999335,8,0,,576.0,576.0,0.002603161847218871,942.99169921875,1980.68359375
0802,jpeg_q75,dpir_nominal_sigma12,1.0863697539998611,8,0,,576.0,576.0,0.005949797108769417,942.99169921875,1980.68359375
0802,jpeg_q75,dpir_nominal_rot90,1.0853946759998507,8,0,,576.0,576.0,0.003908259328454733,942.99169921875,1980.68359375
0802,jpeg_q75,dpir_nominal_rot180,1.0900756109999747,8,0,,576.0,576.0,0.0038530011661350727,942.99169921875,1980.68359375
0802,jpeg_q75,fbcnn_dpir,1.0900374510001711,8,0,,576.0,576.0,0.00048828122089616954,942.99169921875,1980.68359375
0802,jpeg_q75,fbcnn_dpir_sigma08,1.0922903090004183,8,0,,576.0,576.0,0.00018888244812842458,942.99169921875,1980.68359375
0802,jpeg_q75,fbcnn_dpir_sigma12,1.0864283900000373,8,0,,576.0,576.0,0.0005244502099230886,942.99169921875,1980.68359375
0802,jpeg_q75,fbcnn_dpir_rot90,1.0922630860000027,8,0,,576.0,576.0,0.000332553667249158,942.99169921875,1980.68359375
0802,jpeg_q75,fbcnn_dpir_rot180,1.0909553450001113,8,0,,576.0,576.0,0.0003938400186598301,942.99169921875,1980.68359375
0803,quantized_8bit,gradient_nominal,0.0672481209999205,0,0,,,,,,
0803,quantized_8bit,fbcnn,0.18465653600014775,0,1,834.951171875,,,,,
0803,quantized_8bit,fbcnn_rot90_intermediate,0.18737863700016533,0,1,834.951171875,,,,,
0803,quantized_8bit,fbcnn_rot180_intermediate,0.18529219499987448,0,1,834.951171875,,,,,
0803,quantized_8bit,fbcnn_gradient_inverse_only,0.057390566999856674,0,0,,,,,,
0803,quantized_8bit,dpir_nominal,1.092385909999848,8,0,,576.0,576.0,1.0046938996310928e-06,942.99169921875,1980.71875
0803,quantized_8bit,dpir_nominal_sigma08,1.0906347969998933,8,0,,576.0,576.0,0.0,942.99169921875,1980.71875
0803,quantized_8bit,dpir_nominal_sigma12,1.0910922889997892,8,0,,576.0,576.0,7.032857411104487e-06,942.99169921875,1980.71875
0803,quantized_8bit,dpir_nominal_rot90,1.0997711629997866,8,0,,576.0,576.0,2.0093877992621856e-06,942.99169921875,1980.71875
0803,quantized_8bit,dpir_nominal_rot180,1.0968164479995721,8,0,,576.0,576.0,2.0093877992621856e-06,942.99169921875,1980.71875
0803,quantized_8bit,fbcnn_dpir,1.0927573920002942,8,0,,576.0,576.0,0.0005294737056829035,942.99169921875,1980.71875
0803,quantized_8bit,fbcnn_dpir_sigma08,1.0966618349998498,8,0,,576.0,576.0,0.00014769000699743629,942.99169921875,1980.71875
0803,quantized_8bit,fbcnn_dpir_sigma12,1.1027479809999932,8,0,,576.0,576.0,0.0005083751166239381,942.99169921875,1980.71875
0803,quantized_8bit,fbcnn_dpir_rot90,1.1066595360002793,8,0,,576.0,576.0,0.0005485628498718143,942.99169921875,1980.71875
0803,quantized_8bit,fbcnn_dpir_rot180,1.1043681739997737,8,0,,576.0,576.0,0.0005907600279897451,942.99169921875,1980.71875
0803,jpeg_q75,gradient_nominal,0.06416773499995543,0,0,,,,,,
0803,jpeg_q75,fbcnn,0.18428182899970125,0,1,834.951171875,,,,,
0803,jpeg_q75,fbcnn_rot90_intermediate,0.1862509319998935,0,1,834.951171875,,,,,
0803,jpeg_q75,fbcnn_rot180_intermediate,0.18961015600007158,0,1,834.951171875,,,,,
0803,jpeg_q75,fbcnn_gradient_inverse_only,0.055015615000229445,0,0,,,,,,
0803,jpeg_q75,dpir_nominal,1.0960979880001105,8,0,,576.0,576.0,0.0024574813432991505,942.99169921875,1980.71875
0803,jpeg_q75,dpir_nominal_sigma08,1.099819139000374,8,0,,576.0,576.0,0.0005756895989179611,942.99169921875,1980.71875
0803,jpeg_q75,dpir_nominal_sigma12,1.1063289149997217,8,0,,576.0,576.0,0.0035063817631453276,942.99169921875,1980.71875
0803,jpeg_q75,dpir_nominal_rot90,1.1039702460002445,8,0,,576.0,576.0,0.002350983675569296,942.99169921875,1980.71875
0803,jpeg_q75,dpir_nominal_rot180,1.107279268000184,8,0,,576.0,576.0,0.0024122700560837984,942.99169921875,1980.71875
0803,jpeg_q75,fbcnn_dpir,1.1092152179999175,8,0,,576.0,576.0,0.0003596804162953049,942.99169921875,1980.71875
0803,jpeg_q75,fbcnn_dpir_sigma08,1.1031280649999644,8,0,,576.0,576.0,8.539898408344015e-05,942.99169921875,1980.71875
0803,jpeg_q75,fbcnn_dpir_sigma12,1.1091464179999093,8,0,,576.0,576.0,0.0004792389809153974,942.99169921875,1980.71875
0803,jpeg_q75,fbcnn_dpir_rot90,1.109529828000177,8,0,,576.0,576.0,0.0002722720382735133,942.99169921875,1980.71875
0803,jpeg_q75,fbcnn_dpir_rot180,1.114122996000333,8,0,,576.0,576.0,0.00038580247201025486,942.99169921875,1980.71875
0804,quantized_8bit,gradient_nominal,0.0710687539999526,0,0,,,,,,
0804,quantized_8bit,fbcnn,0.18680044200027623,0,1,834.951171875,,,,,
0804,quantized_8bit,fbcnn_rot90_intermediate,0.1901837059999707,0,1,834.951171875,,,,,
0804,quantized_8bit,fbcnn_rot180_intermediate,0.18997211299983974,0,1,834.951171875,,,,,
0804,quantized_8bit,fbcnn_gradient_inverse_only,0.05770466099966143,0,0,,,,,,
0804,quantized_8bit,dpir_nominal,1.1048377699999037,8,0,,576.0,576.0,0.0,942.99169921875,1980.71875
0804,quantized_8bit,dpir_nominal_sigma08,1.1116562459997112,8,0,,576.0,576.0,0.0,942.99169921875,1980.71875
0804,quantized_8bit,dpir_nominal_sigma12,1.1114291970002341,8,0,,576.0,576.0,0.0,942.99169921875,1980.71875
0804,quantized_8bit,dpir_nominal_rot90,1.1081116309997014,8,0,,576.0,576.0,0.0,942.99169921875,1980.71875
0804,quantized_8bit,dpir_nominal_rot180,1.1117639809999673,8,0,,576.0,576.0,0.0,942.99169921875,1980.71875
0804,quantized_8bit,fbcnn_dpir,1.1097436119998747,8,0,,576.0,576.0,4.018775598524371e-06,942.99169921875,1980.71875
0804,quantized_8bit,fbcnn_dpir_sigma08,1.1140712139999778,8,0,,576.0,576.0,2.0093877992621856e-06,942.99169921875,1980.71875
0804,quantized_8bit,fbcnn_dpir_sigma12,1.1139677980004308,8,0,,576.0,576.0,3.215020478819497e-05,942.99169921875,1980.71875
0804,quantized_8bit,fbcnn_dpir_rot90,1.1110192199998892,8,0,,576.0,576.0,4.018775598524371e-06,942.99169921875,1980.71875
0804,quantized_8bit,fbcnn_dpir_rot180,1.1128027780000593,8,0,,576.0,576.0,1.2056327250320464e-05,942.99169921875,1980.71875
0804,jpeg_q75,gradient_nominal,0.06583144700016419,0,0,,,,,,
0804,jpeg_q75,fbcnn,0.18662921700024526,0,1,834.951171875,,,,,
0804,jpeg_q75,fbcnn_rot90_intermediate,0.18915261100028147,0,1,834.951171875,,,,,
0804,jpeg_q75,fbcnn_rot180_intermediate,0.19113054499985083,0,1,834.951171875,,,,,
0804,jpeg_q75,fbcnn_gradient_inverse_only,0.05878538699971614,0,0,,,,,,
0804,jpeg_q75,dpir_nominal,1.1045275579999725,8,0,,576.0,576.0,0.0007816518773324788,942.99169921875,1980.71875
0804,jpeg_q75,dpir_nominal_sigma08,1.111733981999805,8,0,,576.0,576.0,0.0001346289791399613,942.99169921875,1980.71875
0804,jpeg_q75,dpir_nominal_sigma12,1.1066575009999724,8,0,,576.0,576.0,0.0006460181903094053,942.99169921875,1980.71875
0804,jpeg_q75,dpir_nominal_rot90,1.1094812930000444,8,0,,576.0,576.0,0.0007364406483247876,942.99169921875,1980.71875
0804,jpeg_q75,dpir_nominal_rot180,1.1125994969997919,8,0,,576.0,576.0,0.00077461899491027,942.99169921875,1980.71875
0804,jpeg_q75,fbcnn_dpir,1.114059946999987,8,0,,576.0,576.0,2.712673449423164e-05,942.99169921875,1980.71875
0804,jpeg_q75,fbcnn_dpir_sigma08,1.113925836999897,8,0,,576.0,576.0,1.0046938768937252e-05,942.99169921875,1980.71875
0804,jpeg_q75,fbcnn_dpir_sigma12,1.114925982999921,8,0,,576.0,576.0,9.54459173954092e-05,942.99169921875,1980.71875
0804,jpeg_q75,fbcnn_dpir_rot90,1.114423307999914,8,0,,576.0,576.0,6.229102291399613e-05,942.99169921875,1980.71875
0804,jpeg_q75,fbcnn_dpir_rot180,1.114084676999937,8,0,,576.0,576.0,8.439429075224325e-05,942.99169921875,1980.71875
