stage,pipeline,region,score,coverage,rgb_mse,detail_mse,bad_detail_rate_0.025,bad_detail_rate_0.05,bad_detail_rate_0.1
jpeg_q75,dpir_nominal,all,image_gradient,0.5,0.0003325482419955089,0.00016434633655125925,0.04541015625,0.00439453125,0.0
jpeg_q75,dpir_nominal,all,image_gradient,0.75,0.0005484000159625682,0.0002730499454024685,0.10774739583333334,0.013020833333333334,0.0
jpeg_q75,dpir_nominal,all,image_gradient,0.9,0.000720220532824014,0.00035885766638714704,0.14913232104121477,0.022505422993492407,0.0
jpeg_q75,dpir_nominal,all,image_gradient,1.0,0.000986872098879169,0.0005126494802823363,0.200927734375,0.046875,0.0009765625
jpeg_q75,dpir_nominal,all,image_transform_spread_detail,0.5,0.0003123903259915009,0.0001416822979786884,0.0380859375,0.0009765625,0.0
jpeg_q75,dpir_nominal,all,image_transform_spread_detail,0.75,0.0005701526213227246,0.0002649410850049544,0.1025390625,0.01171875,0.0
jpeg_q75,dpir_nominal,all,image_transform_spread_detail,0.9,0.000753316857173299,0.0003548987564991366,0.14642082429501085,0.023590021691973967,0.00027114967462039046
jpeg_q75,dpir_nominal,all,image_transform_spread_detail,1.0,0.000986872098879169,0.0005126494802823363,0.200927734375,0.046875,0.0009765625
jpeg_q75,dpir_nominal,all,measurement_residual,0.5,0.000402625989717623,0.00020390291431173193,0.06884765625,0.00830078125,0.0
jpeg_q75,dpir_nominal,all,measurement_residual,0.75,0.0006571183102734525,0.0003438492623748986,0.12890625,0.0244140625,0.0
jpeg_q75,dpir_nominal,all,measurement_residual,0.9,0.0008317335260508312,0.00043343035878150033,0.16838394793926248,0.03497830802603037,0.0005422993492407809
jpeg_q75,dpir_nominal,all,measurement_residual,1.0,0.000986872098879169,0.0005126494802823363,0.200927734375,0.046875,0.0009765625
jpeg_q75,dpir_nominal,all,operator_spread_detail,0.5,0.00029393782063072416,0.00013244758596218893,0.03564453125,0.00146484375,0.0
jpeg_q75,dpir_nominal,all,operator_spread_detail,0.75,0.0005340814976416406,0.0002455801196024762,0.09440104166666667,0.008138020833333334,0.0
jpeg_q75,dpir_nominal,all,operator_spread_detail,0.9,0.0007148279205112704,0.0003302202252906971,0.13964208242950107,0.01816702819956616,0.0
jpeg_q75,dpir_nominal,all,operator_spread_detail,1.0,0.000986872098879169,0.0005126494802823363,0.200927734375,0.046875,0.0009765625
jpeg_q75,dpir_nominal,all,operator_spread_rgb,0.5,0.000280290317959146,0.00012836388809720503,0.0302734375,0.00146484375,0.0
jpeg_q75,dpir_nominal,all,operator_spread_rgb,0.75,0.0005064383899400829,0.00023483854262155334,0.09016927083333334,0.006184895833333333,0.0
jpeg_q75,dpir_nominal,all,operator_spread_rgb,0.9,0.0006942645586595974,0.0003250054452997856,0.13503253796095444,0.01762472885032538,0.0
jpeg_q75,dpir_nominal,all,operator_spread_rgb,1.0,0.000986872098879169,0.0005126494802823363,0.200927734375,0.046875,0.0009765625
jpeg_q75,dpir_nominal,all,oracle_detail_error,0.5,0.00023325984361236682,9.730946149197755e-05,0.00439453125,0.0,0.0
jpeg_q75,dpir_nominal,all,oracle_detail_error,0.75,0.0004403007558004094,0.00019429893300325528,0.08626302083333333,0.0,0.0
jpeg_q75,dpir_nominal,all,oracle_detail_error,0.9,0.0006550826624471668,0.000302422316379043,0.11523861171366594,0.010845986984815618,0.0
jpeg_q75,dpir_nominal,all,oracle_detail_error,1.0,0.000986872098879169,0.0005126494802823363,0.200927734375,0.046875,0.0009765625
jpeg_q75,dpir_nominal,all,random_expected,0.5,0.000986872098879169,0.0005126494802823363,0.200927734375,0.046875,0.0009765625
jpeg_q75,dpir_nominal,all,random_expected,0.75,0.000986872098879169,0.0005126494802823363,0.200927734375,0.046875,0.0009765625
jpeg_q75,dpir_nominal,all,random_expected,0.9,0.000986872098879169,0.0005126494802823363,0.200927734375,0.046875,0.0009765625
jpeg_q75,dpir_nominal,all,random_expected,1.0,0.000986872098879169,0.0005126494802823363,0.200927734375,0.046875,0.0009765625
jpeg_q75,dpir_nominal,textured_quartile,image_gradient,0.5,0.0018334154545468682,0.0009075917358097372,0.388671875,0.087890625,0.0
jpeg_q75,dpir_nominal,textured_quartile,image_gradient,0.75,0.002013832633167941,0.0010260553634797282,0.4322916666666667,0.109375,0.0
jpeg_q75,dpir_nominal,textured_quartile,image_gradient,0.9,0.002229476297038481,0.0011419553778371787,0.47294372294372294,0.13095238095238096,0.0
jpeg_q75,dpir_nominal,textured_quartile,image_gradient,1.0,0.0024578789636967684,0.0012847449671616307,0.5078125,0.15625,0.001953125
jpeg_q75,dpir_nominal,textured_quartile,image_transform_spread_detail,0.5,0.001715163123140115,0.0008008142317632227,0.337890625,0.068359375,0.0
jpeg_q75,dpir_nominal,textured_quartile,image_transform_spread_detail,0.75,0.001988769090129172,0.0009337938271016566,0.4140625,0.09375,0.0
jpeg_q75,dpir_nominal,textured_quartile,image_transform_spread_detail,0.9,0.0022083699887122405,0.0010859504278327107,0.4653679653679654,0.1222943722943723,0.0
jpeg_q75,dpir_nominal,textured_quartile,image_transform_spread_detail,1.0,0.0024578789636967684,0.0012847449671616307,0.5078125,0.15625,0.001953125
jpeg_q75,dpir_nominal,textured_quartile,measurement_residual,0.5,0.0022525035067061695,0.0012050086519750421,0.4609375,0.14453125,0.0
jpeg_q75,dpir_nominal,textured_quartile,measurement_residual,0.75,0.002314985666270112,0.00121632678771509,0.4739583333333333,0.14192708333333331,0.0013020833333333333
jpeg_q75,dpir_nominal,textured_quartile,measurement_residual,0.9,0.002378381070347777,0.0012394508745502313,0.49783549783549785,0.14610389610389612,0.0010822510822510823
jpeg_q75,dpir_nominal,textured_quartile,measurement_residual,1.0,0.0024578789636967684,0.001284744967161631,0.5078125,0.15625,0.001953125
jpeg_q75,dpir_nominal,textured_quartile,operator_spread_detail,0.5,0.0016732987346124253,0.0007792270904831382,0.330078125,0.064453125,0.0
jpeg_q75,dpir_nominal,textured_quartile,operator_spread_detail,0.75,0.0018633058142068601,0.0008616069225910304,0.38541666666666663,0.078125,0.0
jpeg_q75,dpir_nominal,textured_quartile,operator_spread_detail,0.9,0.0021087260823675234,0.0010013909863552527,0.461038961038961,0.10173160173160174,0.0
jpeg_q75,dpir_nominal,textured_quartile,operator_spread_detail,1.0,0.0024578789636967684,0.0012847449671616307,0.5078125,0.15625,0.001953125
jpeg_q75,dpir_nominal,textured_quartile,operator_spread_rgb,0.5,0.0015991447478750323,0.0007518147189606103,0.31640625,0.060546875,0.0
jpeg_q75,dpir_nominal,textured_quartile,operator_spread_rgb,0.75,0.0018336137080111198,0.0008534840500460422,0.3841145833333333,0.07682291666666667,0.0
jpeg_q75,dpir_nominal,textured_quartile,operator_spread_rgb,0.9,0.0021073253439154375,0.0010036060968214528,0.45995670995670995,0.10281385281385282,0.0
jpeg_q75,dpir_nominal,textured_quartile,operator_spread_rgb,1.0,0.0024578789636967684,0.0012847449671616307,0.5078125,0.15625,0.001953125
jpeg_q75,dpir_nominal,textured_quartile,oracle_detail_error,0.5,0.0013873199667393788,0.0006070119282843937,0.2421875,0.0,0.0
jpeg_q75,dpir_nominal,textured_quartile,oracle_detail_error,0.75,0.0017349095920926626,0.0007886643708403609,0.34375,0.06640625,0.0
jpeg_q75,dpir_nominal,textured_quartile,oracle_detail_error,0.9,0.00204710228977648,0.0009705834679588429,0.4545454545454546,0.0984848484848485,0.0
jpeg_q75,dpir_nominal,textured_quartile,oracle_detail_error,1.0,0.0024578789636967684,0.0012847449671616307,0.5078125,0.15625,0.001953125
jpeg_q75,dpir_nominal,textured_quartile,random_expected,0.5,0.0024578789636967684,0.0012847449671616307,0.5078125,0.15625,0.001953125
jpeg_q75,dpir_nominal,textured_quartile,random_expected,0.75,0.0024578789636967684,0.0012847449671616307,0.5078125,0.15625,0.001953125
jpeg_q75,dpir_nominal,textured_quartile,random_expected,0.9,0.0024578789636967684,0.0012847449671616307,0.5078125,0.15625,0.001953125
jpeg_q75,dpir_nominal,textured_quartile,random_expected,1.0,0.0024578789636967684,0.0012847449671616307,0.5078125,0.15625,0.001953125
jpeg_q75,fbcnn_dpir,all,image_gradient,0.5,0.00031679781061495966,0.00014740680208563808,0.03759765625,0.0029296875,0.0
jpeg_q75,fbcnn_dpir,all,image_gradient,0.75,0.0005068156897957746,0.00023313839129777028,0.08854166666666667,0.008463541666666666,0.0
jpeg_q75,fbcnn_dpir,all,image_gradient,0.9,0.0006382943437553293,0.0002851211334734025,0.12093275488069415,0.011659436008676789,0.0
jpeg_q75,fbcnn_dpir,all,image_gradient,1.0,0.0008039785546836288,0.00034957732145355974,0.159423828125,0.0185546875,0.0
jpeg_q75,fbcnn_dpir,all,image_transform_spread_detail,0.5,0.0002636059517393244,0.00011783890241774778,0.0244140625,0.0,0.0
jpeg_q75,fbcnn_dpir,all,image_transform_spread_detail,0.75,0.00044775601782703434,0.00019770716561019454,0.07649739583333333,0.0029296875,0.0
jpeg_q75,fbcnn_dpir,all,image_transform_spread_detail,0.9,0.0006183475284115005,0.0002705865063936409,0.11740780911062906,0.008676789587852495,0.0
jpeg_q75,fbcnn_dpir,all,image_transform_spread_detail,1.0,0.0008039785546836288,0.0003495773214535598,0.159423828125,0.0185546875,0.0
jpeg_q75,fbcnn_dpir,all,measurement_residual,0.5,0.00034606710973155797,0.0001552522478657792,0.05126953125,0.00146484375,0.0
jpeg_q75,fbcnn_dpir,all,measurement_residual,0.75,0.0005173169319254758,0.00023015170168522804,0.09212239583333333,0.005859375,0.0
jpeg_q75,fbcnn_dpir,all,measurement_residual,0.9,0.0006645760370586134,0.0002932452796678858,0.1301518438177874,0.0113882863340564,0.0
jpeg_q75,fbcnn_dpir,all,measurement_residual,1.0,0.0008039785546836288,0.0003495773214535598,0.159423828125,0.0185546875,0.0
jpeg_q75,fbcnn_dpir,all,operator_spread_detail,0.5,0.0002384419543276515,0.00010497068931933125,0.015625,0.0,0.0
jpeg_q75,fbcnn_dpir,all,operator_spread_detail,0.75,0.00041282152824758756,0.000181504986608955,0.06868489583333333,0.0016276041666666667,0.0
jpeg_q75,fbcnn_dpir,all,operator_spread_detail,0.9,0.0005841382645547069,0.00025802194111978615,0.10900216919739696,0.0070498915401301515,0.0
jpeg_q75,fbcnn_dpir,all,operator_spread_detail,1.0,0.0008039785546836288,0.0003495773214535598,0.159423828125,0.0185546875,0.0
jpeg_q75,fbcnn_dpir,all,operator_spread_rgb,0.5,0.0002477580226297568,0.00011111363412388458,0.017578125,0.0,0.0
jpeg_q75,fbcnn_dpir,all,operator_spread_rgb,0.75,0.0004240897246620856,0.00018936467209950357,0.07194010416666667,0.0022786458333333335,0.0
jpeg_q75,fbcnn_dpir,all,operator_spread_rgb,0.9,0.000588590816483648,0.0002606227474290982,0.11062906724511931,0.0070498915401301515,0.0
jpeg_q75,fbcnn_dpir,all,operator_spread_rgb,1.0,0.0008039785546836288,0.0003495773214535598,0.159423828125,0.0185546875,0.0
jpeg_q75,fbcnn_dpir,all,oracle_detail_error,0.5,0.00021106131293123376,8.356175121565997e-05,0.0,0.0,0.0
jpeg_q75,fbcnn_dpir,all,oracle_detail_error,0.75,0.00038482708427595576,0.0001560996978245586,0.0673828125,0.0,0.0
jpeg_q75,fbcnn_dpir,all,oracle_detail_error,0.9,0.0005610459149906552,0.00023725822752143584,0.09788503253796095,0.0,0.0
jpeg_q75,fbcnn_dpir,all,oracle_detail_error,1.0,0.0008039785546836287,0.0003495773214535598,0.159423828125,0.0185546875,0.0
jpeg_q75,fbcnn_dpir,all,random_expected,0.5,0.0008039785546836287,0.0003495773214535598,0.159423828125,0.0185546875,0.0
jpeg_q75,fbcnn_dpir,all,random_expected,0.75,0.0008039785546836287,0.0003495773214535598,0.159423828125,0.0185546875,0.0
jpeg_q75,fbcnn_dpir,all,random_expected,0.9,0.0008039785546836287,0.0003495773214535598,0.159423828125,0.0185546875,0.0
jpeg_q75,fbcnn_dpir,all,random_expected,1.0,0.0008039785546836287,0.0003495773214535598,0.159423828125,0.0185546875,0.0
jpeg_q75,fbcnn_dpir,textured_quartile,image_gradient,0.5,0.0017408532693673853,0.0008158437894859099,0.3671875,0.06640625,0.0
jpeg_q75,fbcnn_dpir,textured_quartile,image_gradient,0.75,0.0018115701628119792,0.0008211294609737215,0.38671875,0.06510416666666666,0.0
jpeg_q75,fbcnn_dpir,textured_quartile,image_gradient,0.9,0.0019116097433751953,0.0008476039005223127,0.4134199134199134,0.06818181818181819,0.0
jpeg_q75,fbcnn_dpir,textured_quartile,image_gradient,1.0,0.0020078610383320616,0.0008770115402972401,0.431640625,0.07421875,0.0
jpeg_q75,fbcnn_dpir,textured_quartile,image_transform_spread_detail,0.5,0.001529913215172699,0.0006843339825774351,0.310546875,0.0390625,0.0
jpeg_q75,fbcnn_dpir,textured_quartile,image_transform_spread_detail,0.75,0.0017102434116253046,0.0007623911100130124,0.37109375,0.0546875,0.0
jpeg_q75,fbcnn_dpir,textured_quartile,image_transform_spread_detail,0.9,0.001874293197882476,0.0008273042631122538,0.41233766233766234,0.06493506493506494,0.0
jpeg_q75,fbcnn_dpir,textured_quartile,image_transform_spread_detail,1.0,0.0020078610383320616,0.0008770115402972401,0.431640625,0.07421875,0.0
jpeg_q75,fbcnn_dpir,textured_quartile,measurement_residual,0.5,0.0017394118713644645,0.0007888280232052928,0.396484375,0.05078125,0.0
jpeg_q75,fbcnn_dpir,textured_quartile,measurement_residual,0.75,0.0018354779893383867,0.0008157585505685011,0.40625,0.05859375,0.0
jpeg_q75,fbcnn_dpir,textured_quartile,measurement_residual,0.9,0.0019338126806644708,0.0008559104784614088,0.4264069264069264,0.06818181818181819,0.0
jpeg_q75,fbcnn_dpir,textured_quartile,measurement_residual,1.0,0.0020078610383320616,0.0008770115402972399,0.431640625,0.07421875,0.0
jpeg_q75,fbcnn_dpir,textured_quartile,operator_spread_detail,0.5,0.0014157343869482379,0.0006455165180911387,0.2890625,0.0390625,0.0
jpeg_q75,fbcnn_dpir,textured_quartile,operator_spread_detail,0.75,0.0016101159056599555,0.0007250724169416325,0.3489583333333333,0.046875,0.0
jpeg_q75,fbcnn_dpir,textured_quartile,operator_spread_detail,0.9,0.0018076517735264221,0.0008034345183607883,0.3971861471861472,0.05844155844155844,0.0
jpeg_q75,fbcnn_dpir,textured_quartile,operator_spread_detail,1.0,0.0020078610383320616,0.0008770115402972401,0.431640625,0.07421875,0.0
jpeg_q75,fbcnn_dpir,textured_quartile,operator_spread_rgb,0.5,0.001482264772046964,0.0006888681490408263,0.3125,0.044921875,0.0
jpeg_q75,fbcnn_dpir,textured_quartile,operator_spread_rgb,0.75,0.0016300117184024627,0.0007357529244596709,0.36067708333333337,0.046875,0.0
jpeg_q75,fbcnn_dpir,textured_quartile,operator_spread_rgb,0.9,0.0018176395322009795,0.0008104357620215233,0.4025974025974026,0.06060606060606061,0.0
jpeg_q75,fbcnn_dpir,textured_quartile,operator_spread_rgb,1.0,0.0020078610383320616,0.0008770115402972401,0.431640625,0.07421875,0.0
jpeg_q75,fbcnn_dpir,textured_quartile,oracle_detail_error,0.5,0.0012382996942871271,0.0004983700108507702,0.2421875,0.0,0.0
jpeg_q75,fbcnn_dpir,textured_quartile,oracle_detail_error,0.75,0.0015201617012929815,0.0006411788162917757,0.2669270833333333,0.013020833333333334,0.0
jpeg_q75,fbcnn_dpir,textured_quartile,oracle_detail_error,0.9,0.0017530887977210625,0.0007522102686593748,0.37012987012987014,0.05303030303030303,0.0
jpeg_q75,fbcnn_dpir,textured_quartile,oracle_detail_error,1.0,0.0020078610383320616,0.0008770115402972401,0.431640625,0.07421875,0.0
jpeg_q75,fbcnn_dpir,textured_quartile,random_expected,0.5,0.0020078610383320616,0.0008770115402972401,0.431640625,0.07421875,0.0
jpeg_q75,fbcnn_dpir,textured_quartile,random_expected,0.75,0.0020078610383320616,0.0008770115402972401,0.431640625,0.07421875,0.0
jpeg_q75,fbcnn_dpir,textured_quartile,random_expected,0.9,0.0020078610383320616,0.0008770115402972401,0.431640625,0.07421875,0.0
jpeg_q75,fbcnn_dpir,textured_quartile,random_expected,1.0,0.0020078610383320616,0.0008770115402972401,0.431640625,0.07421875,0.0
quantized_8bit,dpir_nominal,all,image_gradient,0.5,0.00026417265589801094,0.00013586593635507636,0.033203125,0.001953125,0.0
quantized_8bit,dpir_nominal,all,image_gradient,0.75,0.00044611048219679453,0.0002204199994836345,0.08235677083333334,0.006510416666666667,0.0
quantized_8bit,dpir_nominal,all,image_gradient,0.9,0.0005727029505304389,0.00027160851107414433,0.11361171366594361,0.009761388286334056,0.0
quantized_8bit,dpir_nominal,all,image_gradient,1.0,0.0007386096890492143,0.000337151949413939,0.152099609375,0.017578125,0.0
quantized_8bit,dpir_nominal,all,image_transform_spread_detail,0.5,0.00021405154676757302,0.00010234515441720366,0.0185546875,0.0,0.0
quantized_8bit,dpir_nominal,all,image_transform_spread_detail,0.75,0.0003799214039179518,0.00017846022995908045,0.06803385416666667,0.0003255208333333333,0.0
quantized_8bit,dpir_nominal,all,image_transform_spread_detail,0.9,0.000536557675484676,0.0002483191887998488,0.10683297180043383,0.003796095444685466,0.0
quantized_8bit,dpir_nominal,all,image_transform_spread_detail,1.0,0.0007386096890492143,0.000337151949413939,0.152099609375,0.017578125,0.0
quantized_8bit,dpir_nominal,all,measurement_residual,0.5,0.0009187376498426817,0.00042178738931378777,0.19873046875,0.02880859375,0.0
quantized_8bit,dpir_nominal,all,measurement_residual,0.75,0.0008140901940111534,0.0003723891173725473,0.17122395833333331,0.021809895833333336,0.0
quantized_8bit,dpir_nominal,all,measurement_residual,0.9,0.0007718826022605076,0.00035288389542912973,0.15997830802603036,0.019251626898047724,0.0
quantized_8bit,dpir_nominal,all,measurement_residual,1.0,0.0007386096890492143,0.000337151949413939,0.152099609375,0.017578125,0.0
quantized_8bit,dpir_nominal,all,operator_spread_detail,0.5,0.00019036903597547208,9.176793549899496e-05,0.0087890625,0.0,0.0
quantized_8bit,dpir_nominal,all,operator_spread_detail,0.75,0.00035085966993502805,0.00016482084921346743,0.0634765625,0.0003255208333333333,0.0
quantized_8bit,dpir_nominal,all,operator_spread_detail,0.9,0.0005151578031733877,0.00024066845701393714,0.0989696312364425,0.004609544468546637,0.0
quantized_8bit,dpir_nominal,all,operator_spread_detail,1.0,0.0007386096890492143,0.000337151949413939,0.152099609375,0.017578125,0.0
quantized_8bit,dpir_nominal,all,operator_spread_rgb,0.5,0.00020336495091470672,0.00010191200566048416,0.01513671875,0.0,0.0
quantized_8bit,dpir_nominal,all,operator_spread_rgb,0.75,0.00036602763026010176,0.0001765132517492802,0.064453125,0.0009765625,0.0
quantized_8bit,dpir_nominal,all,operator_spread_rgb,0.9,0.0005252179984755953,0.0002475237470065383,0.10303687635574837,0.0056941431670282,0.0
quantized_8bit,dpir_nominal,all,operator_spread_rgb,1.0,0.0007386096890492143,0.000337151949413939,0.152099609375,0.017578125,0.0
quantized_8bit,dpir_nominal,all,oracle_detail_error,0.5,0.00017935183723571808,8.044172417835857e-05,0.0,0.0,0.0
quantized_8bit,dpir_nominal,all,oracle_detail_error,0.75,0.00034313345160260256,0.00015051977674145284,0.06282552083333333,0.0,0.0
quantized_8bit,dpir_nominal,all,oracle_detail_error,0.9,0.0005091416146651288,0.00022896225783642727,0.09408893709327548,0.0,0.0
quantized_8bit,dpir_nominal,all,oracle_detail_error,1.0,0.0007386096890492143,0.000337151949413939,0.152099609375,0.017578125,0.0
quantized_8bit,dpir_nominal,all,random_expected,0.5,0.0007386096890492143,0.000337151949413939,0.152099609375,0.017578125,0.0
quantized_8bit,dpir_nominal,all,random_expected,0.75,0.0007386096890492143,0.000337151949413939,0.152099609375,0.017578125,0.0
quantized_8bit,dpir_nominal,all,random_expected,0.9,0.0007386096890492143,0.000337151949413939,0.152099609375,0.017578125,0.0
quantized_8bit,dpir_nominal,all,random_expected,1.0,0.0007386096890492143,0.000337151949413939,0.152099609375,0.017578125,0.0
quantized_8bit,dpir_nominal,textured_quartile,image_gradient,0.5,0.0015863961669412537,0.000775463299367467,0.34375,0.056640625,0.0
quantized_8bit,dpir_nominal,textured_quartile,image_gradient,0.75,0.0016711899546643753,0.000788200216341386,0.36848958333333337,0.059895833333333336,0.0
quantized_8bit,dpir_nominal,textured_quartile,image_gradient,0.9,0.0017767327622169743,0.0008153162332187144,0.3939393939393939,0.06277056277056277,0.0
quantized_8bit,dpir_nominal,textured_quartile,image_gradient,1.0,0.0018792368042874397,0.0008461550562624815,0.416015625,0.0703125,0.0
quantized_8bit,dpir_nominal,textured_quartile,image_transform_spread_detail,0.5,0.0013479377632021417,0.0006174752733801457,0.302734375,0.01953125,0.0
quantized_8bit,dpir_nominal,textured_quartile,image_transform_spread_detail,0.75,0.001515621251031496,0.0006936948389396141,0.33854166666666663,0.033854166666666664,0.0
quantized_8bit,dpir_nominal,textured_quartile,image_transform_spread_detail,0.9,0.0016994808404670369,0.0007739610382326657,0.38203463203463206,0.05411255411255411,0.0
quantized_8bit,dpir_nominal,textured_quartile,image_transform_spread_detail,1.0,0.0018792368042874394,0.0008461550562624816,0.416015625,0.0703125,0.0
quantized_8bit,dpir_nominal,textured_quartile,measurement_residual,0.5,0.0019469050106103577,0.0008781670695506519,0.423828125,0.091796875,0.0
quantized_8bit,dpir_nominal,textured_quartile,measurement_residual,0.75,0.0018932607841714575,0.0008554305809157428,0.41666666666666663,0.078125,0.0
quantized_8bit,dpir_nominal,textured_quartile,measurement_residual,0.9,0.0018814475566767091,0.0008458506461088109,0.4145021645021645,0.07359307359307359,0.0
quantized_8bit,dpir_nominal,textured_quartile,measurement_residual,1.0,0.0018792368042874394,0.0008461550562624816,0.416015625,0.0703125,0.0
quantized_8bit,dpir_nominal,textured_quartile,operator_spread_detail,0.5,0.0012313708171086306,0.0005793253643996972,0.263671875,0.03125,0.0
quantized_8bit,dpir_nominal,textured_quartile,operator_spread_detail,0.75,0.001458197067077144,0.000678984239327064,0.3125,0.037760416666666664,0.0
quantized_8bit,dpir_nominal,textured_quartile,operator_spread_detail,0.9,0.0016475278070661585,0.0007535585453987076,0.3712121212121212,0.049783549783549784,0.0
quantized_8bit,dpir_nominal,textured_quartile,operator_spread_detail,1.0,0.0018792368042874394,0.0008461550562624816,0.416015625,0.0703125,0.0
quantized_8bit,dpir_nominal,textured_quartile,operator_spread_rgb,0.5,0.0012985222733461026,0.0006295565834010735,0.27734375,0.03515625,0.0
quantized_8bit,dpir_nominal,textured_quartile,operator_spread_rgb,0.75,0.001478243558151033,0.0006913001016449257,0.3372395833333333,0.03515625,0.0
quantized_8bit,dpir_nominal,textured_quartile,operator_spread_rgb,0.9,0.0016748892699573691,0.0007739272525352303,0.38095238095238093,0.05411255411255411,0.0
quantized_8bit,dpir_nominal,textured_quartile,operator_spread_rgb,1.0,0.0018792368042874397,0.0008461550562624815,0.416015625,0.0703125,0.0
quantized_8bit,dpir_nominal,textured_quartile,oracle_detail_error,0.5,0.0011589171180471992,0.0004821506601742446,0.2421875,0.0,0.0
quantized_8bit,dpir_nominal,textured_quartile,oracle_detail_error,0.75,0.0014275375011672483,0.0006205573165889482,0.25260416666666663,0.0078125,0.0
quantized_8bit,dpir_nominal,textured_quartile,oracle_detail_error,0.9,0.0016395150962586493,0.0007267086011065766,0.3528138528138528,0.048701298701298704,0.0
quantized_8bit,dpir_nominal,textured_quartile,oracle_detail_error,1.0,0.0018792368042874397,0.0008461550562624816,0.416015625,0.0703125,0.0
quantized_8bit,dpir_nominal,textured_quartile,random_expected,0.5,0.0018792368042874394,0.0008461550562624816,0.416015625,0.0703125,0.0
quantized_8bit,dpir_nominal,textured_quartile,random_expected,0.75,0.0018792368042874394,0.0008461550562624816,0.416015625,0.0703125,0.0
quantized_8bit,dpir_nominal,textured_quartile,random_expected,0.9,0.0018792368042874394,0.0008461550562624816,0.416015625,0.0703125,0.0
quantized_8bit,dpir_nominal,textured_quartile,random_expected,1.0,0.0018792368042874394,0.0008461550562624816,0.416015625,0.0703125,0.0
quantized_8bit,fbcnn_dpir,all,image_gradient,0.5,0.00027672757051293794,0.00013859922592436124,0.0341796875,0.001953125,0.0
quantized_8bit,fbcnn_dpir,all,image_gradient,0.75,0.0004611926745020118,0.0002241310112187034,0.083984375,0.0068359375,0.0
quantized_8bit,fbcnn_dpir,all,image_gradient,0.9,0.0005873276403613587,0.0002748308428665448,0.11469631236442517,0.009761388286334056,0.0
quantized_8bit,fbcnn_dpir,all,image_gradient,1.0,0.0007531134493998979,0.0003400608737261497,0.15380859375,0.017333984375,0.0
quantized_8bit,fbcnn_dpir,all,image_transform_spread_detail,0.5,0.00024093774576244202,0.0001135360259059315,0.02294921875,0.0,0.0
quantized_8bit,fbcnn_dpir,all,image_transform_spread_detail,0.75,0.0004133946609276408,0.00019105525947722495,0.07486979166666667,0.0013020833333333333,0.0
quantized_8bit,fbcnn_dpir,all,image_transform_spread_detail,0.9,0.0005742160485915143,0.0002626404720637673,0.11198481561822127,0.0056941431670282,0.0
quantized_8bit,fbcnn_dpir,all,image_transform_spread_detail,1.0,0.0007531134493998979,0.0003400608737261497,0.15380859375,0.017333984375,0.0
quantized_8bit,fbcnn_dpir,all,measurement_residual,0.5,0.0005857466042243778,0.0002721390194898065,0.12109375,0.0126953125,0.0
quantized_8bit,fbcnn_dpir,all,measurement_residual,0.75,0.000625727447393717,0.0002872076411742041,0.1298828125,0.013020833333333334,0.0
quantized_8bit,fbcnn_dpir,all,measurement_residual,0.9,0.0006821683642745485,0.00031114198629555333,0.13855748373101953,0.014913232104121476,0.0
quantized_8bit,fbcnn_dpir,all,measurement_residual,1.0,0.0007531134493998979,0.0003400608737261497,0.15380859375,0.017333984375,0.0
quantized_8bit,fbcnn_dpir,all,operator_spread_detail,0.5,0.00020195182239725922,9.592050144090967e-05,0.01123046875,0.0,0.0
quantized_8bit,fbcnn_dpir,all,operator_spread_detail,0.75,0.00036738220411936613,0.00016981766670147875,0.0654296875,0.0003255208333333333,0.0
quantized_8bit,fbcnn_dpir,all,operator_spread_detail,0.9,0.0005343128803403561,0.0002463143254536999,0.10330802603036876,0.004609544468546637,0.0
quantized_8bit,fbcnn_dpir,all,operator_spread_detail,1.0,0.0007531134493998979,0.0003400608737261497,0.15380859375,0.017333984375,0.0
quantized_8bit,fbcnn_dpir,all,operator_spread_rgb,0.5,0.00021701117884562443,0.0001058547158405859,0.0166015625,0.0,0.0
quantized_8bit,fbcnn_dpir,all,operator_spread_rgb,0.75,0.0003804674382253717,0.000179833385815793,0.06640625,0.0009765625,0.0
quantized_8bit,fbcnn_dpir,all,operator_spread_rgb,0.9,0.0005405144606507393,0.00025102877101484874,0.10466377440347072,0.005151843817787419,0.0
quantized_8bit,fbcnn_dpir,all,operator_spread_rgb,1.0,0.0007531134493998979,0.0003400608737261497,0.15380859375,0.017333984375,0.0
quantized_8bit,fbcnn_dpir,all,oracle_detail_error,0.5,0.00018595090203713893,8.108242754109081e-05,0.0,0.0,0.0
quantized_8bit,fbcnn_dpir,all,oracle_detail_error,0.75,0.0003509146471703115,0.0001515632168972333,0.064453125,0.0,0.0
quantized_8bit,fbcnn_dpir,all,oracle_detail_error,0.9,0.0005194915403350377,0.00023059964828606194,0.09544468546637744,0.0,0.0
quantized_8bit,fbcnn_dpir,all,oracle_detail_error,1.0,0.0007531134493998979,0.0003400608737261497,0.15380859375,0.017333984375,0.0
quantized_8bit,fbcnn_dpir,all,random_expected,0.5,0.0007531134493998979,0.0003400608737261497,0.15380859375,0.017333984375,0.0
quantized_8bit,fbcnn_dpir,all,random_expected,0.75,0.0007531134493998979,0.0003400608737261497,0.15380859375,0.017333984375,0.0
quantized_8bit,fbcnn_dpir,all,random_expected,0.9,0.0007531134493998979,0.0003400608737261497,0.15380859375,0.017333984375,0.0
quantized_8bit,fbcnn_dpir,all,random_expected,1.0,0.0007531134493998979,0.0003400608737261497,0.15380859375,0.017333984375,0.0
quantized_8bit,fbcnn_dpir,textured_quartile,image_gradient,0.5,0.001618659916148812,0.0007840737727500504,0.33984375,0.056640625,0.0
quantized_8bit,fbcnn_dpir,textured_quartile,image_gradient,0.75,0.0016922866132086,0.0007918953603650151,0.36588541666666663,0.05859375,0.0
quantized_8bit,fbcnn_dpir,textured_quartile,image_gradient,0.9,0.001803799090847058,0.0008222261153199037,0.3971861471861472,0.06277056277056277,0.0
quantized_8bit,fbcnn_dpir,textured_quartile,image_gradient,1.0,0.0019074637321917604,0.0008533812837830886,0.41796875,0.0693359375,0.0
quantized_8bit,fbcnn_dpir,textured_quartile,image_transform_spread_detail,0.5,0.001420054071299759,0.0006518806664898363,0.30859375,0.01953125,0.0
quantized_8bit,fbcnn_dpir,textured_quartile,image_transform_spread_detail,0.75,0.0016284126016674469,0.0007426198437528134,0.35026041666666663,0.04557291666666667,0.0
quantized_8bit,fbcnn_dpir,textured_quartile,image_transform_spread_detail,0.9,0.0018053401177937965,0.0008148255779736797,0.3971861471861472,0.06168831168831169,0.0
quantized_8bit,fbcnn_dpir,textured_quartile,image_transform_spread_detail,1.0,0.0019074637321917604,0.0008533812837830886,0.41796875,0.0693359375,0.0
quantized_8bit,fbcnn_dpir,textured_quartile,measurement_residual,0.5,0.0017924351981560773,0.0008149753479507337,0.40625,0.068359375,0.0
quantized_8bit,fbcnn_dpir,textured_quartile,measurement_residual,0.75,0.0018325140461237293,0.0008316686832651773,0.41015625,0.06770833333333333,0.0
quantized_8bit,fbcnn_dpir,textured_quartile,measurement_residual,0.9,0.001884497854020568,0.000851242561809018,0.41774891774891776,0.07034632034632035,0.0
quantized_8bit,fbcnn_dpir,textured_quartile,measurement_residual,1.0,0.0019074637321917604,0.0008533812837830887,0.41796875,0.0693359375,0.0
quantized_8bit,fbcnn_dpir,textured_quartile,operator_spread_detail,0.5,0.0012773235587272792,0.0005930078687239624,0.265625,0.025390625,0.0
quantized_8bit,fbcnn_dpir,textured_quartile,operator_spread_detail,0.75,0.0014997338452445335,0.0006903216691477069,0.3216145833333333,0.03515625,0.0
quantized_8bit,fbcnn_dpir,textured_quartile,operator_spread_detail,0.9,0.0016847301409908101,0.0007649787562346351,0.37554112554112556,0.049783549783549784,0.0
quantized_8bit,fbcnn_dpir,textured_quartile,operator_spread_detail,1.0,0.0019074637321917604,0.0008533812837830887,0.41796875,0.0693359375,0.0
quantized_8bit,fbcnn_dpir,textured_quartile,operator_spread_rgb,0.5,0.0013516551129450745,0.0006492527646799223,0.28515625,0.03515625,0.0
quantized_8bit,fbcnn_dpir,textured_quartile,operator_spread_rgb,0.75,0.0015171078983760747,0.0007049698399902628,0.3372395833333333,0.036458333333333336,0.0
quantized_8bit,fbcnn_dpir,textured_quartile,operator_spread_rgb,0.9,0.0017025350914789583,0.0007801008602005841,0.38311688311688313,0.05411255411255411,0.0
quantized_8bit,fbcnn_dpir,textured_quartile,operator_spread_rgb,1.0,0.0019074637321917606,0.0008533812837830887,0.41796875,0.0693359375,0.0
quantized_8bit,fbcnn_dpir,textured_quartile,oracle_detail_error,0.5,0.0011675353272936977,0.0004840621328787196,0.2421875,0.0,0.0
quantized_8bit,fbcnn_dpir,textured_quartile,oracle_detail_error,0.75,0.0014384568240507385,0.0006240445585711437,0.2513020833333333,0.006510416666666667,0.0
quantized_8bit,fbcnn_dpir,textured_quartile,oracle_detail_error,0.9,0.001660066554829447,0.0007316607512242111,0.35497835497835495,0.047619047619047616,0.0
quantized_8bit,fbcnn_dpir,textured_quartile,oracle_detail_error,1.0,0.0019074637321917604,0.0008533812837830887,0.41796875,0.0693359375,0.0
quantized_8bit,fbcnn_dpir,textured_quartile,random_expected,0.5,0.0019074637321917606,0.0008533812837830886,0.41796875,0.0693359375,0.0
quantized_8bit,fbcnn_dpir,textured_quartile,random_expected,0.75,0.0019074637321917606,0.0008533812837830886,0.41796875,0.0693359375,0.0
quantized_8bit,fbcnn_dpir,textured_quartile,random_expected,0.9,0.0019074637321917606,0.0008533812837830886,0.41796875,0.0693359375,0.0
quantized_8bit,fbcnn_dpir,textured_quartile,random_expected,1.0,0.0019074637321917606,0.0008533812837830886,0.41796875,0.0693359375,0.0
